from_bus,to_bus,Yff_r,Yff_i,Yft_r,Yft_i,Ytf_r,Ytf_i,Ytt_r,Ytt_i,rate_a
0.0,63.0,4.0027575,-27.344038,-4.0027575,27.347082,-4.0027575,27.347082,4.0027575,-27.344038,221.0
0.0,63.0,4.0027575,-27.344038,-4.0027575,27.347082,-4.0027575,27.347082,4.0027575,-27.344038,221.0
0.0,70.0,5.3876047,-34.775238,-5.3876047,34.777916,-5.3876047,34.777916,5.3876047,-34.775238,221.0
0.0,70.0,5.3876047,-34.775238,-5.3876047,34.777916,-5.3876047,34.777916,5.3876047,-34.775238,221.0
1.0,6.0,0.34703404,-2.0521755,-0.34703404,2.0838554,-0.34703404,2.0838554,0.34703404,-2.0521755,98.0
9.0,1.0,2.5826907,-6.303635,-2.5826907,6.3125205,-2.5826907,6.3125205,2.5826907,-6.303635,98.0
21.0,2.0,11.322863,-46.970665,-11.322863,46.97237,-11.322863,46.97237,11.322863,-46.970665,221.0
54.0,2.0,9.379656,-22.534828,-9.379656,22.537394,-9.379656,22.537394,9.379656,-22.534828,98.0
3.0,356.0,4.576958,-32.66506,-4.576958,32.69256,-4.576958,32.69256,4.576958,-32.66506,523.0
24.0,4.0,2.6018028,-11.590507,-2.6018028,11.596526,-2.6018028,11.596526,2.6018028,-11.590507,149.0
4.0,60.0,9.174373,-38.0432,-9.174373,38.04531,-9.174373,38.04531,9.174373,-38.0432,221.0
66.0,4.0,8.383851,-20.484041,-8.383851,20.48678,-8.383851,20.48678,8.383851,-20.484041,98.0
6.0,14.0,0.43353826,-2.578029,-0.43353826,2.6033888,-0.43353826,2.6033888,0.43353826,-2.578029,98.0
30.0,6.0,0.61918813,-3.5160928,-0.61918813,3.5367076,-0.61918813,3.5367076,0.61918813,-3.5160928,98.0
7.0,31.0,3.1853533,-7.7788997,-3.1853533,7.7861047,-3.1853533,7.7861047,3.1853533,-7.7788997,98.0
7.0,68.0,5.992224,-26.189753,-5.992224,26.192518,-5.992224,26.192518,5.992224,-26.189753,149.0
9.0,14.0,0.57368684,-3.4260056,-0.57368684,3.4451704,-0.57368684,3.4451704,0.57368684,-3.4260056,98.0
9.0,29.0,0.43805826,-2.605383,-0.43805826,2.630483,-0.43805826,2.630483,0.43805826,-2.605383,98.0
11.0,86.0,1.112955,-4.599797,-1.112955,4.6171618,-1.112955,4.6171618,1.112955,-4.599797,149.0
274.0,11.0,0.869824,-3.7858126,-0.869824,3.8048327,-0.869824,3.8048327,0.869824,-3.7858126,149.0
12.0,30.0,0.5983684,-3.5750203,-0.5983684,3.5933952,-0.5983684,3.5933952,0.5983684,-3.5750203,98.0
46.0,12.0,2.4716492,-15.959401,-2.4716492,15.965236,-2.4716492,15.965236,2.4716492,-15.959401,221.0
85.0,12.0,1.8147373,-4.423354,-1.8147373,4.435999,-1.8147373,4.435999,1.8147373,-4.423354,98.0
13.0,46.0,1.5398647,-6.3757725,-1.5398647,6.3883224,-1.5398647,6.3883224,1.5398647,-6.3757725,149.0
13.0,82.0,1.1679024,-5.1910815,-1.1679024,5.2044916,-1.1679024,5.2044916,1.1679024,-5.1910815,149.0
15.0,33.0,1.4764062,-8.857453,-1.4764062,8.864899,-1.4764062,8.864899,1.4764062,-8.857453,98.0
67.0,15.0,1.0727268,-6.114597,-1.0727268,6.126497,-1.0727268,6.126497,1.0727268,-6.114597,98.0
17.0,16.0,4.4437838,-10.855734,-4.4437838,10.860899,-4.4437838,10.860899,4.4437838,-10.855734,98.0
16.0,28.0,1.5314682,-6.687244,-1.5314682,6.698049,-1.5314682,6.698049,1.5314682,-6.687244,149.0
36.0,16.0,6.372121,-28.400936,-6.372121,28.40339,-6.372121,28.40339,6.372121,-28.400936,221.0
46.0,16.0,1.4044944,-6.0741425,-1.4044944,6.0861425,-1.4044944,6.0861425,1.4044944,-6.0741425,150.0
23.0,17.0,2.464629,-14.801336,-2.464629,14.805797,-2.464629,14.805797,2.464629,-14.801336,98.0
18.0,39.0,1.1031718,-4.558937,-1.1031718,4.576457,-1.1031718,4.576457,1.1031718,-4.558937,149.0
18.0,44.0,9.4213,-23.024656,-9.4213,23.027092,-9.4213,23.027092,9.4213,-23.024656,221.0
18.0,70.0,5.4769964,-34.850914,-5.4769964,34.853615,-5.4769964,34.853615,5.4769964,-34.850914,225.0
70.0,18.0,5.4769964,-34.850914,-5.4769964,34.853615,-5.4769964,34.853615,5.4769964,-34.850914,225.0
18.0,83.0,1.1320754,-6.0252357,-1.1320754,6.037736,-1.1320754,6.037736,1.1320754,-6.0252357,220.0
24.0,19.0,6.6357107,-27.517653,-6.6357107,27.520569,-6.6357107,27.520569,6.6357107,-27.517653,149.0
83.0,19.0,2.5585916,-15.349673,-2.5585916,15.353973,-2.5585916,15.353973,2.5585916,-15.349673,221.0
19.0,282.0,4.776092,-15.159198,-4.776092,15.162198,-4.776092,15.162198,4.776092,-15.159198,300.0
19.0,353.0,2.0273628,-14.116663,-2.0273628,14.122333,-2.0273628,14.122333,2.0273628,-14.116663,221.0
21.0,27.0,1.6345106,-10.545346,-1.6345106,10.554172,-1.6345106,10.554172,1.6345106,-10.545346,221.0
21.0,27.0,1.6345106,-10.545346,-1.6345106,10.554172,-1.6345106,10.554172,1.6345106,-10.545346,221.0
23.0,89.0,3.3886764,-15.100634,-3.3886764,15.105253,-3.3886764,15.105253,3.3886764,-15.100634,149.0
26.0,44.0,1.9828882,-8.664911,-1.9828882,8.673256,-1.9828882,8.673256,1.9828882,-8.664911,221.0
55.0,26.0,4.5925736,-11.222604,-4.5925736,11.227599,-4.5925736,11.227599,4.5925736,-11.222604,250.0
27.0,332.0,11.571292,-50.690563,-11.571292,50.691994,-11.571292,50.691994,11.571292,-50.690563,250.0
28.0,55.0,1.4476798,-8.260721,-1.4476798,8.269536,-1.4476798,8.269536,1.4476798,-8.260721,221.0
29.0,37.0,0.40177107,-2.2627857,-0.40177107,2.2945557,-0.40177107,2.2945557,0.40177107,-2.2627857,98.0
82.0,29.0,0.4550454,-2.5707974,-0.4550454,2.5988474,-0.4550454,2.5988474,0.4550454,-2.5707974,98.0
31.0,35.0,1.3794616,-8.275852,-1.3794616,8.283822,-1.3794616,8.283822,1.3794616,-8.275852,98.0
37.0,31.0,3.1858406,-7.780111,-3.1858406,7.7876105,-3.1858406,7.7876105,3.1858406,-7.780111,155.0
32.0,80.0,3.0927835,-31.929262,-3.0927835,31.958763,-3.0927835,31.958763,3.0927835,-31.929262,548.0
32.0,273.0,0.7437447,-7.145926,-0.7437447,7.276926,-0.7437447,7.276926,0.7437447,-7.145926,647.0
66.0,33.0,3.3982396,-20.390476,-3.3982396,20.393711,-3.3982396,20.393711,3.3982396,-20.390476,98.0
87.0,35.0,1.44064,-8.218485,-1.44064,8.2273445,-1.44064,8.2273445,1.44064,-8.218485,98.0
36.0,70.0,3.5023754,-22.60688,-3.5023754,22.611,-3.5023754,22.611,3.5023754,-22.60688,300.0
81.0,37.0,4.2993445,-19.156393,-4.2993445,19.160038,-4.2993445,19.160038,4.2993445,-19.156393,149.0
82.0,37.0,3.8461537,-19.22727,-3.8461537,19.23077,-3.8461537,19.23077,3.8461537,-19.22727,221.0
39.0,89.0,1.6028224,-7.132993,-1.6028224,7.1427684,-1.6028224,7.1427684,1.6028224,-7.132993,149.0
64.0,40.0,7.716597,-44.03892,-7.716597,44.040577,-7.716597,44.040577,7.716597,-44.03892,98.0
40.0,66.0,12.597232,-55.19572,-12.597232,55.197033,-12.597232,55.197033,12.597232,-55.19572,149.0
43.0,242.0,1.2424248,-5.5253177,-1.2424248,5.537923,-1.2424248,5.537923,1.2424248,-5.5253177,149.0
353.0,43.0,0.7389845,-5.1335244,-0.7389845,5.1490793,-0.7389845,5.1490793,0.7389845,-5.1335244,221.0
44.0,63.0,3.7096379,-25.821424,-3.7096379,25.824524,-3.7096379,25.824524,3.7096379,-25.821424,221.0
86.0,45.0,1.522556,-6.6492667,-1.522556,6.660132,-1.522556,6.660132,1.522556,-6.6492667,149.0
45.0,232.0,0.9713811,-4.0095963,-0.9713811,4.0294967,-0.9713811,4.0294967,0.9713811,-4.0095963,149.0
46.0,84.0,2.4716492,-15.959401,-2.4716492,15.965236,-2.4716492,15.965236,2.4716492,-15.959401,221.0
52.0,80.0,3.30033,-32.9733,-3.30033,33.0033,-3.30033,33.0033,3.30033,-32.9733,548.0
53.0,55.0,2.2551427,-9.858146,-2.2551427,9.86548,-2.2551427,9.86548,2.2551427,-9.858146,149.0
88.0,53.0,1.6408849,-3.997051,-1.6408849,4.011031,-1.6408849,4.011031,1.6408849,-3.997051,98.0
54.0,88.0,2.8773012,-7.025877,-2.8773012,7.033852,-2.8773012,7.033852,2.8773012,-7.025877,98.0
55.0,60.0,1.3123906,-7.4848533,-1.3123906,7.4945784,-1.3123906,7.4945784,1.3123906,-7.4848533,150.0
55.0,64.0,1.3103352,-7.4757442,-1.3103352,7.4854846,-1.3103352,7.4854846,1.3103352,-7.4757442,250.0
68.0,57.0,2.72845,-19.002758,-2.72845,19.006973,-2.72845,19.006973,2.72845,-19.002758,221.0
68.0,57.0,2.72845,-19.002758,-2.72845,19.006973,-2.72845,19.006973,2.72845,-19.002758,221.0
57.0,86.0,1.283995,-8.934115,-1.283995,8.94307,-1.283995,8.94307,1.283995,-8.934115,221.0
57.0,86.0,1.283995,-8.934115,-1.283995,8.94307,-1.283995,8.94307,1.283995,-8.934115,221.0
60.0,265.0,1.529052,-5.08284,-1.529052,5.09684,-1.529052,5.09684,1.529052,-5.08284,221.0
87.0,67.0,1.003749,-5.721396,-1.003749,5.7341113,-1.003749,5.7341113,1.003749,-5.721396,98.0
81.0,68.0,2.2448146,-9.993318,-2.2448146,10.000298,-2.2448146,10.000298,2.2448146,-9.993318,149.0
271.0,78.0,5.734704,-65.65966,-5.734704,66.16966,-5.734704,66.16966,5.734704,-65.65966,2300.0
271.0,78.0,5.734704,-65.65966,-5.734704,66.16966,-5.734704,66.16966,5.734704,-65.65966,2300.0
78.0,684.0,3.30033,-31.9783,-3.30033,33.0033,-3.30033,33.0033,3.30033,-31.9783,2300.0
80.0,281.0,1.1369585,-11.0342045,-1.1369585,11.119704,-1.1369585,11.119704,1.1369585,-11.0342045,548.0
83.0,353.0,2.3397472,-10.419968,-2.3397472,10.426662,-2.3397472,10.426662,2.3397472,-10.419968,221.0
84.0,85.0,1.4641396,-6.3934474,-1.4641396,6.404747,-1.4641396,6.404747,1.4641396,-6.3934474,149.0
89.0,84.0,1.0395304,-7.089839,-1.0395304,7.1015687,-1.0395304,7.1015687,1.0395304,-7.089839,221.0
119.0,90.0,1.2587007,-5.5074434,-1.2587007,5.5473433,-1.2587007,5.5473433,1.2587007,-5.5074434,187.0
90.0,138.0,2.2318308,-9.815671,-2.2318308,9.838171,-2.2318308,9.838171,2.2318308,-9.815671,187.0
188.0,90.0,8.828453,-38.925564,-8.828453,38.931248,-8.828453,38.931248,8.828453,-38.925564,187.0
112.0,91.0,5.8378496,-25.715508,-5.8378496,25.724113,-5.8378496,25.724113,5.8378496,-25.715508,187.0
117.0,91.0,5.4847646,-23.318754,-5.4847646,23.328915,-5.4847646,23.328915,5.4847646,-23.318754,187.0
111.0,92.0,6.9782467,-84.140144,-6.9782467,84.530304,-6.9782467,84.530304,6.9782467,-84.140144,2295.0
92.0,191.0,22.486418,-268.2634,-22.486418,268.38626,-22.486418,268.38626,22.486418,-268.2634,2020.0
128.0,93.0,8.028022,-47.003117,-8.028022,47.008278,-8.028022,47.008278,8.028022,-47.003117,251.0
93.0,137.0,13.039118,-99.295296,-13.039118,99.2979,-13.039118,99.2979,13.039118,-99.295296,310.0
97.0,204.0,3.1826367,-18.64915,-3.1826367,18.662151,-3.1826367,18.662151,3.1826367,-18.64915,251.0
97.0,212.0,6.0872827,-25.874168,-6.0872827,25.883324,-6.0872827,25.883324,6.0872827,-25.874168,187.0
104.0,98.0,2.1725972,-9.553477,-2.1725972,9.576592,-2.1725972,9.576592,2.1725972,-9.553477,187.0
98.0,142.0,2.609388,-11.479018,-2.609388,11.498268,-2.609388,11.498268,2.609388,-11.479018,187.0
99.0,139.0,2.3097324,-13.523458,-2.3097324,13.541372,-2.3097324,13.541372,2.3097324,-13.523458,251.0
99.0,172.0,7.1275487,-30.306086,-7.1275487,30.3139,-7.1275487,30.3139,7.1275487,-30.306086,187.0
199.0,99.0,7.2235036,-30.71958,-7.2235036,30.72729,-7.2235036,30.72729,7.2235036,-30.71958,250.0
151.0,100.0,2.0079324,-8.82339,-2.0079324,8.848405,-2.0079324,8.848405,2.0079324,-8.82339,187.0
100.0,169.0,2.3758307,-10.449345,-2.3758307,10.470485,-2.3758307,10.470485,2.3758307,-10.449345,187.0
100.0,181.0,2.1286237,-9.027179,-2.1286237,9.053354,-2.1286237,9.053354,2.1286237,-9.027179,187.0
217.0,101.0,6.2793875,-75.55808,-6.2793875,75.99222,-6.2793875,75.99222,6.2793875,-75.55808,2020.0
102.0,131.0,4.204911,-17.877048,-4.204911,17.890293,-4.204911,17.890293,4.204911,-17.877048,187.0
102.0,142.0,2.4377136,-10.724522,-2.4377136,10.745122,-2.4377136,10.745122,2.4377136,-10.724522,187.0
183.0,102.0,4.756372,-20.956308,-4.756372,20.966864,-4.756372,20.966864,4.756372,-20.956308,187.0
102.0,213.0,5.269311,-22.390615,-5.269311,22.40119,-5.269311,22.40119,5.269311,-22.390615,251.0
104.0,119.0,2.8169935,-11.963433,-2.8169935,11.983208,-2.8169935,11.983208,2.8169935,-11.963433,187.0
105.0,127.0,5.6802287,-25.025017,-5.6802287,25.033863,-5.6802287,25.033863,5.6802287,-25.025017,187.0
578.0,105.0,5.0912046,-22.437002,-5.0912046,22.446861,-5.0912046,22.446861,5.0912046,-22.437002,187.0
133.0,106.0,8.253714,-36.377064,-8.253714,36.38315,-8.253714,36.38315,8.253714,-36.377064,187.0
159.0,106.0,5.820147,-25.66238,-5.820147,25.671005,-5.820147,25.671005,5.820147,-25.66238,187.0
107.0,186.0,2.6697245,-31.355188,-2.6697245,32.374367,-2.6697245,32.374367,2.6697245,-31.355188,2020.0
107.0,217.0,7.5649266,-91.52488,-7.5649266,91.88411,-7.5649266,91.88411,7.5649266,-91.52488,2020.0
108.0,183.0,4.2109923,-18.544678,-4.2109923,18.556608,-4.2109923,18.556608,4.2109923,-18.544678,187.0
135.0,110.0,31.319319,-176.93652,-31.319319,176.938,-31.319319,176.938,31.319319,-176.93652,310.0
145.0,110.0,18.08703,-131.92682,-18.08703,131.92892,-18.08703,131.92892,18.08703,-131.92682,409.0
203.0,111.0,64.61618,-801.1996,-64.61618,801.2406,-64.61618,801.2406,64.61618,-801.1996,2020.0
112.0,130.0,2.3715441,-10.067666,-2.3715441,10.091151,-2.3715441,10.091151,2.3715441,-10.067666,187.0
154.0,112.0,5.4324017,-30.716711,-5.4324017,30.725197,-5.4324017,30.725197,5.4324017,-30.716711,251.0
115.0,145.0,21.195108,-93.624725,-21.195108,93.62709,-21.195108,93.62709,21.195108,-93.624725,187.0
157.0,115.0,15.384698,-67.94178,-15.384698,67.94504,-15.384698,67.94504,15.384698,-67.94178,187.0
148.0,116.0,2.1167903,-8.97624,-2.1167903,9.00256,-2.1167903,9.00256,2.1167903,-8.97624,187.0
218.0,116.0,4.0587835,-17.870485,-4.0587835,17.88286,-4.0587835,17.88286,4.0587835,-17.870485,187.0
117.0,180.0,2.8952827,-12.739347,-2.8952827,12.756698,-2.8952827,12.756698,2.8952827,-12.739347,187.0
118.0,135.0,7.782335,-45.638184,-7.782335,45.6435,-7.782335,45.6435,7.782335,-45.638184,251.0
118.0,199.0,4.775852,-21.029297,-4.775852,21.039818,-4.775852,21.039818,4.775852,-21.029297,250.0
202.0,118.0,7.6777716,-44.958466,-7.6777716,44.96386,-7.6777716,44.96386,7.6777716,-44.958466,310.0
120.0,196.0,4.1517134,-18.280067,-4.1517134,18.292168,-4.1517134,18.292168,4.1517134,-18.280067,187.0
212.0,120.0,3.8374286,-22.48269,-3.8374286,22.493475,-3.8374286,22.493475,3.8374286,-22.48269,251.0
121.0,138.0,2.0423825,-8.975345,-2.0423825,8.99994,-2.0423825,8.99994,2.0423825,-8.975345,187.0
121.0,177.0,2.406365,-10.211357,-2.406365,10.234511,-2.406365,10.234511,2.406365,-10.211357,187.0
122.0,204.0,4.464619,-19.662376,-4.464619,19.673628,-4.464619,19.673628,4.464619,-19.662376,187.0
212.0,122.0,3.4625275,-15.246083,-3.4625275,15.260589,-3.4625275,15.260589,3.4625275,-15.246083,187.0
219.0,123.0,9.399837,-41.37554,-9.399837,41.38089,-9.399837,41.38089,9.399837,-41.37554,187.0
123.0,852.0,5.6610065,-24.072388,-5.6610065,24.082228,-5.6610065,24.082228,5.6610065,-24.072388,187.0
124.0,133.0,11.9345045,-50.750954,-11.9345045,50.755627,-11.9345045,50.755627,11.9345045,-50.750954,187.0
136.0,124.0,11.166592,-47.54847,-11.166592,47.553455,-11.166592,47.553455,11.166592,-47.54847,187.0
125.0,156.0,2.0037801,-11.726524,-2.0037801,11.747179,-2.0037801,11.747179,2.0037801,-11.726524,251.0
125.0,181.0,1.6297851,-9.181764,-1.6297851,9.210079,-1.6297851,9.210079,1.6297851,-9.181764,251.0
126.0,145.0,24.186613,-103.014755,-24.186613,103.01706,-24.186613,103.01706,24.186613,-103.014755,300.0
126.0,172.0,22.228397,-94.46818,-22.228397,94.47069,-22.228397,94.47069,22.228397,-94.46818,250.0
127.0,155.0,6.807094,-39.91794,-6.807094,39.924015,-6.807094,39.924015,6.807094,-39.91794,251.0
200.0,127.0,9.2273855,-54.03733,-9.2273855,54.04182,-9.2273855,54.04182,9.2273855,-54.03733,251.0
171.0,128.0,4.4203634,-25.91791,-4.4203634,25.927265,-4.4203634,25.927265,4.4203634,-25.91791,251.0
129.0,176.0,5.791777,-25.523129,-5.791777,25.531797,-5.791777,25.531797,5.791777,-25.523129,187.0
849.0,129.0,4.9740734,-29.136772,-4.9740734,29.145096,-4.9740734,29.145096,4.9740734,-29.136772,251.0
129.0,1019.0,7.6344204,-44.710464,-7.6344204,44.71589,-7.6344204,44.71589,7.6344204,-44.710464,251.0
130.0,204.0,2.2431035,-9.51628,-2.2431035,9.541115,-2.2431035,9.541115,2.2431035,-9.51628,187.0
211.0,130.0,5.482281,-24.139854,-5.482281,24.14902,-5.482281,24.14902,5.482281,-24.139854,187.0
131.0,148.0,3.8497036,-16.363758,-3.8497036,16.378223,-3.8497036,16.378223,3.8497036,-16.363758,187.0
155.0,134.0,4.801215,-21.136513,-4.801215,21.146978,-4.801215,21.146978,4.801215,-21.136513,187.0
134.0,192.0,3.3457086,-14.722085,-3.3457086,14.737104,-3.3457086,14.737104,3.3457086,-14.722085,187.0
153.0,136.0,8.367198,-47.270306,-8.367198,47.27582,-8.367198,47.27582,8.367198,-47.270306,251.0
182.0,137.0,7.528153,-44.10227,-7.528153,44.10777,-7.528153,44.10777,7.528153,-44.10227,251.0
169.0,138.0,1.6635977,-7.300597,-1.6635977,7.3307924,-1.6635977,7.3307924,1.6635977,-7.300597,187.0
139.0,151.0,3.097453,-18.153616,-3.097453,18.16697,-3.097453,18.16697,3.097453,-18.153616,251.0
180.0,140.0,2.0602248,-9.05465,-2.0602248,9.079031,-2.0602248,9.079031,2.0602248,-9.05465,187.0
140.0,832.0,4.118372,-17.495207,-4.118372,17.508741,-4.118372,17.508741,4.118372,-17.495207,187.0
170.0,141.0,4.3960385,-24.826164,-4.3960385,24.836664,-4.3960385,24.836664,4.3960385,-24.826164,251.0
141.0,202.0,3.4771893,-19.639023,-3.4771893,19.652292,-3.4771893,19.652292,3.4771893,-19.639023,310.0
849.0,143.0,4.007104,-22.644243,-4.007104,22.655752,-4.007104,22.655752,4.007104,-22.644243,251.0
143.0,926.0,2.5306354,-14.814341,-2.5306354,14.830701,-2.5306354,14.830701,2.5306354,-14.814341,251.0
217.0,144.0,11.232131,-13.485806,-11.232131,14.635807,-11.232131,14.635807,11.232131,-13.485806,2020.0
144.0,800.0,8.427786,-101.96972,-8.427786,102.29225,-8.427786,102.29225,8.427786,-101.96972,2020.0
213.0,148.0,9.339338,-41.166134,-9.339338,41.17151,-9.339338,41.17151,9.339338,-41.166134,187.0
150.0,154.0,4.656325,-27.27043,-4.656325,27.279325,-4.656325,27.279325,4.656325,-27.27043,251.0
700.0,150.0,6.716372,-39.366776,-6.716372,39.372936,-6.716372,39.372936,6.716372,-39.366776,251.0
182.0,153.0,6.9170914,-40.532566,-6.9170914,40.53855,-6.9170914,40.53855,6.9170914,-40.532566,251.0
216.0,155.0,4.2615414,-24.080053,-4.2615414,24.090878,-4.2615414,24.090878,4.2615414,-24.080053,251.0
163.0,156.0,2.6022708,-15.236227,-2.6022708,15.252131,-2.6022708,15.252131,2.6022708,-15.236227,251.0
158.0,157.0,2.8426745,-16.647226,-2.8426745,16.661787,-2.8426745,16.661787,2.8426745,-16.647226,251.0
158.0,178.0,20.914377,-122.695694,-20.914377,122.69768,-20.914377,122.69768,20.914377,-122.695694,251.0
159.0,162.0,5.0712256,-29.736359,-5.0712256,29.744514,-5.0712256,29.744514,5.0712256,-29.736359,251.0
159.0,638.0,4.8050995,-21.15553,-4.8050995,21.16599,-4.8050995,21.16599,4.8050995,-21.15553,187.0
178.0,160.0,12.059935,-70.61133,-12.059935,70.61476,-12.059935,70.61476,12.059935,-70.61133,251.0
160.0,801.0,7.1926403,-30.612923,-7.1926403,30.620663,-7.1926403,30.620663,7.1926403,-30.612923,245.0
162.0,192.0,3.3652194,-19.718302,-3.3652194,19.730602,-3.3652194,19.730602,3.3652194,-19.718302,251.0
177.0,163.0,2.5661805,-11.290185,-2.5661805,11.309754,-2.5661805,11.309754,2.5661805,-11.290185,187.0
163.0,302.0,2.0530956,-12.016621,-2.0530956,12.036776,-2.0530956,12.036776,2.0530956,-12.016621,251.0
165.0,164.0,0.15139602,-3.4053068,-0.15139602,3.4053068,-0.15139602,3.4053068,0.15139602,-3.4053068,19.0
338.0,164.0,5.712287,-32.645683,-5.712287,32.64792,-5.712287,32.64792,5.712287,-32.645683,221.0
167.0,200.0,12.969953,-76.03167,-12.969953,76.03486,-12.969953,76.03486,12.969953,-76.03167,310.0
167.0,223.0,9.2273855,-54.03733,-9.2273855,54.04182,-9.2273855,54.04182,9.2273855,-54.03733,251.0
176.0,170.0,3.6604323,-16.116251,-3.6604323,16.129976,-3.6604323,16.129976,3.6604323,-16.116251,187.0
223.0,170.0,2.2887518,-13.395922,-2.2887518,13.414012,-2.2887518,13.414012,2.2887518,-13.395922,251.0
171.0,219.0,4.1633754,-17.703327,-4.1633754,17.716702,-4.1633754,17.716702,4.1633754,-17.703327,187.0
180.0,211.0,2.9701052,-12.6164055,-2.9701052,12.63516,-2.9701052,12.63516,2.9701052,-12.6164055,187.0
186.0,958.0,3.30033,-32.0033,-3.30033,33.0033,-3.30033,33.0033,3.30033,-32.0033,2300.0
187.0,319.0,1.6774628,-17.350702,-1.6774628,17.447456,-1.6774628,17.447456,1.6774628,-17.350702,750.0
191.0,647.0,11.27413,-137.5343,-11.27413,137.77368,-11.27413,137.77368,11.27413,-137.5343,2020.0
192.0,197.0,11.803365,-86.17647,-11.803365,86.179695,-11.803365,86.179695,11.803365,-86.17647,310.0
214.0,196.0,5.8348045,-34.18366,-5.8348045,34.190754,-5.8348045,34.190754,5.8348045,-34.18366,251.0
196.0,219.0,12.359408,-52.552124,-12.359408,52.556633,-12.359408,52.556633,12.359408,-52.552124,187.0
197.0,215.0,2.5916252,-15.184279,-2.5916252,15.200239,-2.5916252,15.200239,2.5916252,-15.184279,251.0
220.0,198.0,5.536187,-23.552422,-5.536187,23.562483,-5.536187,23.562483,5.536187,-23.552422,187.0
1036.0,198.0,3.0220895,-13.307459,-3.0220895,13.324074,-3.0220895,13.324074,3.0220895,-13.307459,187.0
201.0,751.0,3.71471,-16.35204,-3.71471,16.365564,-3.71471,16.365564,3.71471,-16.35204,187.0
201.0,1036.0,2.230633,-9.80608,-2.230633,9.8286,-2.230633,9.8286,2.230633,-9.80608,187.0
613.0,203.0,4.4749227,-91.399025,-4.4749227,91.77813,-4.4749227,91.77813,4.4749227,-91.399025,2768.0
203.0,1965.0,4.0317874,-82.8596,-4.0317874,83.27726,-4.0317874,83.27726,4.0317874,-82.8596,2768.0
1014.0,214.0,5.8499637,-33.05173,-5.8499637,33.05962,-5.8499637,33.05962,5.8499637,-33.05173,251.0
215.0,642.0,4.9921913,-21.989168,-4.9921913,21.999228,-4.9921913,21.999228,4.9921913,-21.989168,187.0
215.0,779.0,8.2922325,-48.605488,-8.2922325,48.61048,-8.2922325,48.61048,8.2922325,-48.605488,251.0
216.0,784.0,7.451746,-43.645985,-7.451746,43.651543,-7.451746,43.651543,7.451746,-43.645985,251.0
217.0,728.0,0.990099,-8.4009905,-0.990099,9.9009905,-0.990099,9.9009905,0.990099,-8.4009905,2768.0
219.0,705.0,6.328391,-37.126648,-6.328391,37.133183,-6.328391,37.133183,6.328391,-37.126648,251.0
222.0,221.0,0.091451205,-3.959539,-0.091451205,3.959539,-0.091451205,3.959539,0.091451205,-3.959539,24.0
244.0,221.0,2.3176506,-10.130824,-2.3176506,10.137964,-2.3176506,10.137964,2.3176506,-10.130824,149.0
224.0,1226.0,1.5886033,-15.45489,-1.5886033,15.51625,-1.5886033,15.51625,1.5886033,-15.45489,548.0
1334.0,224.0,3.0061142,-21.43869,-3.0061142,21.480309,-3.0061142,21.480309,3.0061142,-21.43869,443.0
225.0,330.0,2.3187718,-13.236615,-2.3187718,13.242121,-2.3187718,13.242121,2.3187718,-13.236615,98.0
226.0,326.0,5.1318855,-21.276066,-5.1318855,21.279837,-5.1318855,21.279837,5.1318855,-21.276066,149.0
364.0,226.0,20.020521,-87.58895,-20.020521,87.58978,-20.020521,87.58978,20.020521,-87.58895,149.0
228.0,275.0,1.9675008,-4.7979965,-1.9675008,4.809656,-1.9675008,4.809656,1.9675008,-4.7979965,98.0
349.0,228.0,1.2207916,-7.322373,-1.2207916,7.331378,-1.2207916,7.331378,1.2207916,-7.322373,98.0
229.0,272.0,2.6873477,-11.969739,-2.6873477,11.975569,-2.6873477,11.975569,2.6873477,-11.969739,149.0
368.0,229.0,3.1913416,-13.232172,-3.1913416,13.238227,-3.1913416,13.238227,3.1913416,-13.232172,149.0
230.0,236.0,1.7616197,-7.6955094,-1.7616197,7.7049,-1.7616197,7.7049,1.7616197,-7.6955094,149.0
230.0,360.0,5.515608,-24.57938,-5.515608,24.58222,-5.515608,24.58222,5.515608,-24.57938,149.0
230.0,368.0,1.8939832,-10.808616,-1.8939832,10.815355,-1.8939832,10.815355,1.8939832,-10.808616,98.0
231.0,259.0,1.5360541,-6.359784,-1.5360541,6.3723693,-1.5360541,6.3723693,1.5360541,-6.359784,149.0
363.0,231.0,1.7243975,-7.6756496,-1.7243975,7.6847343,-1.7243975,7.6847343,1.7243975,-7.6756496,250.0
366.0,231.0,3.2657168,-7.9768305,-3.2657168,7.9838552,-3.2657168,7.9838552,3.2657168,-7.9768305,98.0
232.0,247.0,0.9464848,-5.6729393,-0.9464848,5.6845546,-0.9464848,5.6845546,0.9464848,-5.6729393,98.0
369.0,232.0,1.5514104,-6.4242053,-1.5514104,6.4366655,-1.5514104,6.4366655,1.5514104,-6.4242053,149.0
233.0,299.0,0.99772435,-5.9808607,-0.99772435,5.991881,-0.99772435,5.991881,0.99772435,-5.9808607,98.0
316.0,233.0,1.1608329,-6.9605203,-1.1608329,6.9699903,-1.1608329,6.9699903,1.1608329,-6.9605203,98.0
234.0,235.0,1.6398453,-9.357594,-1.6398453,9.365378,-1.6398453,9.365378,1.6398453,-9.357594,98.0
234.0,347.0,1.2344928,-7.040976,-1.2344928,7.051316,-1.2344928,7.051316,1.2344928,-7.040976,98.0
235.0,1275.0,1.6379331,-9.349636,-1.6379331,9.357426,-1.6379331,9.357426,1.6379331,-9.349636,98.0
236.0,300.0,3.242016,-19.456486,-3.242016,19.45988,-3.242016,19.45988,3.242016,-19.456486,98.0
237.0,347.0,1.0984864,-4.7896643,-1.0984864,4.804724,-1.0984864,4.804724,1.0984864,-4.7896643,149.0
1261.0,237.0,3.8951817,-17.367413,-3.8951817,17.371433,-3.8951817,17.371433,3.8951817,-17.367413,149.0
238.0,344.0,5.128468,-30.768663,-5.128468,30.77081,-5.128468,30.77081,5.128468,-30.768663,98.0
238.0,350.0,2.5884128,-14.786,-2.5884128,14.79093,-2.5884128,14.79093,2.5884128,-14.786,98.0
238.0,351.0,3.59247,-21.556538,-3.59247,21.559597,-3.59247,21.559597,3.59247,-21.556538,98.0
239.0,306.0,3.2327209,-18.470757,-3.2327209,18.4747,-3.2327209,18.4747,3.2327209,-18.470757,221.0
239.0,326.0,6.2227216,-25.803923,-6.2227216,25.807028,-6.2227216,25.807028,6.2227216,-25.803923,149.0
239.0,354.0,3.808014,-9.302116,-3.808014,9.308142,-3.808014,9.308142,3.808014,-9.302116,98.0
362.0,239.0,1.8760442,-7.7726827,-1.8760442,7.7829876,-1.8760442,7.7829876,1.8760442,-7.7726827,221.0
241.0,273.0,0.74225396,-7.12533,-0.74225396,7.25653,-0.74225396,7.25653,0.74225396,-7.12533,548.0
241.0,281.0,1.1394913,-11.046433,-1.1394913,11.131953,-1.1394913,11.131953,1.1394913,-11.046433,548.0
241.0,1260.0,0.7072136,-6.942136,-0.7072136,7.072136,-0.7072136,7.072136,0.7072136,-6.942136,650.0
247.0,242.0,2.1591961,-12.324072,-2.1591961,12.329982,-2.1591961,12.329982,2.1591961,-12.324072,98.0
337.0,242.0,1.9142774,-13.3340025,-1.9142774,13.340007,-1.9142774,13.340007,1.9142774,-13.3340025,221.0
337.0,242.0,1.9142774,-13.3340025,-1.9142774,13.340007,-1.9142774,13.340007,1.9142774,-13.3340025,221.0
272.0,244.0,1.8593146,-12.94567,-1.8593146,12.951855,-1.8593146,12.951855,1.8593146,-12.94567,221.0
961.0,244.0,2.3031623,-10.255657,-2.3031623,10.262457,-2.3031623,10.262457,2.3031623,-10.255657,149.0
256.0,245.0,2.169061,-5.2908397,-2.169061,5.3014197,-2.169061,5.3014197,2.169061,-5.2908397,98.0
308.0,245.0,2.4144368,-13.778344,-2.4144368,13.783634,-2.4144368,13.783634,2.4144368,-13.778344,98.0
272.0,246.0,2.894764,-12.895168,-2.894764,12.9005785,-2.894764,12.9005785,2.894764,-12.895168,149.0
246.0,290.0,1.4740872,-3.5876582,-1.4740872,3.603223,-1.4740872,3.603223,1.4740872,-3.5876582,98.0
246.0,338.0,0.7688694,-4.6030793,-0.7688694,4.6173797,-0.7688694,4.6173797,0.7688694,-4.6030793,98.0
258.0,248.0,2.5689151,-6.269771,-2.5689151,6.278701,-2.5689151,6.278701,2.5689151,-6.269771,98.0
248.0,259.0,1.3692088,-5.666565,-1.3692088,5.68068,-1.3692088,5.68068,1.3692088,-5.666565,149.0
248.0,324.0,1.7679406,-7.7245197,-1.7679406,7.733875,-1.7679406,7.733875,1.7679406,-7.7245197,149.0
249.0,959.0,8.43191,-60.34577,-8.43191,60.360588,-8.43191,60.360588,8.43191,-60.34577,443.0
250.0,325.0,5.987346,-14.378231,-5.987346,14.382251,-5.987346,14.382251,5.987346,-14.378231,221.0
370.0,252.0,2.5046988,-14.30355,-2.5046988,14.308645,-2.5046988,14.308645,2.5046988,-14.30355,250.0
252.0,805.0,4.45399,-18.48044,-4.45399,18.484781,-4.45399,18.484781,4.45399,-18.48044,149.0
253.0,295.0,3.3578088,-19.183136,-3.3578088,19.186937,-3.3578088,19.186937,3.3578088,-19.183136,190.0
337.0,253.0,2.0753617,-8.600377,-2.0753617,8.609693,-2.0753617,8.609693,2.0753617,-8.600377,149.0
277.0,254.0,4.360493,-10.653281,-4.360493,10.658542,-4.360493,10.658542,4.360493,-10.653281,98.0
254.0,293.0,3.841916,-9.386181,-3.841916,9.392151,-3.841916,9.392151,3.841916,-9.386181,150.0
254.0,363.0,2.396315,-10.474229,-2.396315,10.481133,-2.396315,10.481133,2.396315,-10.474229,149.0
255.0,317.0,3.4570448,-24.101118,-3.4570448,24.104439,-3.4570448,24.104439,3.4570448,-24.101118,250.0
322.0,255.0,7.0610795,-30.893648,-7.0610795,30.895988,-7.0610795,30.895988,7.0610795,-30.893648,149.0
359.0,256.0,21.219513,-50.974476,-21.219513,50.97561,-21.219513,50.97561,21.219513,-50.974476,250.0
258.0,289.0,1.7237971,-4.200324,-1.7237971,4.213634,-1.7237971,4.213634,1.7237971,-4.200324,98.0
259.0,289.0,0.86624664,-4.932507,-0.86624664,4.947242,-0.86624664,4.947242,0.86624664,-4.932507,98.0
301.0,260.0,8.270729,-80.90905,-8.270729,80.920815,-8.270729,80.920815,8.270729,-80.90905,548.0
260.0,311.0,1.1579235,-11.231165,-1.1579235,11.315305,-1.1579235,11.315305,1.1579235,-11.231165,548.0
261.0,303.0,3.8769708,-22.127747,-3.8769708,22.131042,-3.8769708,22.131042,3.8769708,-22.127747,98.0
308.0,261.0,5.7421756,-34.438946,-5.7421756,34.44086,-5.7421756,34.44086,5.7421756,-34.438946,250.0
295.0,263.0,2.4886105,-10.317825,-2.4886105,10.32559,-2.4886105,10.32559,2.4886105,-10.317825,149.0
362.0,263.0,2.4954865,-11.111748,-2.4954865,11.118028,-2.4954865,11.118028,2.4954865,-11.111748,250.0
264.0,269.0,7.568175,-48.79777,-7.568175,48.826935,-7.568175,48.826935,7.568175,-48.79777,820.0
264.0,281.0,5.529202,-39.510384,-5.529202,39.532997,-5.529202,39.532997,5.529202,-39.510384,750.0
265.0,287.0,2.2345517,-9.949553,-2.2345517,9.956563,-2.2345517,9.956563,2.2345517,-9.949553,221.0
334.0,265.0,4.4371624,-19.764624,-4.4371624,19.768154,-4.4371624,19.768154,4.4371624,-19.764624,221.0
269.0,301.0,3.2753053,-31.99778,-3.2753053,32.027508,-3.2753053,32.027508,3.2753053,-31.99778,820.0
305.0,269.0,3.303844,-32.291218,-3.303844,32.32067,-3.303844,32.32067,3.303844,-32.291218,750.0
270.0,287.0,6.187805,-20.337524,-6.187805,20.339754,-6.187805,20.339754,6.187805,-20.337524,221.0
352.0,270.0,6.7739344,-16.5569,-6.7739344,16.560286,-6.7739344,16.560286,6.7739344,-16.5569,221.0
271.0,609.0,6.462605,-76.06124,-6.462605,76.37624,-6.462605,76.37624,6.462605,-76.06124,2295.0
271.0,609.0,6.462605,-76.06124,-6.462605,76.37624,-6.462605,76.37624,6.462605,-76.06124,2295.0
271.0,609.0,6.462605,-76.06124,-6.462605,76.37624,-6.462605,76.37624,6.462605,-76.06124,2295.0
271.0,684.0,5.734704,-65.65966,-5.734704,66.16966,-5.734704,66.16966,5.734704,-65.65966,2295.0
271.0,958.0,5.734704,-65.65966,-5.734704,66.16966,-5.734704,66.16966,5.734704,-65.65966,2020.0
383.0,273.0,0.6223131,-5.925304,-0.6223131,6.081849,-0.6223131,6.081849,0.6223131,-5.925304,548.0
275.0,316.0,0.72390795,-4.3321476,-0.72390795,4.3473325,-0.72390795,4.3473325,0.72390795,-4.3321476,98.0
275.0,330.0,1.6574672,-9.943256,-1.6574672,9.949891,-1.6574672,9.949891,1.6574672,-9.943256,98.0
281.0,276.0,3.30033,-32.9733,-3.30033,33.0033,-3.30033,33.0033,3.30033,-32.9733,1000.0
305.0,276.0,6.776022,-66.408516,-6.776022,66.42285,-6.776022,66.42285,6.776022,-66.408516,548.0
276.0,311.0,2.746608,-28.528759,-2.746608,28.587818,-2.746608,28.587818,2.746608,-28.528759,750.0
276.0,311.0,2.746608,-28.528759,-2.746608,28.587818,-2.746608,28.587818,2.746608,-28.528759,750.0
282.0,334.0,7.5029445,-18.330496,-7.5029445,18.333555,-7.5029445,18.333555,7.5029445,-18.330496,221.0
287.0,364.0,4.511759,-18.705807,-4.511759,18.710093,-4.511759,18.710093,4.511759,-18.705807,149.0
289.0,365.0,0.97922957,-5.5802135,-0.97922957,5.5932484,-0.97922957,5.5932484,0.97922957,-5.5802135,98.0
290.0,293.0,2.5306058,-14.450637,-2.5306058,14.455682,-2.5306058,14.455682,2.5306058,-14.450637,98.0
290.0,317.0,3.0404518,-13.547626,-3.0404518,13.552775,-3.0404518,13.552775,3.0404518,-13.547626,149.0
290.0,364.0,4.0833516,-18.18532,-4.0833516,18.18916,-4.0833516,18.18916,4.0833516,-18.18532,149.0
292.0,300.0,1.8603791,-10.617894,-1.8603791,10.624754,-1.8603791,10.624754,1.8603791,-10.617894,98.0
292.0,363.0,10.581401,-25.873028,-10.581401,25.875198,-10.581401,25.875198,10.581401,-25.873028,98.0
293.0,354.0,8.429647,-37.553772,-8.429647,37.555634,-8.429647,37.555634,8.429647,-37.553772,149.0
365.0,295.0,1.5188229,-8.667037,-1.5188229,8.675442,-1.5188229,8.675442,1.5188229,-8.667037,98.0
296.0,299.0,1.6275758,-9.769505,-1.6275758,9.776259,-1.6275758,9.776259,1.6275758,-9.769505,98.0
346.0,296.0,2.4549727,-14.013666,-2.4549727,14.018867,-2.4549727,14.018867,2.4549727,-14.013666,98.0
296.0,371.0,0.90505177,-5.1553817,-0.90505177,5.1694818,-0.90505177,5.1694818,0.90505177,-5.1553817,98.0
355.0,298.0,1.8911421,-4.6102133,-1.8911421,4.6223483,-1.8911421,4.6223483,1.8911421,-4.6102133,98.0
298.0,361.0,1.9193612,-4.67956,-1.9193612,4.691515,-1.9193612,4.691515,1.9193612,-4.67956,98.0
300.0,322.0,5.028328,-28.729548,-5.028328,28.732086,-5.028328,28.732086,5.028328,-28.729548,221.0
300.0,354.0,3.1486897,-14.024578,-3.1486897,14.029552,-3.1486897,14.029552,3.1486897,-14.024578,250.0
301.0,356.0,4.5679936,-32.633778,-4.5679936,32.66115,-4.5679936,32.66115,4.5679936,-32.633778,523.0
357.0,302.0,3.635578,-16.007559,-3.635578,16.021374,-3.635578,16.021374,3.635578,-16.007559,187.0
360.0,306.0,6.0255938,-26.359228,-6.0255938,26.361973,-6.0255938,26.361973,6.0255938,-26.359228,149.0
308.0,351.0,20.77019,-50.780502,-20.77019,50.781605,-20.77019,50.781605,20.77019,-50.780502,98.0
959.0,311.0,3.8803039,-40.234657,-3.8803039,40.276573,-3.8803039,40.276573,3.8803039,-40.234657,750.0
959.0,311.0,3.8803039,-40.234657,-3.8803039,40.276573,-3.8803039,40.276573,3.8803039,-40.234657,750.0
313.0,312.0,1.476998,-38.793804,-1.476998,38.793804,-1.476998,38.793804,1.476998,-38.793804,277.0
312.0,898.0,3.0064852,-17.615759,-3.0064852,17.629519,-3.0064852,17.629519,3.0064852,-17.615759,409.0
325.0,314.0,6.7014966,-40.27402,-6.7014966,40.27566,-6.7014966,40.27566,6.7014966,-40.27402,98.0
314.0,348.0,12.690089,-30.480486,-12.690089,30.48238,-12.690089,30.48238,12.690089,-30.480486,98.0
360.0,317.0,7.967704,-19.469303,-7.967704,19.472183,-7.967704,19.472183,7.967704,-19.469303,221.0
356.0,319.0,5.045192,-36.061623,-5.045192,36.086395,-5.045192,36.086395,5.045192,-36.061623,443.0
332.0,320.0,6.217961,-43.29429,-6.217961,43.29614,-6.217961,43.29614,6.217961,-43.29429,340.0
322.0,323.0,2.5650034,-11.42456,-2.5650034,11.430665,-2.5650034,11.430665,2.5650034,-11.42456,250.0
323.0,325.0,1.8822939,-11.036791,-1.8822939,11.04279,-1.8822939,11.04279,1.8822939,-11.036791,98.0
348.0,323.0,3.0661032,-13.405968,-3.0661032,13.411363,-3.0661032,13.411363,3.0661032,-13.405968,149.0
327.0,324.0,2.1329238,-12.173851,-2.1329238,12.179835,-2.1329238,12.179835,2.1329238,-12.173851,98.0
1407.0,324.0,4.276751,-10.447356,-4.276751,10.452722,-4.276751,10.452722,4.276751,-10.447356,98.0
1205.0,327.0,2.6867788,-11.965012,-2.6867788,11.970841,-2.6867788,11.970841,2.6867788,-11.965012,149.0
331.0,370.0,4.177523,-10.205828,-4.177523,10.211317,-4.177523,10.211317,4.177523,-10.205828,98.0
331.0,1114.0,1.4618547,-8.341953,-1.4618547,8.350683,-1.4618547,8.350683,1.4618547,-8.341953,98.0
339.0,338.0,2.5970438,-10.765067,-2.5970438,10.772512,-2.5970438,10.772512,2.5970438,-10.765067,221.0
339.0,359.0,2.3094666,-13.86588,-2.3094666,13.870641,-2.3094666,13.870641,2.3094666,-13.86588,221.0
371.0,342.0,1.2180407,-7.305818,-1.2180407,7.3148427,-1.2180407,7.3148427,1.2180407,-7.305818,98.0
557.0,342.0,1.1017423,-6.280587,-1.1017423,6.2921724,-1.1017423,6.2921724,1.1017423,-6.280587,98.0
344.0,352.0,5.7608514,-23.885458,-5.7608514,23.888813,-5.7608514,23.888813,5.7608514,-23.885458,149.0
344.0,368.0,1.6325866,-7.266425,-1.6325866,7.2760205,-1.6325866,7.2760205,1.6325866,-7.266425,149.0
349.0,346.0,2.4149203,-5.8939548,-2.4149203,5.903455,-2.4149203,5.903455,2.4149203,-5.8939548,98.0
1335.0,347.0,1.7435102,-9.678168,-1.7435102,9.686168,-1.7435102,9.686168,1.7435102,-9.678168,100.0
349.0,1108.0,3.4830515,-8.359476,-3.4830515,8.366386,-3.4830515,8.366386,3.4830515,-8.359476,98.0
364.0,350.0,8.060336,-35.91058,-8.060336,35.912525,-8.060336,35.912525,8.060336,-35.91058,221.0
355.0,367.0,3.393641,-8.288182,-3.393641,8.294942,-3.393641,8.294942,3.393641,-8.288182,98.0
358.0,357.0,0.20135231,-4.451594,-0.20135231,4.451594,-0.20135231,4.451594,0.20135231,-4.451594,200.0
361.0,365.0,1.1740668,-6.693908,-1.1740668,6.704783,-1.1740668,6.704783,1.1740668,-6.693908,98.0
361.0,369.0,1.3520119,-5.901437,-1.3520119,5.913672,-1.3520119,5.913672,1.3520119,-5.901437,149.0
367.0,366.0,3.2125328,-7.8453183,-3.2125328,7.852458,-3.2125328,7.852458,3.2125328,-7.8453183,98.0
372.0,409.0,1.9361918,-12.498523,-1.9361918,12.505973,-1.9361918,12.505973,1.9361918,-12.498523,250.0
472.0,372.0,2.792064,-18.0333,-2.792064,18.038465,-2.792064,18.038465,2.792064,-18.0333,221.0
472.0,372.0,2.792064,-18.0333,-2.792064,18.038465,-2.792064,18.038465,2.792064,-18.0333,221.0
497.0,372.0,1.5579845,-10.845616,-1.5579845,10.852997,-1.5579845,10.852997,1.5579845,-10.845616,221.0
383.0,373.0,1.650165,-16.44415,-1.650165,16.50165,-1.650165,16.50165,1.650165,-16.44415,548.0
482.0,373.0,4.221065,-30.100958,-4.221065,30.130629,-4.221065,30.130629,4.221065,-30.100958,443.0
391.0,374.0,2.0082502,-8.322337,-2.0082502,8.331962,-2.0082502,8.331962,2.0082502,-8.322337,149.0
483.0,374.0,1.4949136,-8.531037,-1.4949136,8.539572,-1.4949136,8.539572,1.4949136,-8.531037,221.0
375.0,380.0,1.8465781,-8.067931,-1.8465781,8.076892,-1.8465781,8.076892,1.8465781,-8.067931,149.0
375.0,566.0,3.239924,-22.551304,-3.239924,22.554855,-3.239924,22.554855,3.239924,-22.551304,221.0
376.0,396.0,7.759154,-46.5758,-7.759154,46.57722,-7.759154,46.57722,7.759154,-46.5758,221.0
376.0,403.0,5.4871864,-24.460066,-5.4871864,24.462921,-5.4871864,24.462921,5.4871864,-24.460066,149.0
376.0,491.0,10.212876,-45.53178,-10.212876,45.533314,-10.212876,45.533314,10.212876,-45.53178,221.0
377.0,1161.0,2.1836896,-12.461854,-2.1836896,12.467699,-2.1836896,12.467699,2.1836896,-12.461854,98.0
1204.0,377.0,3.2342296,-14.409524,-3.2342296,14.414364,-3.2342296,14.414364,3.2342296,-14.409524,149.0
377.0,1395.0,4.0876417,-18.202536,-4.0876417,18.20637,-4.0876417,18.20637,4.0876417,-18.202536,149.0
521.0,378.0,4.3256984,-27.91418,-4.3256984,27.917517,-4.3256984,27.917517,4.3256984,-27.91418,221.0
521.0,378.0,4.3256984,-27.91418,-4.3256984,27.917517,-4.3256984,27.917517,4.3256984,-27.91418,221.0
534.0,378.0,7.4498925,-48.05578,-7.4498925,48.05772,-7.4498925,48.05772,7.4498925,-48.05578,221.0
534.0,378.0,7.4498925,-48.05578,-7.4498925,48.05772,-7.4498925,48.05772,7.4498925,-48.05578,221.0
380.0,554.0,1.5954657,-6.9697976,-1.5954657,6.980162,-1.5954657,6.980162,1.5954657,-6.9697976,149.0
403.0,381.0,1.6602181,-9.963883,-1.6602181,9.970504,-1.6602181,9.970504,1.6602181,-9.963883,221.0
381.0,472.0,1.1970822,-6.8259506,-1.1970822,6.8366156,-1.1970822,6.8366156,1.1970822,-6.8259506,221.0
381.0,490.0,2.0828118,-12.499626,-2.0828118,12.504907,-2.0828118,12.504907,2.0828118,-12.499626,98.0
381.0,540.0,1.9153758,-8.529103,-1.9153758,8.537278,-1.9153758,8.537278,1.9153758,-8.529103,221.0
382.0,458.0,1.6292161,-10.513591,-1.6292161,10.522446,-1.6292161,10.522446,1.6292161,-10.513591,250.0
476.0,382.0,5.463821,-13.354353,-5.463821,13.358553,-5.463821,13.358553,5.463821,-13.354353,98.0
382.0,491.0,9.512196,-54.388905,-9.512196,54.390244,-9.512196,54.390244,9.512196,-54.388905,98.0
383.0,500.0,1.1509151,-8.115254,-1.1509151,8.223975,-1.1509151,8.223975,1.1509151,-8.115254,443.0
557.0,384.0,0.7628576,-4.5659647,-0.7628576,4.58038,-0.7628576,4.58038,0.7628576,-4.5659647,98.0
385.0,392.0,2.1974144,-13.190218,-2.1974144,13.195223,-2.1974144,13.195223,2.1974144,-13.190218,98.0
486.0,385.0,3.2130835,-13.323864,-3.2130835,13.329879,-3.2130835,13.329879,3.2130835,-13.323864,149.0
450.0,386.0,9.264343,-64.67839,-9.264343,64.67963,-9.264343,64.67963,9.264343,-64.67839,221.0
450.0,386.0,9.264343,-64.67839,-9.264343,64.67963,-9.264343,64.67963,9.264343,-64.67839,221.0
386.0,456.0,8.441597,-37.61378,-8.441597,37.615635,-8.441597,37.615635,8.441597,-37.61378,149.0
386.0,492.0,4.1070023,-28.59596,-4.1070023,28.59876,-4.1070023,28.59876,4.1070023,-28.59596,221.0
387.0,406.0,3.499673,-15.584508,-3.499673,15.588987,-3.499673,15.588987,3.499673,-15.584508,149.0
518.0,387.0,3.2556643,-14.506341,-3.2556643,14.511151,-3.2556643,14.511151,3.2556643,-14.506341,149.0
388.0,436.0,2.2842095,-15.593897,-2.2842095,15.599237,-2.2842095,15.599237,2.2842095,-15.593897,221.0
388.0,436.0,2.2842095,-15.593897,-2.2842095,15.599237,-2.2842095,15.599237,2.2842095,-15.593897,221.0
388.0,490.0,7.0772395,-17.295126,-7.0772395,17.298367,-7.0772395,17.298367,7.0772395,-17.295126,98.0
420.0,389.0,1.3092575,-8.935648,-1.3092575,8.944959,-1.3092575,8.944959,1.3092575,-8.935648,221.0
420.0,389.0,1.3092575,-8.935648,-1.3092575,8.944959,-1.3092575,8.944959,1.3092575,-8.935648,221.0
389.0,492.0,5.9748187,-26.612476,-5.9748187,26.615103,-5.9748187,26.615103,5.9748187,-26.612476,149.0
519.0,389.0,4.829875,-33.64498,-4.829875,33.64736,-4.829875,33.64736,4.829875,-33.64498,221.0
519.0,389.0,4.829875,-33.64498,-4.829875,33.64736,-4.829875,33.64736,4.829875,-33.64498,221.0
458.0,390.0,4.079078,-17.828104,-4.079078,17.832165,-4.079078,17.832165,4.079078,-17.828104,149.0
390.0,536.0,4.9709916,-22.142231,-4.9709916,22.145382,-4.9709916,22.145382,4.9709916,-22.142231,149.0
556.0,391.0,2.19547,-9.09963,-2.19547,9.108436,-2.19547,9.108436,2.19547,-9.09963,149.0
1161.0,392.0,3.4530563,-8.433882,-3.4530563,8.440527,-3.4530563,8.440527,3.4530563,-8.433882,98.0
500.0,393.0,1.6943043,-16.50844,-1.6943043,16.565916,-1.6943043,16.565916,1.6943043,-16.50844,647.0
1312.0,393.0,2.549234,-18.16068,-2.549234,18.20978,-2.549234,18.20978,2.549234,-18.16068,443.0
394.0,486.0,7.639457,-49.293762,-7.639457,49.29565,-7.639457,49.29565,7.639457,-49.293762,260.0
396.0,457.0,7.6203833,-51.98819,-7.6203833,51.989788,-7.6203833,51.989788,7.6203833,-51.98819,221.0
396.0,457.0,7.6203833,-51.98819,-7.6203833,51.989788,-7.6203833,51.989788,7.6203833,-51.98819,221.0
397.0,1450.0,6.7075987,-47.943035,-6.7075987,47.961678,-6.7075987,47.961678,6.7075987,-47.943035,443.0
397.0,1681.0,31.887392,-335.95142,-31.887392,335.95645,-31.887392,335.95645,31.887392,-335.95142,750.0
397.0,1681.0,31.887392,-335.95142,-31.887392,335.95645,-31.887392,335.95645,31.887392,-335.95142,750.0
398.0,1302.0,1.9477781,-12.5777445,-1.9477781,12.585144,-1.9477781,12.585144,1.9477781,-12.5777445,221.0
1682.0,398.0,15.41276,-67.55579,-15.41276,67.55686,-15.41276,67.55686,15.41276,-67.55579,149.0
400.0,412.0,1.205001,-5.257747,-1.205001,5.271477,-1.205001,5.271477,1.205001,-5.257747,149.0
516.0,400.0,2.4194155,-10.575892,-2.4194155,10.582733,-2.4194155,10.582733,2.4194155,-10.575892,149.0
420.0,401.0,6.8006816,-16.616215,-6.8006816,16.619589,-6.8006816,16.619589,6.8006816,-16.616215,98.0
510.0,401.0,2.4828098,-11.057687,-2.4828098,11.063997,-2.4828098,11.063997,2.4828098,-11.057687,149.0
402.0,470.0,13.38489,-59.4869,-13.38489,59.4884,-13.38489,59.4884,13.38489,-59.4869,150.0
402.0,516.0,2.0523272,-14.289777,-2.0523272,14.295377,-2.0523272,14.295377,2.0523272,-14.289777,221.0
402.0,516.0,2.0523272,-14.289777,-2.0523272,14.295377,-2.0523272,14.295377,2.0523272,-14.289777,221.0
402.0,559.0,13.815842,-57.350002,-13.815842,57.351402,-13.815842,57.351402,13.815842,-57.350002,149.0
403.0,523.0,1.3927479,-9.506506,-1.3927479,9.515261,-1.3927479,9.515261,1.3927479,-9.506506,221.0
433.0,404.0,10.854091,-45.023388,-10.854091,45.02517,-10.854091,45.02517,10.854091,-45.023388,149.0
404.0,519.0,5.898034,-14.412448,-5.898034,14.416338,-5.898034,14.416338,5.898034,-14.412448,98.0
501.0,405.0,1.387696,-6.172492,-1.387696,6.183782,-1.387696,6.183782,1.387696,-6.172492,149.0
405.0,558.0,2.4296591,-5.929447,-2.4296591,5.9388924,-2.4296591,5.9388924,2.4296591,-5.929447,98.0
406.0,423.0,2.7683182,-16.617296,-2.7683182,16.621265,-2.7683182,16.621265,2.7683182,-16.617296,98.0
468.0,406.0,3.0700405,-13.427229,-3.0700405,13.432614,-3.0700405,13.432614,3.0700405,-13.427229,149.0
423.0,407.0,2.4705384,-14.825561,-2.4705384,14.830011,-2.4705384,14.830011,2.4705384,-14.825561,98.0
407.0,494.0,1.8181312,-10.380236,-1.8181312,10.387256,-1.8181312,10.387256,1.8181312,-10.380236,98.0
407.0,547.0,4.5076203,-11.012435,-4.5076203,11.017526,-4.5076203,11.017526,4.5076203,-11.012435,98.0
442.0,408.0,43.426765,-442.15964,-43.426765,442.16345,-43.426765,442.16345,43.426765,-442.15964,750.0
442.0,408.0,43.426765,-442.15964,-43.426765,442.16345,-43.426765,442.16345,43.426765,-442.15964,750.0
408.0,520.0,1.1974987,-12.318431,-1.1974987,12.453986,-1.1974987,12.453986,1.1974987,-12.318431,750.0
408.0,520.0,1.1974987,-12.318431,-1.1974987,12.453986,-1.1974987,12.453986,1.1974987,-12.318431,750.0
408.0,520.0,1.1974987,-12.318431,-1.1974987,12.453986,-1.1974987,12.453986,1.1974987,-12.318431,750.0
443.0,409.0,15.782408,-102.051544,-15.782408,102.05246,-15.782408,102.05246,15.782408,-102.051544,250.0
443.0,409.0,15.782408,-102.051544,-15.782408,102.05246,-15.782408,102.05246,15.782408,-102.051544,250.0
443.0,409.0,15.782408,-102.051544,-15.782408,102.05246,-15.782408,102.05246,15.782408,-102.051544,250.0
448.0,409.0,4.411433,-30.751938,-4.411433,30.754543,-4.411433,30.754543,4.411433,-30.751938,300.0
448.0,409.0,4.411433,-30.751938,-4.411433,30.754543,-4.411433,30.754543,4.411433,-30.751938,300.0
448.0,409.0,4.411433,-30.751938,-4.411433,30.754543,-4.411433,30.754543,4.411433,-30.751938,300.0
442.0,410.0,4.8457756,-50.23496,-4.8457756,50.268547,-4.8457756,50.268547,4.8457756,-50.23496,820.0
442.0,410.0,4.8457756,-50.23496,-4.8457756,50.268547,-4.8457756,50.268547,4.8457756,-50.23496,820.0
457.0,411.0,7.5043855,-48.4639,-7.5043855,48.46582,-7.5043855,48.46582,7.5043855,-48.4639,250.0
457.0,411.0,7.5043855,-48.4639,-7.5043855,48.46582,-7.5043855,48.46582,7.5043855,-48.4639,250.0
476.0,411.0,7.853619,-50.730434,-7.853619,50.73227,-7.853619,50.73227,7.853619,-50.730434,221.0
476.0,411.0,7.853619,-50.730434,-7.853619,50.73227,-7.853619,50.73227,7.853619,-50.730434,221.0
412.0,488.0,3.9357982,-17.53585,-3.9357982,17.53983,-3.9357982,17.53983,3.9357982,-17.53585,149.0
413.0,488.0,7.941971,-54.268597,-7.941971,54.270134,-7.941971,54.270134,7.941971,-54.268597,221.0
554.0,413.0,1.5379258,-6.8436255,-1.5379258,6.853811,-1.5379258,6.853811,1.5379258,-6.8436255,149.0
417.0,523.0,5.153389,-35.161934,-5.153389,35.164303,-5.153389,35.164303,5.153389,-35.161934,221.0
417.0,524.0,6.0355477,-42.012714,-6.0355477,42.014618,-6.0355477,42.014618,6.0355477,-42.012714,221.0
417.0,524.0,6.0355477,-42.012714,-6.0355477,42.014618,-6.0355477,42.014618,6.0355477,-42.012714,221.0
455.0,418.0,5.3626785,-23.443447,-5.3626785,23.446533,-5.3626785,23.446533,5.3626785,-23.443447,149.0
418.0,563.0,5.3162465,-37.071297,-5.3162465,37.073456,-5.3162465,37.073456,5.3162465,-37.071297,221.0
418.0,563.0,5.3162465,-37.071297,-5.3162465,37.073456,-5.3162465,37.073456,5.3162465,-37.071297,221.0
496.0,420.0,1.9138334,-10.924595,-1.9138334,10.931265,-1.9138334,10.931265,1.9138334,-10.924595,221.0
422.0,521.0,2.3079185,-15.751965,-2.3079185,15.75725,-2.3079185,15.75725,2.3079185,-15.751965,221.0
422.0,521.0,2.3079185,-15.751965,-2.3079185,15.75725,-2.3079185,15.75725,2.3079185,-15.751965,221.0
422.0,560.0,1.0228951,-6.5920415,-1.0228951,6.6061416,-1.0228951,6.6061416,1.0228951,-6.5920415,221.0
422.0,560.0,1.0228951,-6.5920415,-1.0228951,6.6061416,-1.0228951,6.6061416,1.0228951,-6.5920415,221.0
424.0,447.0,4.6133842,-31.539087,-4.6133842,31.541727,-4.6133842,31.541727,4.6133842,-31.539087,221.0
424.0,447.0,4.6133842,-31.539087,-4.6133842,31.541727,-4.6133842,31.541727,4.6133842,-31.539087,221.0
424.0,478.0,4.3529744,-19.037125,-4.3529744,19.040924,-4.3529744,19.040924,4.3529744,-19.037125,149.0
424.0,514.0,5.4589753,-38.01892,-5.4589753,38.021023,-5.4589753,38.021023,5.4589753,-38.01892,221.0
424.0,514.0,5.4589753,-38.01892,-5.4589753,38.021023,-5.4589753,38.021023,5.4589753,-38.01892,221.0
425.0,527.0,7.4173994,-76.96349,-7.4173994,76.98543,-7.4173994,76.98543,7.4173994,-76.96349,750.0
425.0,550.0,8.816847,-86.34887,-8.816847,86.359886,-8.816847,86.359886,8.816847,-86.34887,647.0
477.0,426.0,8.661066,-55.863804,-8.661066,55.865475,-8.661066,55.865475,8.661066,-55.863804,221.0
477.0,426.0,8.661066,-55.863804,-8.661066,55.865475,-8.661066,55.865475,8.661066,-55.863804,221.0
426.0,514.0,3.5826225,-24.966974,-3.5826225,24.970179,-3.5826225,24.970179,3.5826225,-24.966974,221.0
426.0,514.0,3.5826225,-24.966974,-3.5826225,24.970179,-3.5826225,24.970179,3.5826225,-24.966974,221.0
438.0,433.0,14.931689,-35.870678,-14.931689,35.872288,-14.931689,35.872288,14.931689,-35.870678,98.0
433.0,468.0,2.2199488,-15.151639,-2.2199488,15.157134,-2.2199488,15.157134,2.2199488,-15.151639,221.0
433.0,468.0,2.2199488,-15.151639,-2.2199488,15.157134,-2.2199488,15.157134,2.2199488,-15.151639,221.0
433.0,473.0,3.7644103,-24.307482,-3.7644103,24.311312,-3.7644103,24.311312,3.7644103,-24.307482,221.0
433.0,473.0,3.7644103,-24.307482,-3.7644103,24.311312,-3.7644103,24.311312,3.7644103,-24.307482,221.0
435.0,437.0,3.6832194,-16.420076,-3.6832194,16.424326,-3.6832194,16.424326,3.6832194,-16.420076,149.0
435.0,476.0,7.3940525,-47.802006,-7.3940525,47.803955,-7.3940525,47.803955,7.3940525,-47.802006,221.0
435.0,476.0,7.3940525,-47.802006,-7.3940525,47.803955,-7.3940525,47.803955,7.3940525,-47.802006,221.0
480.0,436.0,6.0714965,-41.445602,-6.0714965,41.447613,-6.0714965,41.447613,6.0714965,-41.445602,300.0
563.0,436.0,4.2712026,-29.74221,-4.2712026,29.744905,-4.2712026,29.744905,4.2712026,-29.74221,300.0
563.0,436.0,4.2712026,-29.74221,-4.2712026,29.744905,-4.2712026,29.744905,4.2712026,-29.74221,300.0
563.0,436.0,4.2712026,-29.74221,-4.2712026,29.744905,-4.2712026,29.744905,4.2712026,-29.74221,300.0
437.0,472.0,3.0592911,-17.461767,-3.0592911,17.465942,-3.0592911,17.465942,3.0592911,-17.461767,98.0
437.0,555.0,2.583535,-11.509124,-2.583535,11.515184,-2.583535,11.515184,2.583535,-11.509124,149.0
438.0,441.0,4.36219,-24.927534,-4.36219,24.93046,-4.36219,24.93046,4.36219,-24.927534,98.0
439.0,552.0,4.9504952,-49.46995,-4.9504952,49.50495,-4.9504952,49.50495,4.9504952,-49.46995,443.0
439.0,561.0,6.722244,-69.70066,-6.722244,69.72488,-6.722244,69.72488,6.722244,-69.70066,750.0
439.0,561.0,6.722244,-69.70066,-6.722244,69.72488,-6.722244,69.72488,6.722244,-69.70066,750.0
475.0,440.0,5.328565,-23.73878,-5.328565,23.741718,-5.328565,23.741718,5.328565,-23.73878,221.0
441.0,525.0,8.204297,-33.988617,-8.204297,33.99098,-8.204297,33.99098,8.204297,-33.988617,221.0
441.0,537.0,7.091106,-49.46134,-7.091106,49.46296,-7.091106,49.46296,7.091106,-49.46134,221.0
441.0,537.0,7.091106,-49.46134,-7.091106,49.46296,-7.091106,49.46296,7.091106,-49.46134,221.0
515.0,442.0,1.650165,-16.44415,-1.650165,16.50165,-1.650165,16.50165,1.650165,-16.44415,548.0
442.0,552.0,1.8949391,-13.465475,-1.8949391,13.531545,-1.8949391,13.531545,1.8949391,-13.465475,750.0
561.0,442.0,1.4771048,-15.254397,-1.4771048,15.364273,-1.4771048,15.364273,1.4771048,-15.254397,820.0
524.0,443.0,2.9358945,-16.764742,-2.9358945,16.769087,-2.9358945,16.769087,2.9358945,-16.764742,221.0
489.0,447.0,8.324313,-49.91894,-8.324313,49.920265,-8.324313,49.920265,8.324313,-49.91894,250.0
447.0,549.0,1.8966354,-10.823071,-1.8966354,10.8298,-1.8966354,10.8298,1.8966354,-10.823071,98.0
448.0,526.0,6.21197,-42.415867,-6.21197,42.41783,-6.21197,42.41783,6.21197,-42.415867,250.0
448.0,526.0,6.21197,-42.415867,-6.21197,42.41783,-6.21197,42.41783,6.21197,-42.415867,250.0
509.0,449.0,2.1773567,-22.562685,-2.1773567,22.63727,-2.1773567,22.63727,2.1773567,-22.562685,750.0
449.0,520.0,1.8931879,-19.601051,-1.8931879,19.686806,-1.8931879,19.686806,1.8931879,-19.601051,750.0
449.0,550.0,2.5373282,-24.739294,-2.5373282,24.777725,-2.5373282,24.777725,2.5373282,-24.739294,647.0
552.0,449.0,4.9504952,-49.46995,-4.9504952,49.50495,-4.9504952,49.50495,4.9504952,-49.46995,820.0
455.0,475.0,2.2641978,-9.900626,-2.2641978,9.907931,-2.2641978,9.907931,2.2641978,-9.900626,149.0
479.0,455.0,3.025949,-13.23237,-3.025949,13.237835,-3.025949,13.237835,3.025949,-13.23237,149.0
525.0,456.0,8.819837,-38.582954,-8.819837,38.584827,-8.819837,38.584827,8.819837,-38.582954,221.0
458.0,563.0,3.3528168,-13.907298,-3.3528168,13.913063,-3.3528168,13.913063,3.3528168,-13.907298,149.0
538.0,468.0,2.293249,-15.658954,-2.293249,15.6642685,-2.293249,15.6642685,2.293249,-15.658954,221.0
538.0,468.0,2.293249,-15.658954,-2.293249,15.6642685,-2.293249,15.6642685,2.293249,-15.658954,221.0
469.0,489.0,29.42456,-122.285286,-29.42456,122.28594,-29.42456,122.28594,29.42456,-122.285286,250.0
519.0,469.0,10.870085,-70.100655,-10.870085,70.10198,-10.870085,70.10198,10.870085,-70.100655,221.0
519.0,469.0,10.870085,-70.100655,-10.870085,70.10198,-10.870085,70.10198,10.870085,-70.100655,221.0
537.0,469.0,10.9429,-76.12604,-10.9429,76.12709,-10.9429,76.12709,10.9429,-76.12604,221.0
537.0,469.0,10.9429,-76.12604,-10.9429,76.12709,-10.9429,76.12709,10.9429,-76.12604,221.0
537.0,469.0,10.9429,-76.12604,-10.9429,76.12709,-10.9429,76.12709,10.9429,-76.12604,221.0
544.0,470.0,2.8423421,-11.787963,-2.8423421,11.794764,-2.8423421,11.794764,2.8423421,-11.787963,149.0
566.0,470.0,2.3708296,-10.558947,-2.3708296,10.565552,-2.3708296,10.565552,2.3708296,-10.558947,149.0
495.0,471.0,5.7067285,-36.820446,-5.7067285,36.822975,-5.7067285,36.822975,5.7067285,-36.820446,300.0
495.0,471.0,5.7067285,-36.820446,-5.7067285,36.822975,-5.7067285,36.822975,5.7067285,-36.820446,300.0
471.0,540.0,3.3045769,-22.586277,-3.3045769,22.589962,-3.3045769,22.589962,3.3045769,-22.586277,250.0
471.0,540.0,3.3045769,-22.586277,-3.3045769,22.589962,-3.3045769,22.589962,3.3045769,-22.586277,250.0
514.0,473.0,11.410616,-27.41335,-11.410616,27.415459,-11.410616,27.415459,11.410616,-27.41335,98.0
539.0,477.0,6.0657635,-26.54426,-6.0657635,26.546986,-6.0657635,26.546986,6.0657635,-26.54426,149.0
478.0,525.0,7.9986997,-45.610287,-7.9986997,45.61189,-7.9986997,45.61189,7.9986997,-45.610287,98.0
479.0,540.0,1.902368,-7.8827553,-1.902368,7.8929152,-1.902368,7.8929152,1.902368,-7.8827553,149.0
555.0,480.0,5.55953,-24.792301,-5.55953,24.795116,-5.55953,24.795116,5.55953,-24.792301,221.0
493.0,481.0,1.0862046,-7.4077997,-1.0862046,7.419025,-1.0862046,7.419025,1.0862046,-7.4077997,221.0
493.0,481.0,1.0862046,-7.4077997,-1.0862046,7.419025,-1.0862046,7.419025,1.0862046,-7.4077997,221.0
481.0,510.0,3.0574806,-21.30132,-3.0574806,21.30508,-3.0574806,21.30508,3.0574806,-21.30132,221.0
481.0,510.0,3.0574806,-21.30132,-3.0574806,21.30508,-3.0574806,21.30508,3.0574806,-21.30132,221.0
515.0,482.0,4.12868,-40.40448,-4.12868,40.428036,-4.12868,40.428036,4.12868,-40.40448,548.0
559.0,483.0,8.884307,-60.576855,-8.884307,60.578228,-8.884307,60.578228,8.884307,-60.576855,221.0
559.0,483.0,8.884307,-60.576855,-8.884307,60.578228,-8.884307,60.578228,8.884307,-60.576855,221.0
486.0,541.0,3.6892874,-15.297003,-3.6892874,15.302242,-3.6892874,15.302242,3.6892874,-15.297003,149.0
508.0,487.0,2.0237641,-11.551172,-2.0237641,11.557483,-2.0237641,11.557483,2.0237641,-11.551172,98.0
517.0,487.0,1.208951,-6.894717,-1.208951,6.9052725,-1.208951,6.9052725,1.208951,-6.894717,98.0
533.0,488.0,0.85495764,-5.8272004,-0.85495764,5.841455,-0.85495764,5.841455,0.85495764,-5.8272004,221.0
491.0,526.0,6.43575,-44.883972,-6.43575,44.885757,-6.43575,44.885757,6.43575,-44.883972,221.0
491.0,526.0,6.43575,-44.883972,-6.43575,44.885757,-6.43575,44.885757,6.43575,-44.883972,221.0
492.0,549.0,1.649702,-9.895577,-1.649702,9.902243,-1.649702,9.902243,1.649702,-9.895577,98.0
497.0,493.0,1.1454552,-7.3852353,-1.1454552,7.3978252,-1.1454552,7.3978252,1.1454552,-7.3852353,221.0
497.0,493.0,1.1454552,-7.3852353,-1.1454552,7.3978252,-1.1454552,7.3978252,1.1454552,-7.3852353,221.0
1313.0,494.0,4.456215,-10.886127,-4.456215,10.891277,-4.456215,10.891277,4.456215,-10.886127,98.0
562.0,495.0,3.8603518,-26.915953,-3.8603518,26.918928,-3.8603518,26.918928,3.8603518,-26.915953,250.0
562.0,495.0,3.8603518,-26.915953,-3.8603518,26.918928,-3.8603518,26.918928,3.8603518,-26.915953,250.0
562.0,495.0,3.8603518,-26.915953,-3.8603518,26.918928,-3.8603518,26.918928,3.8603518,-26.915953,250.0
513.0,496.0,1.2844052,-7.7039847,-1.2844052,7.712545,-1.2844052,7.712545,1.2844052,-7.7039847,98.0
498.0,499.0,3.9417982,-9.461357,-3.9417982,9.467467,-3.9417982,9.467467,3.9417982,-9.461357,98.0
498.0,545.0,1.1438106,-6.859072,-1.1438106,6.868682,-1.1438106,6.868682,1.1438106,-6.859072,98.0
499.0,548.0,2.1460407,-12.250946,-2.1460407,12.256896,-2.1460407,12.256896,2.1460407,-12.250946,98.0
500.0,1357.0,2.5989022,-18.523989,-2.5989022,18.572128,-2.5989022,18.572128,2.5989022,-18.523989,443.0
501.0,512.0,2.7362127,-11.346991,-2.7362127,11.354055,-2.7362127,11.354055,2.7362127,-11.346991,149.0
1404.0,501.0,2.7170532,-11.882324,-2.7170532,11.88841,-2.7170532,11.88841,2.7170532,-11.882324,149.0
508.0,513.0,3.3716412,-19.25509,-3.3716412,19.258875,-3.3716412,19.258875,3.3716412,-19.25509,98.0
508.0,538.0,4.345062,-18.99444,-4.345062,18.998251,-4.345062,18.998251,4.345062,-18.99444,149.0
509.0,520.0,4.676291,-33.378563,-4.676291,33.405327,-4.676291,33.405327,4.676291,-33.378563,443.0
509.0,565.0,1.1730876,-8.271669,-1.1730876,8.37838,-1.1730876,8.37838,1.1730876,-8.271669,523.0
510.0,534.0,2.7800355,-11.52703,-2.7800355,11.533979,-2.7800355,11.533979,2.7800355,-11.52703,221.0
558.0,512.0,1.9886179,-8.240775,-1.9886179,8.250496,-1.9886179,8.250496,1.9886179,-8.240775,149.0
515.0,565.0,3.802391,-39.495857,-3.802391,39.538555,-3.802391,39.538555,3.802391,-39.495857,750.0
515.0,565.0,3.802391,-39.495857,-3.802391,39.538555,-3.802391,39.538555,3.802391,-39.495857,750.0
517.0,548.0,0.8568607,-5.132688,-0.8568607,5.145518,-0.8568607,5.145518,0.8568607,-5.132688,98.0
542.0,518.0,1.8351018,-8.170033,-1.8351018,8.178568,-1.8351018,8.178568,1.8351018,-8.170033,170.0
518.0,551.0,2.7119002,-18.516314,-2.7119002,18.520807,-2.7119002,18.520807,2.7119002,-18.516314,221.0
520.0,527.0,1.5040588,-15.535285,-1.5040588,15.6432,-1.5040588,15.6432,1.5040588,-15.535285,750.0
533.0,524.0,5.6822376,-36.69754,-5.6822376,36.70008,-5.6822376,36.70008,5.6822376,-36.69754,221.0
528.0,537.0,35.96555,-248.60365,-35.96555,248.60397,-35.96555,248.60397,35.96555,-248.60365,250.0
528.0,537.0,35.96555,-248.60365,-35.96555,248.60397,-35.96555,248.60397,35.96555,-248.60365,250.0
528.0,537.0,35.96555,-248.60365,-35.96555,248.60397,-35.96555,248.60397,35.96555,-248.60365,250.0
528.0,537.0,35.96555,-248.60365,-35.96555,248.60397,-35.96555,248.60397,35.96555,-248.60365,250.0
555.0,536.0,3.4149594,-14.940601,-3.4149594,14.945442,-3.4149594,14.945442,3.4149594,-14.940601,149.0
549.0,539.0,6.0876713,-26.641117,-6.0876713,26.643831,-6.0876713,26.643831,6.0876713,-26.641117,149.0
1270.0,541.0,3.3263547,-14.551176,-3.3263547,14.556147,-3.3263547,14.556147,3.3263547,-14.551176,149.0
541.0,1395.0,4.1756625,-18.265001,-4.1756625,18.26896,-4.1756625,18.26896,4.1756625,-18.265001,149.0
1437.0,542.0,2.0837553,-9.110024,-2.0837553,9.11796,-2.0837553,9.11796,2.0837553,-9.110024,149.0
1064.0,543.0,7.6069593,-31.552645,-7.6069593,31.555183,-7.6069593,31.555183,7.6069593,-31.552645,221.0
1325.0,543.0,4.6837277,-19.42156,-4.6837277,19.425692,-4.6837277,19.425692,4.6837277,-19.42156,149.0
545.0,544.0,2.2633667,-9.894146,-2.2633667,9.901456,-2.2633667,9.901456,2.2633667,-9.894146,149.0
547.0,1302.0,1.8699977,-8.170987,-1.8699977,8.1798315,-1.8699977,8.1798315,1.8699977,-8.170987,149.0
1681.0,550.0,1.8995638,-13.509163,-1.8995638,13.575023,-1.8995638,13.575023,1.8995638,-13.509163,443.0
560.0,553.0,1.71404,-11.706665,-1.71404,11.713775,-1.71404,11.713775,1.71404,-11.706665,221.0
560.0,553.0,1.71404,-11.706665,-1.71404,11.713775,-1.71404,11.713775,1.71404,-11.706665,221.0
553.0,563.0,3.1097739,-21.664097,-3.1097739,21.667791,-3.1097739,21.667791,3.1097739,-21.664097,250.0
553.0,563.0,3.1097739,-21.664097,-3.1097739,21.667791,-3.1097739,21.667791,3.1097739,-21.664097,250.0
556.0,558.0,1.7129791,-7.483964,-1.7129791,7.493619,-1.7129791,7.493619,1.7129791,-7.483964,149.0
564.0,1288.0,2.554383,-29.875618,-2.554383,30.941772,-2.554383,30.941772,2.554383,-29.875618,2020.0
567.0,745.0,21.048542,-92.683464,-21.048542,92.68586,-21.048542,92.68586,21.048542,-92.683464,187.0
777.0,567.0,23.759235,-134.69609,-23.759235,134.69803,-23.759235,134.69803,23.759235,-134.69609,251.0
567.0,1000.0,11.504073,-48.94436,-11.504073,48.949196,-11.504073,48.949196,11.504073,-48.94436,187.0
568.0,990.0,4.0143766,-22.664158,-4.0143766,22.67566,-4.0143766,22.67566,4.0143766,-22.664158,251.0
1040.0,568.0,7.593591,-42.89771,-7.593591,42.90379,-7.593591,42.90379,7.593591,-42.89771,251.0
697.0,569.0,6.1926665,-26.328133,-6.1926665,26.337133,-6.1926665,26.337133,6.1926665,-26.328133,187.0
569.0,999.0,6.6291957,-29.200356,-6.6291957,29.207932,-6.6291957,29.207932,6.6291957,-29.200356,187.0
570.0,636.0,24.639973,-180.80258,-24.639973,180.80412,-24.639973,180.80412,24.639973,-180.80258,310.0
570.0,636.0,24.639973,-180.80258,-24.639973,180.80412,-24.639973,180.80412,24.639973,-180.80258,310.0
570.0,636.0,24.639973,-180.80258,-24.639973,180.80412,-24.639973,180.80412,24.639973,-180.80258,310.0
853.0,570.0,25.770233,-197.43832,-25.770233,197.43962,-25.770233,197.43962,25.770233,-197.43832,310.0
853.0,570.0,25.770233,-197.43832,-25.770233,197.43962,-25.770233,197.43962,25.770233,-197.43832,310.0
570.0,858.0,10.566821,-44.9731,-10.566821,44.97837,-10.566821,44.97837,10.566821,-44.9731,187.0
571.0,576.0,25.69343,-150.65532,-25.69343,150.65694,-25.69343,150.65694,25.69343,-150.65532,251.0
729.0,571.0,20.577671,-151.52466,-20.577671,151.52649,-20.577671,151.52649,20.577671,-151.52466,409.0
698.0,572.0,3.0050764,-16.978676,-3.0050764,16.99402,-3.0050764,16.99402,3.0050764,-16.978676,251.0
911.0,572.0,4.268918,-18.801994,-4.268918,18.813759,-4.268918,18.813759,4.268918,-18.801994,187.0
960.0,572.0,4.605627,-33.739292,-4.605627,33.74753,-4.605627,33.74753,4.605627,-33.739292,400.0
858.0,573.0,28.135681,-123.63443,-28.135681,123.63622,-28.135681,123.63622,28.135681,-123.63443,187.0
875.0,573.0,30.697447,-135.06712,-30.697447,135.06876,-30.697447,135.06876,30.697447,-135.06712,187.0
1046.0,573.0,35.511635,-155.841,-35.511635,155.84244,-35.511635,155.84244,35.511635,-155.841,409.0
574.0,660.0,13.297176,-101.453865,-13.297176,101.456406,-13.297176,101.456406,13.297176,-101.453865,310.0
574.0,660.0,13.297176,-101.453865,-13.297176,101.456406,-13.297176,101.456406,13.297176,-101.453865,310.0
950.0,574.0,16.157429,-122.39803,-16.157429,122.40014,-16.157429,122.40014,16.157429,-122.39803,310.0
950.0,574.0,16.157429,-122.39803,-16.157429,122.40014,-16.157429,122.40014,16.157429,-122.39803,310.0
575.0,618.0,3.7940903,-22.219606,-3.7940903,22.230522,-3.7940903,22.230522,3.7940903,-22.219606,251.0
1923.0,575.0,5.1942983,-30.42394,-5.1942983,30.431915,-5.1942983,30.431915,5.1942983,-30.42394,251.0
576.0,581.0,7.3946276,-32.560795,-7.3946276,32.56759,-7.3946276,32.56759,7.3946276,-32.560795,187.0
577.0,665.0,6.5646377,-27.91179,-6.5646377,27.920277,-6.5646377,27.920277,6.5646377,-27.91179,187.0
720.0,577.0,7.5995846,-33.466908,-7.5995846,33.47352,-7.5995846,33.47352,7.5995846,-33.466908,187.0
577.0,790.0,6.5736566,-28.960567,-6.5736566,28.968208,-6.5736566,28.968208,6.5736566,-28.960567,187.0
578.0,1019.0,5.092888,-29.825567,-5.092888,29.833698,-5.092888,29.833698,5.092888,-29.825567,251.0
627.0,579.0,24.630543,-295.45486,-24.630543,295.5665,-24.630543,295.5665,24.630543,-295.45486,2020.0
579.0,728.0,15.3260975,-185.82579,-15.3260975,186.0031,-15.3260975,186.0031,15.3260975,-185.82579,2020.0
925.0,579.0,15.556719,-187.21045,-15.556719,187.38774,-15.556719,187.38774,15.556719,-187.21045,4352.0
579.0,1043.0,12.02925,-144.54515,-12.02925,144.77309,-12.02925,144.77309,12.02925,-144.54515,2020.0
829.0,580.0,13.317131,-101.124405,-13.317131,101.12696,-13.317131,101.12696,13.317131,-101.124405,409.0
829.0,580.0,13.317131,-101.124405,-13.317131,101.12696,-13.317131,101.12696,13.317131,-101.124405,409.0
829.0,580.0,13.317131,-101.124405,-13.317131,101.12696,-13.317131,101.12696,13.317131,-101.124405,409.0
984.0,580.0,12.558034,-95.624405,-12.558034,95.627106,-12.558034,95.627106,12.558034,-95.624405,310.0
984.0,580.0,12.558034,-95.624405,-12.558034,95.627106,-12.558034,95.627106,12.558034,-95.624405,310.0
782.0,581.0,10.918817,-46.42261,-10.918817,46.427715,-10.918817,46.427715,10.918817,-46.42261,187.0
581.0,879.0,10.01119,-42.585064,-10.01119,42.59063,-10.01119,42.59063,10.01119,-42.585064,187.0
619.0,582.0,19.704205,-239.79005,-19.704205,239.92767,-19.704205,239.92767,19.704205,-239.79005,2020.0
582.0,627.0,5.734704,-65.66966,-5.734704,66.16966,-5.734704,66.16966,5.734704,-65.66966,2300.0
582.0,800.0,6.5097523,-132.21974,-6.5097523,132.48225,-6.5097523,132.48225,6.5097523,-132.21974,3146.0
582.0,800.0,6.5097523,-132.21974,-6.5097523,132.48225,-6.5097523,132.48225,6.5097523,-132.21974,3146.0
582.0,977.0,7.022167,-143.29897,-7.022167,143.54137,-7.022167,143.54137,7.022167,-143.29897,2768.0
583.0,740.0,5.042395,-29.54508,-5.042395,29.55329,-5.042395,29.55329,5.042395,-29.54508,251.0
958.0,585.0,3.30033,-32.0033,-3.30033,33.0033,-3.30033,33.0033,3.30033,-32.0033,2300.0
585.0,965.0,8.03678,-166.06905,-8.03678,166.27823,-8.03678,166.27823,8.03678,-166.06905,3146.0
585.0,977.0,4.3061786,-87.18726,-4.3061786,87.584595,-4.3061786,87.584595,4.3061786,-87.18726,3146.0
1043.0,585.0,11.072095,-229.19896,-11.072095,229.35054,-11.072095,229.35054,11.072095,-229.19896,2768.0
813.0,586.0,9.848991,-74.803345,-9.848991,74.80679,-9.848991,74.80679,9.848991,-74.803345,409.0
813.0,586.0,9.848991,-74.803345,-9.848991,74.80679,-9.848991,74.80679,9.848991,-74.803345,409.0
870.0,586.0,6.4632363,-49.144833,-6.4632363,49.150085,-6.4632363,49.150085,6.4632363,-49.144833,310.0
870.0,586.0,6.4632363,-49.144833,-6.4632363,49.150085,-6.4632363,49.150085,6.4632363,-49.144833,310.0
586.0,1005.0,4.981653,-37.888817,-4.981653,37.895626,-4.981653,37.895626,4.981653,-37.888817,409.0
586.0,1005.0,4.981653,-37.888817,-4.981653,37.895626,-4.981653,37.895626,4.981653,-37.888817,409.0
704.0,588.0,12.853375,-56.638657,-12.853375,56.642563,-12.853375,56.642563,12.853375,-56.638657,187.0
588.0,746.0,16.301434,-71.88624,-16.301434,71.88932,-16.301434,71.88932,16.301434,-71.88624,187.0
1016.0,588.0,3.2883232,-18.572298,-3.2883232,18.586329,-3.2883232,18.586329,3.2883232,-18.572298,251.0
1017.0,589.0,3.4273016,-26.079145,-3.4273016,26.089035,-3.4273016,26.089035,3.4273016,-26.079145,310.0
1017.0,589.0,3.4273016,-26.079145,-3.4273016,26.089035,-3.4273016,26.089035,3.4273016,-26.079145,310.0
589.0,1037.0,5.6899176,-41.64281,-5.6899176,41.64949,-5.6899176,41.64949,5.6899176,-41.64281,310.0
589.0,1037.0,5.6899176,-41.64281,-5.6899176,41.64949,-5.6899176,41.64949,5.6899176,-41.64281,310.0
590.0,668.0,12.178477,-92.46665,-12.178477,92.46944,-12.178477,92.46944,12.178477,-92.46665,310.0
590.0,668.0,12.178477,-92.46665,-12.178477,92.46944,-12.178477,92.46944,12.178477,-92.46665,310.0
590.0,939.0,20.753853,-121.77429,-20.753853,121.77628,-20.753853,121.77628,20.753853,-121.77429,251.0
591.0,662.0,10.3567915,-58.43743,-10.3567915,58.441895,-10.3567915,58.441895,10.3567915,-58.43743,409.0
591.0,1033.0,10.789896,-82.1925,-10.789896,82.19564,-10.789896,82.19564,10.789896,-82.1925,310.0
591.0,1033.0,10.789896,-82.1925,-10.789896,82.19564,-10.789896,82.19564,10.789896,-82.1925,310.0
591.0,1045.0,8.277973,-62.844193,-8.277973,62.848297,-8.277973,62.848297,8.277973,-62.844193,409.0
661.0,592.0,19.069374,-139.64145,-19.069374,139.64345,-19.069374,139.64345,19.069374,-139.64145,310.0
661.0,592.0,19.069374,-139.64145,-19.069374,139.64345,-19.069374,139.64345,19.069374,-139.64145,310.0
592.0,797.0,17.180681,-100.58267,-17.180681,100.58508,-17.180681,100.58508,17.180681,-100.58267,310.0
592.0,1042.0,12.433211,-54.777824,-12.433211,54.781864,-12.433211,54.781864,12.433211,-54.777824,409.0
593.0,706.0,6.3497305,-35.9213,-6.3497305,35.92856,-6.3497305,35.92856,6.3497305,-35.9213,251.0
1025.0,593.0,7.534798,-44.12117,-7.534798,44.126663,-7.534798,44.126663,7.534798,-44.12117,251.0
876.0,594.0,6.69366,-39.206318,-6.69366,39.2125,-6.69366,39.2125,6.69366,-39.206318,251.0
594.0,994.0,5.2104344,-39.63115,-5.2104344,39.63766,-5.2104344,39.63766,5.2104344,-39.63115,310.0
595.0,860.0,8.21541,-48.09678,-8.21541,48.10182,-8.21541,48.10182,8.21541,-48.09678,251.0
972.0,595.0,9.527634,-42.024036,-9.527634,42.02931,-9.527634,42.02931,9.527634,-42.024036,187.0
596.0,654.0,9.987056,-56.43539,-9.987056,56.44001,-9.987056,56.44001,9.987056,-56.43539,251.0
778.0,596.0,22.281618,-98.13814,-22.281618,98.140396,-22.281618,98.140396,22.281618,-98.13814,187.0
596.0,792.0,7.3743925,-56.136974,-7.3743925,56.14157,-7.3743925,56.14157,7.3743925,-56.136974,310.0
596.0,792.0,7.3743925,-56.136974,-7.3743925,56.14157,-7.3743925,56.14157,7.3743925,-56.136974,310.0
893.0,596.0,26.0177,-114.72506,-26.0177,114.72699,-26.0177,114.72699,26.0177,-114.72506,187.0
597.0,611.0,6.022319,-122.270386,-6.022319,122.554184,-6.022319,122.554184,6.022319,-122.270386,2768.0
597.0,914.0,13.332049,-271.69772,-13.332049,271.82568,-13.332049,271.82568,13.332049,-271.69772,2768.0
597.0,948.0,45.245457,-867.1644,-45.245457,867.2046,-45.245457,867.2046,45.245457,-867.1644,3146.0
598.0,877.0,16.013664,-117.431175,-16.013664,117.43354,-16.013664,117.43354,16.013664,-117.431175,409.0
598.0,877.0,16.013664,-117.431175,-16.013664,117.43354,-16.013664,117.43354,16.013664,-117.431175,409.0
598.0,877.0,16.013664,-117.431175,-16.013664,117.43354,-16.013664,117.43354,16.013664,-117.431175,409.0
935.0,598.0,8.573085,-50.238647,-8.573085,50.243477,-8.573085,50.243477,8.573085,-50.238647,251.0
607.0,716.0,4.7326527,-27.722378,-4.7326527,27.731129,-4.7326527,27.731129,4.7326527,-27.722378,251.0
607.0,848.0,3.7280054,-21.850355,-3.7280054,21.861456,-3.7280054,21.861456,3.7280054,-21.850355,251.0
608.0,717.0,5.4715214,-41.64797,-5.4715214,41.654163,-5.4715214,41.654163,5.4715214,-41.64797,409.0
608.0,717.0,5.4715214,-41.64797,-5.4715214,41.654163,-5.4715214,41.654163,5.4715214,-41.64797,409.0
749.0,608.0,5.3225455,-40.428333,-5.3225455,40.43471,-5.3225455,40.43471,5.3225455,-40.428333,310.0
749.0,608.0,5.3225455,-40.428333,-5.3225455,40.43471,-5.3225455,40.43471,5.3225455,-40.428333,310.0
609.0,684.0,5.3257294,-64.02671,-5.3257294,64.53777,-5.3257294,64.53777,5.3257294,-64.02671,2020.0
609.0,684.0,5.3257294,-64.02671,-5.3257294,64.53777,-5.3257294,64.53777,5.3257294,-64.02671,2020.0
824.0,609.0,13.657135,-164.50467,-13.657135,164.70505,-13.657135,164.70505,13.657135,-164.50467,2295.0
977.0,609.0,12.098309,-147.59598,-12.098309,147.81934,-12.098309,147.81934,12.098309,-147.59598,2020.0
850.0,610.0,4.256538,-18.75028,-4.256538,18.76208,-4.256538,18.76208,4.256538,-18.75028,187.0
611.0,743.0,4.4764056,-90.554794,-4.4764056,90.93735,-4.4764056,90.93735,4.4764056,-90.554794,2768.0
611.0,824.0,8.69352,-104.90036,-8.69352,105.21388,-8.69352,105.21388,8.69352,-104.90036,2295.0
611.0,1008.0,34.181267,-422.6903,-34.181267,422.7683,-34.181267,422.7683,34.181267,-422.6903,2020.0
1044.0,612.0,6.348916,-48.25115,-6.348916,48.2565,-6.348916,48.2565,6.348916,-48.25115,310.0
1044.0,612.0,6.348916,-48.25115,-6.348916,48.2565,-6.348916,48.2565,6.348916,-48.25115,310.0
1044.0,612.0,6.348916,-48.25115,-6.348916,48.2565,-6.348916,48.2565,6.348916,-48.25115,310.0
1044.0,612.0,6.348916,-48.25115,-6.348916,48.2565,-6.348916,48.2565,6.348916,-48.25115,310.0
613.0,868.0,11.526814,-139.06186,-11.526814,139.29863,-11.526814,139.29863,11.526814,-139.06186,2295.0
613.0,914.0,9.623316,-116.57225,-9.623316,116.85455,-9.623316,116.85455,9.623316,-116.57225,2295.0
613.0,1913.0,1.6809561,-33.352413,-1.6809561,34.3649,-1.6809561,34.3649,1.6809561,-33.352413,2768.0
1965.0,613.0,44.117645,-73.11441,-44.117645,73.52941,-44.117645,73.52941,44.117645,-73.11441,3146.0
1018.0,614.0,6.073845,-46.255783,-6.073845,46.261364,-6.073845,46.261364,6.073845,-46.255783,310.0
1018.0,614.0,6.073845,-46.255783,-6.073845,46.261364,-6.073845,46.261364,6.073845,-46.255783,310.0
616.0,1877.0,4.213938,-17.490551,-4.213938,17.504051,-4.213938,17.504051,4.213938,-17.490551,186.0
616.0,1963.0,4.213938,-17.490551,-4.213938,17.504051,-4.213938,17.504051,4.213938,-17.490551,186.0
737.0,617.0,20.640173,-151.75035,-20.640173,151.75218,-20.640173,151.75218,20.640173,-151.75035,310.0
737.0,617.0,20.640173,-151.75035,-20.640173,151.75218,-20.640173,151.75218,20.640173,-151.75035,310.0
617.0,921.0,14.479434,-109.82047,-14.479434,109.82282,-14.479434,109.82282,14.479434,-109.82047,310.0
617.0,921.0,14.479434,-109.82047,-14.479434,109.82282,-14.479434,109.82282,14.479434,-109.82047,310.0
618.0,787.0,5.5900946,-31.58659,-5.5900946,31.594845,-5.5900946,31.594845,5.5900946,-31.58659,251.0
619.0,760.0,20.087914,-242.0991,-20.087914,242.23662,-20.087914,242.23662,20.087914,-242.0991,2020.0
751.0,620.0,3.8635635,-16.42355,-3.8635635,16.437965,-3.8635635,16.437965,3.8635635,-16.42355,187.0
761.0,620.0,3.7695813,-22.088818,-3.7695813,22.099798,-3.7695813,22.099798,3.7695813,-22.088818,251.0
623.0,990.0,5.9770308,-33.80318,-5.9770308,33.810894,-5.9770308,33.810894,5.9770308,-33.80318,251.0
1987.0,623.0,4.290841,-32.62849,-4.290841,32.6364,-4.290841,32.6364,4.290841,-32.62849,310.0
625.0,624.0,0.16816238,-7.4234037,-0.16816238,7.4234037,-0.16816238,7.4234037,0.16816238,-7.4234037,200.0
624.0,1904.0,4.1378446,-23.626942,-4.1378446,23.630026,-4.1378446,23.630026,4.1378446,-23.626942,98.0
626.0,625.0,0.21918061,-5.603414,-0.21918061,5.603414,-0.21918061,5.603414,0.21918061,-5.603414,100.0
627.0,868.0,8.584786,-104.242905,-8.584786,104.558304,-8.584786,104.558304,8.584786,-104.242905,2020.0
886.0,627.0,26.190668,-316.1984,-26.190668,316.30267,-26.190668,316.30267,26.190668,-316.1984,2295.0
627.0,965.0,4.832057,-97.833206,-4.832057,98.1874,-4.832057,98.1874,4.832057,-97.833206,3146.0
628.0,689.0,17.962963,-136.32753,-17.962963,136.32942,-17.962963,136.32942,17.962963,-136.32753,409.0
628.0,689.0,17.962963,-136.32753,-17.962963,136.32942,-17.962963,136.32942,17.962963,-136.32753,409.0
628.0,689.0,17.962963,-136.32753,-17.962963,136.32942,-17.962963,136.32942,17.962963,-136.32753,409.0
628.0,689.0,17.962963,-136.32753,-17.962963,136.32942,-17.962963,136.32942,17.962963,-136.32753,409.0
707.0,628.0,20.037212,-153.13986,-20.037212,153.14156,-20.037212,153.14156,20.037212,-153.13986,409.0
707.0,628.0,20.037212,-153.13986,-20.037212,153.14156,-20.037212,153.14156,20.037212,-153.13986,409.0
707.0,628.0,20.037212,-153.13986,-20.037212,153.14156,-20.037212,153.14156,20.037212,-153.13986,409.0
634.0,692.0,23.853512,-105.467834,-23.853512,105.46994,-23.853512,105.46994,23.853512,-105.467834,187.0
989.0,634.0,25.451593,-149.26854,-25.451593,149.27016,-25.451593,149.27016,25.451593,-149.26854,251.0
702.0,635.0,7.6491733,-44.814606,-7.6491733,44.820023,-7.6491733,44.820023,7.6491733,-44.814606,251.0
635.0,923.0,3.708544,-28.172548,-3.708544,28.181702,-3.708544,28.181702,3.708544,-28.172548,310.0
667.0,636.0,14.874351,-113.25155,-14.874351,113.25383,-14.874351,113.25383,14.874351,-113.25155,310.0
667.0,636.0,14.874351,-113.25155,-14.874351,113.25383,-14.874351,113.25383,14.874351,-113.25155,310.0
667.0,636.0,14.874351,-113.25155,-14.874351,113.25383,-14.874351,113.25383,14.874351,-113.25155,310.0
667.0,636.0,14.874351,-113.25155,-14.874351,113.25383,-14.874351,113.25383,14.874351,-113.25155,310.0
667.0,636.0,14.874351,-113.25155,-14.874351,113.25383,-14.874351,113.25383,14.874351,-113.25155,310.0
680.0,636.0,16.987436,-124.257706,-16.987436,124.25995,-16.987436,124.25995,16.987436,-124.257706,310.0
680.0,636.0,16.987436,-124.257706,-16.987436,124.25995,-16.987436,124.25995,16.987436,-124.257706,310.0
685.0,637.0,9.505843,-41.849895,-9.505843,41.855186,-9.505843,41.855186,9.505843,-41.849895,187.0
1048.0,637.0,2.5489628,-14.9216,-2.5489628,14.93784,-2.5489628,14.93784,2.5489628,-14.9216,251.0
638.0,711.0,3.9482563,-30.034885,-3.9482563,30.043474,-3.9482563,30.043474,3.9482563,-30.034885,310.0
638.0,895.0,7.6777716,-44.958466,-7.6777716,44.96386,-7.6777716,44.96386,7.6777716,-44.958466,251.0
639.0,831.0,2.3868964,-10.130218,-2.3868964,10.153557,-2.3868964,10.153557,2.3868964,-10.130218,187.0
639.0,941.0,2.0001097,-8.787945,-2.0001097,8.81306,-2.0001097,8.81306,2.0001097,-8.787945,187.0
791.0,640.0,9.8196125,-41.778347,-9.8196125,41.784016,-9.8196125,41.784016,9.8196125,-41.778347,187.0
1947.0,641.0,2.7787793,-16.68303,-2.7787793,16.686985,-2.7787793,16.686985,2.7787793,-16.68303,98.0
724.0,642.0,12.291105,-54.1199,-12.291105,54.12399,-12.291105,54.12399,12.291105,-54.1199,187.0
643.0,702.0,9.356896,-71.28456,-9.356896,71.28818,-9.356896,71.28818,9.356896,-71.28456,310.0
643.0,702.0,9.356896,-71.28456,-9.356896,71.28818,-9.356896,71.28818,9.356896,-71.28456,310.0
942.0,643.0,18.604992,-109.057304,-18.604992,109.05953,-18.604992,109.05953,18.604992,-109.057304,409.0
706.0,644.0,5.4839687,-31.0013,-5.4839687,31.00971,-5.4839687,31.00971,5.4839687,-31.0013,251.0
644.0,892.0,5.6529465,-24.907162,-5.6529465,24.916046,-5.6529465,24.916046,5.6529465,-24.907162,187.0
645.0,727.0,5.483043,-32.125633,-5.483043,32.133183,-5.483043,32.133183,5.483043,-32.125633,251.0
785.0,645.0,9.459009,-41.709473,-9.459009,41.71478,-9.459009,41.71478,9.459009,-41.709473,187.0
645.0,941.0,4.3388376,-24.88201,-4.3388376,24.88451,-4.3388376,24.88451,4.3388376,-24.88201,221.0
646.0,650.0,12.9276,-75.73246,-12.9276,75.735664,-12.9276,75.735664,12.9276,-75.73246,251.0
646.0,894.0,13.244172,-77.54336,-13.244172,77.546486,-13.244172,77.546486,13.244172,-77.54336,409.0
646.0,1004.0,28.346323,-160.2743,-28.346323,160.27594,-28.346323,160.27594,28.346323,-160.2743,409.0
647.0,859.0,38.87809,-744.19086,-38.87809,744.23773,-38.87809,744.23773,38.87809,-744.19086,2768.0
647.0,886.0,9.556196,-116.16585,-9.556196,116.44908,-9.556196,116.44908,9.556196,-116.16585,2020.0
647.0,1028.0,35.355053,-418.8788,-35.355053,418.95737,-35.355053,418.95737,35.355053,-418.8788,2020.0
921.0,648.0,11.39007,-86.68386,-11.39007,86.686844,-11.39007,86.686844,11.39007,-86.68386,310.0
921.0,648.0,11.39007,-86.68386,-11.39007,86.686844,-11.39007,86.686844,11.39007,-86.68386,310.0
921.0,648.0,11.39007,-86.68386,-11.39007,86.686844,-11.39007,86.686844,11.39007,-86.68386,310.0
721.0,649.0,13.280828,-74.98391,-13.280828,74.98739,-13.280828,74.98739,13.280828,-74.98391,251.0
649.0,1032.0,27.097025,-119.31488,-27.097025,119.316734,-27.097025,119.316734,27.097025,-119.31488,187.0
650.0,741.0,10.524066,-59.522366,-10.524066,59.526745,-10.524066,59.526745,10.524066,-59.522366,251.0
650.0,774.0,9.287886,-40.93531,-9.287886,40.940716,-9.287886,40.940716,9.287886,-40.93531,187.0
650.0,1011.0,11.628837,-49.424206,-11.628837,49.429,-11.628837,49.429,11.628837,-49.424206,187.0
821.0,651.0,8.219452,-36.209126,-8.219452,36.215237,-8.219452,36.215237,8.219452,-36.209126,187.0
651.0,909.0,5.3312845,-30.133247,-5.3312845,30.141903,-5.3312845,30.141903,5.3312845,-30.133247,251.0
651.0,912.0,5.890296,-34.524837,-5.890296,34.53186,-5.890296,34.53186,5.890296,-34.524837,251.0
652.0,854.0,9.281833,-52.37512,-9.281833,52.380096,-9.281833,52.380096,9.281833,-52.37512,251.0
652.0,957.0,4.5987687,-26.96945,-4.5987687,26.978445,-4.5987687,26.978445,4.5987687,-26.96945,251.0
654.0,686.0,17.698221,-77.94601,-17.698221,77.948845,-17.698221,77.948845,17.698221,-77.94601,187.0
654.0,794.0,25.8452,-114.04513,-25.8452,114.04707,-25.8452,114.04707,25.8452,-114.04513,187.0
654.0,875.0,16.897892,-99.15884,-16.897892,99.16128,-16.897892,99.16128,16.897892,-99.15884,251.0
735.0,655.0,9.093434,-53.298763,-9.093434,53.303314,-9.093434,53.303314,9.093434,-53.298763,251.0
655.0,821.0,5.7313423,-33.568695,-5.7313423,33.57592,-5.7313423,33.57592,5.7313423,-33.568695,251.0
656.0,750.0,5.2387238,-30.724657,-5.2387238,30.732552,-5.2387238,30.732552,5.2387238,-30.724657,251.0
1017.0,656.0,6.1700034,-26.233469,-6.1700034,26.2425,-6.1700034,26.2425,6.1700034,-26.233469,187.0
1039.0,656.0,6.443678,-36.37504,-6.443678,36.382206,-6.443678,36.382206,6.443678,-36.37504,251.0
657.0,855.0,9.444341,-55.39821,-9.444341,55.402588,-9.444341,55.402588,9.444341,-55.39821,251.0
896.0,657.0,7.6207833,-44.67167,-7.6207833,44.677097,-7.6207833,44.677097,7.6207833,-44.67167,251.0
657.0,998.0,11.326046,-86.15046,-11.326046,86.15346,-11.326046,86.15346,11.326046,-86.15046,310.0
657.0,998.0,11.326046,-86.15046,-11.326046,86.15346,-11.326046,86.15346,11.326046,-86.15046,310.0
658.0,945.0,5.174387,-39.312492,-5.174387,39.31905,-5.174387,39.31905,5.174387,-39.312492,310.0
1049.0,658.0,7.1980247,-54.633446,-7.1980247,54.63817,-7.1980247,54.63817,7.1980247,-54.633446,310.0
841.0,659.0,12.8666315,-56.744717,-12.8666315,56.748615,-12.8666315,56.748615,12.8666315,-56.744717,187.0
905.0,659.0,19.008806,-83.87279,-19.008806,83.87543,-19.008806,83.87543,19.008806,-83.87279,187.0
869.0,660.0,10.398837,-76.15601,-10.398837,76.15966,-10.398837,76.15966,10.398837,-76.15601,310.0
869.0,660.0,10.398837,-76.15601,-10.398837,76.15966,-10.398837,76.15966,10.398837,-76.15601,310.0
869.0,660.0,10.398837,-76.15601,-10.398837,76.15966,-10.398837,76.15966,10.398837,-76.15601,310.0
660.0,976.0,12.062571,-70.773964,-12.062571,70.77739,-12.062571,70.77739,12.062571,-70.773964,251.0
661.0,689.0,23.64747,-172.50366,-23.64747,172.50526,-23.64747,172.50526,23.64747,-172.50366,409.0
661.0,689.0,23.64747,-172.50366,-23.64747,172.50526,-23.64747,172.50526,23.64747,-172.50366,409.0
662.0,1017.0,3.2082934,-24.406424,-3.2082934,24.416992,-3.2082934,24.416992,3.2082934,-24.406424,310.0
662.0,1039.0,4.3976192,-18.69291,-4.3976192,18.705574,-4.3976192,18.705574,4.3976192,-18.69291,187.0
663.0,759.0,9.864005,-55.720543,-9.864005,55.725224,-9.864005,55.725224,9.864005,-55.720543,409.0
663.0,903.0,10.608273,-62.249916,-10.608273,62.25381,-10.608273,62.25381,10.608273,-62.249916,409.0
793.0,664.0,32.637638,-237.05113,-32.637638,237.0523,-32.637638,237.0523,32.637638,-237.05113,310.0
793.0,664.0,32.637638,-237.05113,-32.637638,237.0523,-32.637638,237.0523,32.637638,-237.05113,310.0
814.0,664.0,14.701071,-107.88431,-14.701071,107.88689,-14.701071,107.88689,14.701071,-107.88431,409.0
814.0,664.0,14.701071,-107.88431,-14.701071,107.88689,-14.701071,107.88689,14.701071,-107.88431,409.0
814.0,664.0,14.701071,-107.88431,-14.701071,107.88689,-14.701071,107.88689,14.701071,-107.88431,409.0
664.0,916.0,30.333889,-230.75311,-30.333889,230.75423,-30.333889,230.75423,30.333889,-230.75311,310.0
664.0,916.0,30.333889,-230.75311,-30.333889,230.75423,-30.333889,230.75423,30.333889,-230.75311,310.0
795.0,665.0,2.4876344,-10.94411,-2.4876344,10.964299,-2.4876344,10.964299,2.4876344,-10.94411,187.0
666.0,868.0,29.77038,-358.44684,-29.77038,358.5389,-29.77038,358.5389,29.77038,-358.44684,2295.0
948.0,666.0,17.534315,-211.1549,-17.534315,211.31099,-17.534315,211.31099,17.534315,-211.1549,2020.0
1028.0,666.0,24.199472,-292.874,-24.199472,292.98648,-24.199472,292.98648,24.199472,-292.874,2020.0
667.0,694.0,15.674716,-114.67755,-15.674716,114.67998,-15.674716,114.67998,15.674716,-114.67755,310.0
667.0,694.0,15.674716,-114.67755,-15.674716,114.67998,-15.674716,114.67998,15.674716,-114.67755,310.0
668.0,763.0,6.0343165,-34.09884,-6.0343165,34.106487,-6.0343165,34.106487,6.0343165,-34.09884,251.0
1011.0,668.0,12.606207,-95.80448,-12.606207,95.807175,-12.606207,95.807175,12.606207,-95.80448,310.0
1011.0,668.0,12.606207,-95.80448,-12.606207,95.807175,-12.606207,95.807175,12.606207,-95.80448,310.0
668.0,1044.0,7.2001247,-54.75895,-7.2001247,54.76366,-7.2001247,54.76366,7.2001247,-54.75895,310.0
668.0,1044.0,7.2001247,-54.75895,-7.2001247,54.76366,-7.2001247,54.76366,7.2001247,-54.75895,310.0
668.0,1044.0,7.2001247,-54.75895,-7.2001247,54.76366,-7.2001247,54.76366,7.2001247,-54.75895,310.0
668.0,1044.0,7.2001247,-54.75895,-7.2001247,54.76366,-7.2001247,54.76366,7.2001247,-54.75895,310.0
669.0,712.0,24.796946,-105.2678,-24.796946,105.27005,-24.796946,105.27005,24.796946,-105.2678,187.0
669.0,817.0,8.094657,-35.696064,-8.094657,35.702263,-8.094657,35.702263,8.094657,-35.696064,187.0
669.0,986.0,7.9967613,-46.8459,-7.9967613,46.85108,-7.9967613,46.85108,7.9967613,-46.8459,251.0
672.0,830.0,11.742257,-89.53183,-11.742257,89.53471,-11.742257,89.53471,11.742257,-89.53183,310.0
672.0,830.0,11.742257,-89.53183,-11.742257,89.53471,-11.742257,89.53471,11.742257,-89.53183,310.0
672.0,917.0,15.922682,-121.52099,-15.922682,121.52311,-15.922682,121.52311,15.922682,-121.52099,310.0
672.0,917.0,15.922682,-121.52099,-15.922682,121.52311,-15.922682,121.52311,15.922682,-121.52099,310.0
1013.0,672.0,12.127052,-89.09029,-12.127052,89.093414,-12.127052,89.093414,12.127052,-89.09029,310.0
1013.0,672.0,12.127052,-89.09029,-12.127052,89.093414,-12.127052,89.093414,12.127052,-89.09029,310.0
1013.0,672.0,12.127052,-89.09029,-12.127052,89.093414,-12.127052,89.093414,12.127052,-89.09029,310.0
838.0,673.0,11.307635,-63.96001,-11.307635,63.964085,-11.307635,63.964085,11.307635,-63.96001,251.0
673.0,897.0,13.309356,-77.91598,-13.309356,77.91909,-13.309356,77.91909,13.309356,-77.91598,251.0
740.0,674.0,6.0425572,-34.121395,-6.0425572,34.129036,-6.0425572,34.129036,6.0425572,-34.121395,251.0
674.0,764.0,6.283561,-36.82905,-6.283561,36.835632,-6.283561,36.835632,6.283561,-36.82905,251.0
767.0,675.0,20.914377,-122.695694,-20.914377,122.69768,-20.914377,122.69768,20.914377,-122.695694,251.0
675.0,853.0,20.553085,-150.56682,-20.553085,150.56868,-20.553085,150.56868,20.553085,-150.56682,310.0
675.0,853.0,20.553085,-150.56682,-20.553085,150.56868,-20.553085,150.56868,20.553085,-150.56682,310.0
675.0,936.0,23.60357,-138.84279,-23.60357,138.84453,-23.60357,138.84453,23.60357,-138.84279,251.0
676.0,697.0,3.0570395,-12.982219,-3.0570395,13.000443,-3.0570395,13.000443,3.0570395,-12.982219,187.0
755.0,676.0,6.550073,-27.845682,-6.550073,27.854187,-6.550073,27.854187,6.550073,-27.845682,187.0
676.0,810.0,5.046265,-21.452602,-5.046265,21.463642,-5.046265,21.463642,5.046265,-21.452602,187.0
850.0,676.0,2.8089888,-12.166285,-2.8089888,12.172285,-2.8089888,12.172285,2.8089888,-12.166285,150.0
677.0,759.0,4.1976047,-24.590345,-4.1976047,24.600206,-4.1976047,24.600206,4.1976047,-24.590345,251.0
677.0,782.0,5.710648,-25.150005,-5.710648,25.1588,-5.710648,25.1588,5.710648,-25.150005,187.0
784.0,677.0,9.250213,-39.311455,-9.250213,39.317482,-9.250213,39.317482,9.250213,-39.311455,187.0
783.0,678.0,5.5412135,-24.421227,-5.5412135,24.430286,-5.5412135,24.430286,5.5412135,-24.421227,187.0
678.0,786.0,3.571629,-26.13257,-3.571629,26.14321,-3.571629,26.14321,3.571629,-26.13257,310.0
791.0,678.0,3.3983994,-25.83824,-3.3983994,25.848225,-3.3983994,25.848225,3.3983994,-25.83824,310.0
679.0,985.0,12.14141,-68.619446,-12.14141,68.623245,-12.14141,68.623245,12.14141,-68.619446,251.0
1018.0,679.0,7.130176,-41.76948,-7.130176,41.775288,-7.130176,41.775288,7.130176,-41.76948,251.0
680.0,788.0,8.53419,-64.92449,-8.53419,64.92847,-8.53419,64.92847,8.53419,-64.92449,310.0
680.0,788.0,8.53419,-64.92449,-8.53419,64.92847,-8.53419,64.92847,8.53419,-64.92449,310.0
681.0,780.0,30.925358,-136.89726,-30.925358,136.89888,-30.925358,136.89888,30.925358,-136.89726,251.0
681.0,973.0,16.741123,-73.84141,-16.741123,73.844406,-16.741123,73.844406,16.741123,-73.84141,187.0
898.0,682.0,3.9475758,-16.769022,-3.9475758,16.783142,-3.9475758,16.783142,3.9475758,-16.769022,187.0
911.0,682.0,5.118472,-21.763885,-5.118472,21.77477,-5.118472,21.77477,5.118472,-21.763885,187.0
682.0,1020.0,2.8627868,-16.765295,-2.8627868,16.779757,-2.8627868,16.779757,2.8627868,-16.765295,251.0
683.0,769.0,8.129447,-35.768764,-8.129447,35.77495,-8.129447,35.77495,8.129447,-35.768764,187.0
901.0,683.0,4.749788,-20.188864,-4.749788,20.200594,-4.749788,20.200594,4.749788,-20.188864,187.0
684.0,803.0,7.852198,-94.32932,-7.852198,94.67765,-7.852198,94.67765,7.852198,-94.32932,2020.0
686.0,816.0,11.371041,-48.396187,-11.371041,48.401085,-11.371041,48.401085,11.371041,-48.396187,187.0
686.0,872.0,6.0178623,-35.304768,-6.0178623,35.311638,-6.0178623,35.311638,6.0178623,-35.304768,251.0
723.0,687.0,6.129255,-27.001951,-6.129255,27.010147,-6.129255,27.010147,6.129255,-27.001951,187.0
1996.0,688.0,3.8223712,-17.017015,-3.8223712,17.021116,-3.8223712,17.021116,3.8223712,-17.017015,149.0
689.0,894.0,20.854856,-153.41324,-20.854856,153.41504,-20.854856,153.41504,20.854856,-153.41324,409.0
689.0,894.0,20.854856,-153.41324,-20.854856,153.41504,-20.854856,153.41504,20.854856,-153.41324,409.0
690.0,816.0,22.786175,-96.88833,-22.786175,96.89078,-22.786175,96.89078,22.786175,-96.88833,187.0
690.0,873.0,12.317758,-54.175526,-12.317758,54.17961,-12.317758,54.17961,12.317758,-54.175526,187.0
690.0,950.0,6.5668674,-49.918232,-6.5668674,49.923405,-6.5668674,49.923405,6.5668674,-49.918232,310.0
755.0,691.0,6.1870103,-27.266354,-6.1870103,27.27447,-6.1870103,27.27447,6.1870103,-27.266354,187.0
691.0,795.0,3.3052988,-14.04057,-3.3052988,14.057425,-3.3052988,14.057425,3.3052988,-14.04057,187.0
878.0,691.0,3.7694802,-16.585707,-3.7694802,16.599041,-3.7694802,16.599041,3.7694802,-16.585707,187.0
692.0,778.0,19.69564,-115.69257,-19.69564,115.69467,-19.69564,115.69467,19.69564,-115.69257,251.0
692.0,1031.0,17.004154,-99.768936,-17.004154,99.77136,-17.004154,99.77136,17.004154,-99.768936,251.0
790.0,693.0,5.0781484,-22.372944,-5.0781484,22.382835,-5.0781484,22.382835,5.0781484,-22.372944,187.0
693.0,804.0,4.0924706,-18.02745,-4.0924706,18.03972,-4.0924706,18.03972,4.0924706,-18.02745,187.0
737.0,694.0,19.416523,-141.63646,-19.416523,141.63843,-19.416523,141.63843,19.416523,-141.63646,310.0
737.0,694.0,19.416523,-141.63646,-19.416523,141.63843,-19.416523,141.63843,19.416523,-141.63646,310.0
695.0,843.0,29.759892,-366.49762,-29.759892,366.58777,-29.759892,366.58777,29.759892,-366.49762,2020.0
695.0,974.0,13.478199,-273.18076,-13.478199,273.30792,-13.478199,273.30792,13.478199,-273.18076,2768.0
695.0,1156.0,4.7220254,-95.744965,-4.7220254,96.10711,-4.7220254,96.10711,4.7220254,-95.744965,2768.0
727.0,696.0,8.875046,-52.07344,-8.875046,52.078102,-8.875046,52.078102,8.875046,-52.07344,251.0
719.0,698.0,4.2154803,-24.716812,-4.2154803,24.726624,-4.2154803,24.726624,4.2154803,-24.716812,251.0
719.0,699.0,3.1259239,-18.30709,-3.1259239,18.320332,-3.1259239,18.320332,3.1259239,-18.30709,251.0
733.0,699.0,4.9676933,-21.11207,-4.9676933,21.123291,-4.9676933,21.123291,4.9676933,-21.11207,187.0
699.0,828.0,4.0429516,-22.835838,-4.0429516,22.847254,-4.0429516,22.847254,4.0429516,-22.835838,251.0
700.0,852.0,5.445779,-30.753345,-5.445779,30.76182,-5.445779,30.76182,5.445779,-30.753345,251.0
701.0,952.0,32.583397,-392.4684,-32.583397,392.55237,-32.583397,392.55237,32.583397,-392.4684,2020.0
701.0,1015.0,5.9199715,-71.35928,-5.9199715,71.818596,-5.9199715,71.818596,5.9199715,-71.35928,2020.0
703.0,747.0,26.132137,-115.28692,-26.132137,115.28883,-26.132137,115.28883,26.132137,-115.28692,310.0
703.0,797.0,5.9350505,-26.13162,-5.9350505,26.14009,-5.9350505,26.14009,5.9350505,-26.13162,409.0
908.0,703.0,27.472994,-121.157166,-27.472994,121.15899,-27.472994,121.15899,27.472994,-121.157166,310.0
704.0,1030.0,33.955616,-150.30556,-33.955616,150.30702,-33.955616,150.30702,33.955616,-150.30556,187.0
705.0,972.0,6.974221,-30.731033,-6.974221,30.738234,-6.974221,30.738234,6.974221,-30.731033,187.0
706.0,1030.0,2.9907904,-13.160576,-2.9907904,13.177371,-2.9907904,13.177371,2.9907904,-13.160576,187.0
707.0,780.0,9.064421,-53.21612,-9.064421,53.22068,-9.064421,53.22068,9.064421,-53.21612,409.0
992.0,707.0,15.989958,-121.19278,-15.989958,121.194916,-15.989958,121.194916,15.989958,-121.19278,409.0
992.0,707.0,15.989958,-121.19278,-15.989958,121.194916,-15.989958,121.194916,15.989958,-121.19278,409.0
708.0,878.0,4.445651,-18.89847,-4.445651,18.911001,-4.445651,18.911001,4.445651,-18.89847,187.0
953.0,708.0,10.357396,-45.629005,-10.357396,45.633854,-10.357396,45.633854,10.357396,-45.629005,187.0
709.0,815.0,14.594041,-107.05928,-14.594041,107.06188,-14.594041,107.06188,14.594041,-107.05928,310.0
709.0,815.0,14.594041,-107.05928,-14.594041,107.06188,-14.594041,107.06188,14.594041,-107.05928,310.0
709.0,887.0,13.790701,-100.88711,-13.790701,100.88986,-13.790701,100.88986,13.790701,-100.88711,310.0
709.0,887.0,13.790701,-100.88711,-13.790701,100.88986,-13.790701,100.88986,13.790701,-100.88711,310.0
709.0,887.0,13.790701,-100.88711,-13.790701,100.88986,-13.790701,100.88986,13.790701,-100.88711,310.0
710.0,713.0,5.8647456,-34.378365,-5.8647456,34.385418,-5.8647456,34.385418,5.8647456,-34.378365,251.0
710.0,716.0,17.708387,-134.65561,-17.708387,134.65753,-17.708387,134.65753,17.708387,-134.65561,310.0
710.0,716.0,17.708387,-134.65561,-17.708387,134.65753,-17.708387,134.65753,17.708387,-134.65561,310.0
900.0,710.0,16.247984,-123.32785,-16.247984,123.32994,-16.247984,123.32994,16.247984,-123.32785,310.0
900.0,710.0,16.247984,-123.32785,-16.247984,123.32994,-16.247984,123.32994,16.247984,-123.32785,310.0
900.0,710.0,16.247984,-123.32785,-16.247984,123.32994,-16.247984,123.32994,16.247984,-123.32785,310.0
710.0,976.0,10.818399,-63.337486,-10.818399,63.341316,-10.818399,63.341316,10.818399,-63.337486,251.0
711.0,752.0,16.95841,-72.235146,-16.95841,72.23842,-16.95841,72.23842,16.95841,-72.235146,187.0
711.0,788.0,7.7976575,-45.746696,-7.7976575,45.752,-7.7976575,45.752,7.7976575,-45.746696,251.0
712.0,899.0,23.55915,-100.28321,-23.55915,100.285576,-23.55915,100.285576,23.55915,-100.28321,187.0
712.0,1021.0,8.571734,-36.423367,-8.571734,36.42987,-8.571734,36.42987,8.571734,-36.423367,187.0
1027.0,712.0,18.825178,-83.147934,-18.825178,83.1506,-18.825178,83.1506,18.825178,-83.147934,187.0
858.0,713.0,24.446941,-143.09721,-24.446941,143.0989,-24.446941,143.0989,24.446941,-143.09721,251.0
713.0,873.0,17.51435,-77.122826,-17.51435,77.125694,-17.51435,77.125694,17.51435,-77.122826,187.0
761.0,714.0,9.814827,-71.971535,-9.814827,71.975395,-9.814827,71.975395,9.814827,-71.971535,310.0
714.0,996.0,1.120786,-8.494653,-1.120786,8.524923,-1.120786,8.524923,1.120786,-8.494653,310.0
718.0,715.0,6.289316,-27.719978,-6.289316,27.727962,-6.289316,27.727962,6.289316,-27.719978,187.0
755.0,715.0,6.1196346,-26.964085,-6.1196346,26.97229,-6.1196346,26.97229,6.1196346,-26.964085,187.0
971.0,715.0,6.425223,-27.341946,-6.425223,27.35061,-6.425223,27.35061,6.425223,-27.341946,187.0
745.0,716.0,13.723926,-100.26382,-13.723926,100.266594,-13.723926,100.266594,13.723926,-100.26382,310.0
745.0,716.0,13.723926,-100.26382,-13.723926,100.266594,-13.723926,100.266594,13.723926,-100.26382,310.0
769.0,717.0,4.070879,-30.932287,-4.070879,30.940628,-4.070879,30.940628,4.070879,-30.932287,409.0
769.0,717.0,4.070879,-30.932287,-4.070879,30.940628,-4.070879,30.940628,4.070879,-30.932287,409.0
718.0,811.0,6.797149,-29.956715,-6.797149,29.9641,-6.797149,29.9641,6.797149,-29.956715,187.0
854.0,718.0,5.184827,-30.396986,-5.184827,30.404966,-5.184827,30.404966,5.184827,-30.396986,251.0
1020.0,720.0,4.2847195,-25.126503,-4.2847195,25.136154,-4.2847195,25.136154,4.2847195,-25.126503,251.0
721.0,758.0,15.132298,-64.37419,-15.132298,64.37787,-15.132298,64.37787,15.132298,-64.37419,187.0
897.0,721.0,7.223841,-54.84751,-7.223841,54.85222,-7.223841,54.85222,7.223841,-54.84751,310.0
897.0,721.0,7.223841,-54.84751,-7.223841,54.85222,-7.223841,54.85222,7.223841,-54.84751,310.0
880.0,722.0,14.998618,-110.317894,-14.998618,110.32041,-14.998618,110.32041,14.998618,-110.317894,409.0
880.0,722.0,14.998618,-110.317894,-14.998618,110.32041,-14.998618,110.32041,14.998618,-110.317894,409.0
938.0,722.0,12.878416,-94.018486,-12.878416,94.02145,-12.878416,94.02145,12.878416,-94.018486,500.0
938.0,722.0,12.878416,-94.018486,-12.878416,94.02145,-12.878416,94.02145,12.878416,-94.018486,500.0
835.0,723.0,2.516385,-11.066605,-2.516385,11.08657,-2.516385,11.08657,2.516385,-11.066605,187.0
729.0,724.0,18.611073,-109.44568,-18.611073,109.44789,-18.611073,109.44789,18.611073,-109.44568,310.0
725.0,745.0,8.99069,-39.602936,-8.99069,39.60853,-8.99069,39.60853,8.99069,-39.602936,187.0
725.0,836.0,13.071145,-55.57255,-13.071145,55.576817,-13.071145,55.576817,13.071145,-55.57255,310.0
880.0,725.0,19.55321,-114.87299,-19.55321,114.87511,-19.55321,114.87511,19.55321,-114.87299,409.0
725.0,920.0,5.801829,-34.01756,-5.801829,34.02469,-5.801829,34.02469,5.801829,-34.01756,251.0
726.0,775.0,4.5970526,-20.24025,-4.5970526,20.25118,-4.5970526,20.25118,4.5970526,-20.24025,187.0
726.0,1001.0,9.69271,-42.71952,-9.69271,42.7247,-9.69271,42.7247,9.69271,-42.71952,187.0
727.0,799.0,7.372329,-31.38464,-7.372329,31.392189,-7.372329,31.392189,7.372329,-31.38464,187.0
728.0,768.0,4.196901,-85.299065,-4.196901,85.70513,-4.196901,85.70513,4.196901,-85.299065,3146.0
728.0,1028.0,13.5521755,-273.92804,-13.5521755,274.0551,-13.5521755,274.0551,13.5521755,-273.92804,2768.0
739.0,729.0,13.495565,-102.60663,-13.495565,102.609146,-13.495565,102.609146,13.495565,-102.60663,409.0
739.0,729.0,13.495565,-102.60663,-13.495565,102.609146,-13.495565,102.609146,13.495565,-102.60663,409.0
739.0,729.0,13.495565,-102.60663,-13.495565,102.609146,-13.495565,102.609146,13.495565,-102.60663,409.0
732.0,767.0,7.7386556,-34.11952,-7.7386556,34.126003,-7.7386556,34.126003,7.7386556,-34.11952,187.0
732.0,809.0,5.9711275,-26.29073,-5.9711275,26.299145,-5.9711275,26.299145,5.9711275,-26.29073,187.0
732.0,875.0,17.514498,-102.48988,-17.514498,102.49225,-17.514498,102.49225,17.514498,-102.48988,251.0
1035.0,733.0,8.19085,-36.085663,-8.19085,36.091793,-8.19085,36.091793,8.19085,-36.085663,187.0
735.0,738.0,6.8818836,-40.330864,-6.8818836,40.33688,-6.8818836,40.33688,6.8818836,-40.330864,251.0
870.0,736.0,6.927727,-39.15556,-6.927727,39.16222,-6.927727,39.16222,6.927727,-39.15556,251.0
994.0,736.0,11.336103,-66.5106,-11.336103,66.514244,-11.336103,66.514244,11.336103,-66.5106,251.0
737.0,767.0,7.5358315,-44.184624,-7.5358315,44.190117,-7.5358315,44.190117,7.5358315,-44.184624,251.0
1038.0,738.0,5.540899,-31.332705,-5.540899,31.341024,-5.540899,31.341024,5.540899,-31.332705,251.0
759.0,739.0,11.992417,-67.65415,-11.992417,67.658005,-11.992417,67.658005,11.992417,-67.65415,409.0
739.0,934.0,8.89007,-67.45884,-8.89007,67.46267,-8.89007,67.46267,8.89007,-67.45884,409.0
739.0,934.0,8.89007,-67.45884,-8.89007,67.46267,-8.89007,67.46267,8.89007,-67.45884,409.0
741.0,750.0,3.2908807,-24.115671,-3.2908807,24.127195,-3.2908807,24.127195,3.2908807,-24.115671,310.0
741.0,750.0,3.2908807,-24.115671,-3.2908807,24.127195,-3.2908807,24.127195,3.2908807,-24.115671,310.0
741.0,851.0,10.848557,-46.129307,-10.848557,46.134445,-10.848557,46.134445,10.848557,-46.129307,360.0
822.0,742.0,9.451122,-41.692966,-9.451122,41.698277,-9.451122,41.698277,9.451122,-41.692966,187.0
872.0,742.0,7.715716,-45.25596,-7.715716,45.26132,-7.715716,45.26132,7.715716,-45.25596,251.0
742.0,918.0,6.806909,-28.954376,-6.806909,28.962557,-6.806909,28.962557,6.806909,-28.954376,187.0
922.0,743.0,4.4260426,-90.89553,-4.4260426,91.27669,-4.4260426,91.27669,4.4260426,-90.89553,3146.0
743.0,944.0,11.227264,-249.32106,-11.227264,249.49477,-11.227264,249.49477,11.227264,-249.32106,3146.0
743.0,1882.0,6.1097403,-124.7364,-6.1097403,125.01469,-6.1097403,125.01469,6.1097403,-124.7364,2768.0
743.0,1896.0,5.2696047,-107.76363,-5.2696047,108.08545,-5.2696047,108.08545,5.2696047,-107.76363,2768.0
744.0,1049.0,6.524331,-49.564713,-6.524331,49.56992,-6.524331,49.56992,6.524331,-49.564713,310.0
746.0,878.0,3.907993,-17.209766,-3.907993,17.222616,-3.907993,17.222616,3.907993,-17.209766,187.0
747.0,788.0,20.64114,-116.68339,-20.64114,116.68562,-20.64114,116.68562,20.64114,-116.68339,251.0
748.0,937.0,7.6944137,-32.71379,-7.6944137,32.72103,-7.6944137,32.72103,7.6944137,-32.71379,187.0
951.0,748.0,14.635925,-85.84105,-14.635925,85.84387,-14.635925,85.84387,14.635925,-85.84105,251.0
749.0,782.0,8.014097,-47.032127,-8.014097,47.03729,-8.014097,47.03729,8.014097,-47.032127,251.0
998.0,749.0,7.0039096,-53.334858,-7.0039096,53.33969,-7.0039096,53.33969,7.0039096,-53.334858,310.0
998.0,749.0,7.0039096,-53.334858,-7.0039096,53.33969,-7.0039096,53.33969,7.0039096,-53.334858,310.0
750.0,919.0,5.3774414,-39.33814,-5.3774414,39.345207,-5.3774414,39.345207,5.3774414,-39.33814,310.0
750.0,919.0,5.3774414,-39.33814,-5.3774414,39.345207,-5.3774414,39.345207,5.3774414,-39.33814,310.0
752.0,767.0,15.325553,-86.40537,-15.325553,86.408394,-15.325553,86.408394,15.325553,-86.40537,251.0
752.0,798.0,4.933838,-37.54193,-4.933838,37.5488,-4.933838,37.5488,4.933838,-37.54193,310.0
752.0,817.0,7.089021,-30.142065,-7.089021,30.149925,-7.089021,30.149925,7.089021,-30.142065,187.0
753.0,794.0,36.784027,-215.44817,-36.784027,215.4493,-36.784027,215.4493,36.784027,-215.44817,251.0
753.0,836.0,62.71982,-274.6961,-62.71982,274.69693,-62.71982,274.69693,62.71982,-274.6961,409.0
753.0,916.0,16.919142,-128.31544,-16.919142,128.31744,-16.919142,128.31744,16.919142,-128.31544,310.0
753.0,916.0,16.919142,-128.31544,-16.919142,128.31744,-16.919142,128.31744,16.919142,-128.31544,310.0
754.0,819.0,2.660471,-15.579361,-2.660471,15.594915,-2.660471,15.594915,2.660471,-15.579361,251.0
754.0,828.0,2.400917,-14.061895,-2.400917,14.079125,-2.400917,14.079125,2.400917,-14.061895,251.0
754.0,994.0,1.3520689,-10.261834,-1.3520689,10.28692,-1.3520689,10.28692,1.3520689,-10.261834,310.0
755.0,971.0,6.078781,-26.773066,-6.078781,26.78133,-6.078781,26.78133,6.078781,-26.773066,187.0
756.0,843.0,8.748661,-105.23231,-8.748661,105.54475,-8.748661,105.54475,8.748661,-105.23231,2020.0
1365.0,757.0,7.775519,-33.056095,-7.775519,33.06326,-7.775519,33.06326,7.775519,-33.056095,187.0
758.0,894.0,4.791769,-28.08412,-4.791769,28.09276,-4.791769,28.09276,4.791769,-28.08412,251.0
758.0,940.0,25.322292,-192.75044,-25.322292,192.75177,-25.322292,192.75177,25.322292,-192.75044,310.0
758.0,1026.0,13.787732,-80.84019,-13.787732,80.84319,-13.787732,80.84319,13.787732,-80.84019,251.0
760.0,768.0,11.493615,-140.06621,-11.493615,140.30138,-11.493615,140.30138,11.493615,-140.06621,2020.0
901.0,761.0,6.978511,-30.739998,-6.978511,30.747198,-6.978511,30.747198,6.978511,-30.739998,187.0
763.0,939.0,13.740431,-58.53742,-13.740431,58.54147,-13.740431,58.54147,13.740431,-58.53742,187.0
763.0,1002.0,29.071636,-164.64452,-29.071636,164.64609,-29.071636,164.64609,29.071636,-164.64452,251.0
819.0,764.0,5.5965204,-32.77538,-5.5965204,32.78278,-5.5965204,32.78278,5.5965204,-32.77538,251.0
840.0,765.0,7.730776,-45.362656,-7.730776,45.368004,-7.730776,45.368004,7.730776,-45.362656,251.0
891.0,765.0,6.1448135,-34.72188,-6.1448135,34.729393,-6.1448135,34.729393,6.1448135,-34.72188,251.0
766.0,945.0,5.785852,-24.618652,-5.785852,24.628271,-5.785852,24.628271,5.785852,-24.618652,187.0
990.0,766.0,4.3492837,-19.154654,-4.3492837,19.166204,-4.3492837,19.166204,4.3492837,-19.154654,187.0
925.0,768.0,20.044828,-426.32645,-20.044828,426.40814,-20.044828,426.40814,20.044828,-426.32645,2768.0
768.0,977.0,9.074839,-109.32316,-9.074839,109.62405,-9.074839,109.62405,9.074839,-109.32316,2020.0
773.0,810.0,7.719019,-33.99364,-7.719019,34.000153,-7.719019,34.000153,7.719019,-33.99364,187.0
811.0,773.0,7.3710413,-32.485718,-7.3710413,32.492527,-7.3710413,32.492527,7.3710413,-32.485718,187.0
774.0,797.0,14.270378,-83.468056,-14.270378,83.470955,-14.270378,83.470955,14.270378,-83.468056,251.0
774.0,992.0,27.020506,-152.95366,-27.020506,152.95537,-27.020506,152.95537,27.020506,-152.95366,409.0
775.0,839.0,7.974103,-35.168217,-7.974103,35.17451,-7.974103,35.17451,7.974103,-35.168217,187.0
775.0,891.0,7.2994895,-41.292965,-7.2994895,41.299282,-7.2994895,41.299282,7.2994895,-41.292965,251.0
776.0,820.0,2.6814418,-20.377298,-2.6814418,20.389954,-2.6814418,20.389954,2.6814418,-20.377298,310.0
897.0,776.0,4.821294,-36.686844,-4.821294,36.69388,-4.821294,36.69388,4.821294,-36.686844,310.0
777.0,814.0,6.019623,-44.15747,-6.019623,44.16377,-6.019623,44.16377,6.019623,-44.15747,409.0
778.0,793.0,13.111375,-57.735294,-13.111375,57.73913,-13.111375,57.73913,13.111375,-57.735294,187.0
1032.0,778.0,22.691174,-172.45142,-22.691174,172.45291,-22.691174,172.45291,22.691174,-172.45142,310.0
779.0,841.0,4.2193294,-24.708788,-4.2193294,24.718603,-4.2193294,24.718603,4.2193294,-24.708788,251.0
780.0,1006.0,32.751953,-191.24004,-32.751953,191.2413,-32.751953,191.2413,32.751953,-191.24004,251.0
780.0,1007.0,25.407969,-111.58353,-25.407969,111.58551,-25.407969,111.58551,25.407969,-111.58353,187.0
781.0,874.0,28.534908,-125.9857,-28.534908,125.98746,-28.534908,125.98746,28.534908,-125.9857,187.0
781.0,874.0,28.534908,-125.9857,-28.534908,125.98746,-28.534908,125.98746,28.534908,-125.9857,187.0
781.0,997.0,11.171745,-49.248108,-11.171745,49.2526,-11.171745,49.2526,11.171745,-49.248108,251.0
1047.0,781.0,14.550325,-106.46882,-14.550325,106.47143,-14.550325,106.47143,14.550325,-106.46882,409.0
1047.0,781.0,14.550325,-106.46882,-14.550325,106.47143,-14.550325,106.47143,14.550325,-106.46882,409.0
783.0,935.0,6.6949058,-28.494326,-6.6949058,28.50264,-6.6949058,28.50264,6.6949058,-28.494326,187.0
785.0,975.0,6.107344,-26.88538,-6.107344,26.89361,-6.107344,26.89361,6.107344,-26.88538,187.0
786.0,990.0,4.213549,-32.010742,-4.213549,32.018803,-4.213549,32.018803,4.213549,-32.010742,310.0
786.0,990.0,4.213549,-32.010742,-4.213549,32.018803,-4.213549,32.018803,4.213549,-32.010742,310.0
787.0,839.0,3.1032624,-18.180435,-3.1032624,18.193771,-3.1032624,18.193771,3.1032624,-18.180435,251.0
871.0,788.0,9.901277,-75.44315,-9.901277,75.44657,-9.901277,75.44657,9.901277,-75.44315,310.0
789.0,823.0,11.644484,-68.23408,-11.644484,68.23763,-11.644484,68.23763,11.644484,-68.23408,251.0
985.0,789.0,10.004981,-73.25672,-10.004981,73.26051,-10.004981,73.26051,10.004981,-73.25672,310.0
791.0,918.0,3.7588444,-22.012917,-3.7588444,22.023933,-3.7588444,22.023933,3.7588444,-22.012917,251.0
877.0,792.0,10.888548,-83.1011,-10.888548,83.1042,-10.888548,83.1042,10.888548,-83.1011,409.0
877.0,792.0,10.888548,-83.1011,-10.888548,83.1042,-10.888548,83.1042,10.888548,-83.1011,409.0
877.0,792.0,10.888548,-83.1011,-10.888548,83.1042,-10.888548,83.1042,10.888548,-83.1011,409.0
913.0,792.0,13.091062,-99.48947,-13.091062,99.492065,-13.091062,99.492065,13.091062,-99.48947,310.0
793.0,873.0,10.482897,-61.41806,-10.482897,61.42201,-10.482897,61.42201,10.482897,-61.41806,409.0
794.0,1042.0,9.214028,-39.202244,-9.214028,39.208286,-9.214028,39.208286,9.214028,-39.202244,187.0
850.0,795.0,2.5174015,-11.074737,-2.5174015,11.0946865,-2.5174015,11.0946865,2.5174015,-11.074737,187.0
796.0,815.0,7.734329,-34.05383,-7.734329,34.06033,-7.734329,34.06033,7.734329,-34.05383,187.0
1004.0,796.0,20.491804,-87.08744,-20.491804,87.090164,-20.491804,87.090164,20.491804,-87.08744,300.0
796.0,1006.0,7.953752,-35.005657,-7.953752,35.01198,-7.953752,35.01198,7.953752,-35.005657,187.0
797.0,903.0,9.215835,-40.58233,-9.215835,40.587784,-9.215835,40.587784,9.215835,-40.58233,187.0
798.0,860.0,4.1679997,-31.680918,-4.1679997,31.689058,-4.1679997,31.689058,4.1679997,-31.680918,310.0
798.0,860.0,4.1679997,-31.680918,-4.1679997,31.689058,-4.1679997,31.689058,4.1679997,-31.680918,310.0
799.0,835.0,3.4943385,-15.387153,-3.4943385,15.401527,-3.4943385,15.401527,3.4943385,-15.387153,187.0
975.0,799.0,7.2948937,-31.043995,-7.2948937,31.051626,-7.2948937,31.051626,7.2948937,-31.043995,187.0
800.0,958.0,5.495226,-66.395485,-5.495226,66.88861,-5.495226,66.88861,5.495226,-66.395485,2020.0
1015.0,803.0,10.319,-125.31145,-10.319,125.574295,-10.319,125.574295,10.319,-125.31145,2020.0
803.0,1259.0,5.6452417,-68.16366,-5.6452417,68.64424,-5.6452417,68.64424,5.6452417,-68.16366,2020.0
806.0,805.0,0.08171149,-2.1028862,-0.08171149,2.1028862,-0.08171149,2.1028862,0.08171149,-2.1028862,24.0
808.0,870.0,4.0024233,-23.443743,-4.0024233,23.454088,-4.0024233,23.454088,4.0024233,-23.443743,251.0
808.0,1006.0,10.335649,-43.900764,-10.335649,43.90616,-10.335649,43.90616,10.335649,-43.900764,187.0
809.0,818.0,6.708686,-29.534588,-6.708686,29.542078,-6.708686,29.542078,6.708686,-29.534588,251.0
809.0,903.0,15.151608,-64.51144,-15.151608,64.51511,-15.151608,64.51511,15.151608,-64.51144,187.0
825.0,810.0,9.124117,-53.474564,-9.124117,53.4791,-9.124117,53.4791,9.124117,-53.474564,251.0
812.0,992.0,14.929548,-87.37437,-14.929548,87.377144,-14.929548,87.377144,14.929548,-87.37437,251.0
812.0,1021.0,24.6015,-108.71671,-24.6015,108.71875,-24.6015,108.71875,24.6015,-108.71671,409.0
812.0,1047.0,14.117275,-62.104332,-14.117275,62.107895,-14.117275,62.107895,14.117275,-62.104332,187.0
856.0,813.0,9.427539,-71.75044,-9.427539,71.75404,-9.427539,71.75404,9.427539,-71.75044,310.0
856.0,813.0,9.427539,-71.75044,-9.427539,71.75404,-9.427539,71.75404,9.427539,-71.75044,310.0
814.0,949.0,11.46947,-86.98026,-11.46947,86.98323,-11.46947,86.98323,11.46947,-86.98026,500.0
814.0,949.0,11.46947,-86.98026,-11.46947,86.98323,-11.46947,86.98323,11.46947,-86.98026,500.0
814.0,949.0,11.46947,-86.98026,-11.46947,86.98323,-11.46947,86.98323,11.46947,-86.98026,500.0
814.0,949.0,11.46947,-86.98026,-11.46947,86.98323,-11.46947,86.98323,11.46947,-86.98026,500.0
815.0,1042.0,14.181029,-103.8816,-14.181029,103.884285,-14.181029,103.884285,14.181029,-103.8816,310.0
815.0,1042.0,14.181029,-103.8816,-14.181029,103.884285,-14.181029,103.884285,14.181029,-103.8816,310.0
816.0,904.0,9.412537,-39.972054,-9.412537,39.977978,-9.412537,39.977978,9.412537,-39.972054,187.0
816.0,1000.0,36.953274,-162.53748,-36.953274,162.53883,-36.953274,162.53883,36.953274,-162.53748,187.0
934.0,817.0,13.5511265,-102.81397,-13.5511265,102.81648,-13.5511265,102.81648,13.5511265,-102.81397,310.0
934.0,817.0,13.5511265,-102.81397,-13.5511265,102.81648,-13.5511265,102.81648,13.5511265,-102.81397,310.0
818.0,896.0,6.3950624,-28.188942,-6.3950624,28.19679,-6.3950624,28.19679,6.3950624,-28.188942,187.0
818.0,984.0,8.448726,-64.11428,-8.448726,64.1183,-8.448726,64.1183,8.448726,-64.11428,310.0
818.0,984.0,8.448726,-64.11428,-8.448726,64.1183,-8.448726,64.1183,8.448726,-64.11428,310.0
818.0,1021.0,7.734329,-34.053833,-7.734329,34.06033,-7.734329,34.06033,7.734329,-34.053833,187.0
821.0,820.0,14.662663,-82.87278,-14.662663,82.87592,-14.662663,82.87592,14.662663,-82.87278,251.0
820.0,991.0,5.9724774,-34.98372,-5.9724774,34.990654,-5.9724774,34.990654,5.9724774,-34.98372,251.0
1003.0,820.0,4.5963483,-34.937283,-4.5963483,34.944668,-4.5963483,34.944668,4.5963483,-34.937283,310.0
872.0,822.0,8.510567,-49.905,-8.510567,49.90986,-8.510567,49.90986,8.510567,-49.905,310.0
823.0,976.0,12.15115,-71.18252,-12.15115,71.18592,-12.15115,71.18592,12.15115,-71.18252,251.0
881.0,824.0,51.54639,-1133.9825,-51.54639,1134.0206,-51.54639,1134.0206,51.54639,-1133.9825,4352.0
828.0,1035.0,4.568783,-25.82004,-4.568783,25.830135,-4.568783,25.830135,4.568783,-25.82004,251.0
1047.0,829.0,16.431782,-125.23046,-16.431782,125.23252,-16.431782,125.23252,16.431782,-125.23046,409.0
1047.0,829.0,16.431782,-125.23046,-16.431782,125.23252,-16.431782,125.23252,16.431782,-125.23046,409.0
1047.0,829.0,16.431782,-125.23046,-16.431782,125.23252,-16.431782,125.23252,16.431782,-125.23046,409.0
851.0,830.0,12.904974,-75.49088,-12.904974,75.4941,-12.904974,75.4941,12.904974,-75.49088,310.0
831.0,1030.0,5.6478233,-24.866253,-5.6478233,24.875147,-5.6478233,24.875147,5.6478233,-24.866253,187.0
1034.0,831.0,3.9860322,-17.549938,-3.9860322,17.562542,-3.9860322,17.562542,3.9860322,-17.549938,187.0
832.0,852.0,6.619853,-28.153158,-6.619853,28.161573,-6.619853,28.161573,6.619853,-28.153158,187.0
991.0,833.0,5.6418624,-41.274338,-5.6418624,41.281075,-5.6418624,41.281075,5.6418624,-41.274338,310.0
1009.0,833.0,10.71606,-78.66495,-10.71606,78.66849,-10.71606,78.66849,10.71606,-78.66495,310.0
1009.0,833.0,10.71606,-78.66495,-10.71606,78.66849,-10.71606,78.66849,10.71606,-78.66495,310.0
834.0,953.0,3.5697944,-20.902983,-3.5697944,20.914583,-3.5697944,20.914583,3.5697944,-20.902983,251.0
834.0,1001.0,5.925333,-25.178278,-5.925333,25.187687,-5.925333,25.187687,5.925333,-25.178278,187.0
834.0,1038.0,5.5237403,-32.338146,-5.5237403,32.345646,-5.5237403,32.345646,5.5237403,-32.338146,251.0
835.0,954.0,6.4476137,-28.416082,-6.4476137,28.423868,-6.4476137,28.423868,6.4476137,-28.416082,187.0
1031.0,836.0,45.33244,-199.79741,-45.33244,199.79852,-45.33244,199.79852,45.33244,-199.79741,187.0
837.0,903.0,8.056737,-34.29319,-8.056737,34.300102,-8.056737,34.300102,8.056737,-34.29319,187.0
837.0,986.0,13.880941,-81.30939,-13.880941,81.31238,-13.880941,81.31238,13.880941,-81.30939,251.0
838.0,893.0,5.9201756,-34.684242,-5.9201756,34.69124,-5.9201756,34.69124,5.9201756,-34.684242,251.0
838.0,938.0,9.206807,-39.187725,-9.206807,39.193768,-9.206807,39.193768,9.206807,-39.187725,187.0
839.0,1040.0,2.6318607,-15.408198,-2.6318607,15.423928,-2.6318607,15.423928,2.6318607,-15.408198,251.0
923.0,840.0,5.605191,-31.657991,-5.605191,31.666227,-5.605191,31.666227,5.605191,-31.657991,251.0
841.0,879.0,5.14029,-22.638784,-5.14029,22.64856,-5.14029,22.64856,5.14029,-22.638784,187.0
844.0,842.0,14.001913,-82.067665,-14.001913,82.07062,-14.001913,82.07062,14.001913,-82.067665,251.0
954.0,842.0,7.5746737,-33.387596,-7.5746737,33.394226,-7.5746737,33.394226,7.5746737,-33.387596,187.0
843.0,922.0,9.054458,-109.94499,-9.054458,110.24414,-9.054458,110.24414,9.054458,-109.94499,2020.0
844.0,1025.0,6.9078674,-52.534195,-6.9078674,52.539104,-6.9078674,52.539104,6.9078674,-52.534195,310.0
848.0,1018.0,4.861875,-35.572853,-4.861875,35.580673,-4.861875,35.580673,4.861875,-35.572853,310.0
853.0,1000.0,35.03829,-267.89594,-35.03829,267.8969,-35.03829,267.8969,35.03829,-267.89594,310.0
853.0,1000.0,35.03829,-267.89594,-35.03829,267.8969,-35.03829,267.8969,35.03829,-267.89594,310.0
854.0,909.0,4.6140814,-27.035719,-4.6140814,27.04469,-4.6140814,27.04469,4.6140814,-27.035719,251.0
855.0,856.0,10.619435,-62.161556,-10.619435,62.16546,-10.619435,62.16546,10.619435,-62.161556,409.0
993.0,855.0,8.982922,-39.624954,-8.982922,39.63054,-8.982922,39.63054,8.982922,-39.624954,187.0
855.0,1002.0,6.9902396,-30.833878,-6.9902396,30.841059,-6.9902396,30.841059,6.9902396,-30.833878,187.0
856.0,876.0,13.056467,-55.616287,-13.056467,55.62055,-13.056467,55.62055,13.056467,-55.616287,187.0
857.0,902.0,4.208158,-31.990602,-4.208158,31.998667,-4.208158,31.998667,4.208158,-31.990602,310.0
857.0,902.0,4.208158,-31.990602,-4.208158,31.998667,-4.208158,31.998667,4.208158,-31.990602,310.0
857.0,966.0,5.1437097,-37.708332,-5.1437097,37.715706,-5.1437097,37.715706,5.1437097,-37.708332,409.0
857.0,966.0,5.1437097,-37.708332,-5.1437097,37.715706,-5.1437097,37.715706,5.1437097,-37.708332,409.0
868.0,859.0,60.850803,-741.2288,-60.850803,741.27344,-60.850803,741.27344,60.850803,-741.2288,2020.0
859.0,1008.0,3.4919436,-70.56399,-3.4919436,71.05346,-3.4919436,71.05346,3.4919436,-70.56399,2768.0
860.0,964.0,8.566332,-62.681904,-8.566332,62.686337,-8.566332,62.686337,8.566332,-62.681904,409.0
871.0,905.0,15.211105,-116.0681,-15.211105,116.07033,-15.211105,116.07033,15.211105,-116.0681,310.0
871.0,905.0,15.211105,-116.0681,-15.211105,116.07033,-15.211105,116.07033,15.211105,-116.0681,310.0
915.0,872.0,11.397018,-83.62229,-11.397018,83.62562,-11.397018,83.62562,11.397018,-83.62229,409.0
915.0,872.0,11.397018,-83.62229,-11.397018,83.62562,-11.397018,83.62562,11.397018,-83.62229,409.0
874.0,903.0,8.219452,-36.209126,-8.219452,36.215237,-8.219452,36.215237,8.219452,-36.209126,187.0
874.0,943.0,30.38328,-133.53473,-30.38328,133.53639,-30.38328,133.53639,30.38328,-133.53473,409.0
874.0,1002.0,6.716372,-39.366776,-6.716372,39.372936,-6.716372,39.372936,6.716372,-39.366776,251.0
880.0,918.0,9.474812,-41.74251,-9.474812,41.747814,-9.474812,41.747814,9.474812,-41.74251,187.0
952.0,881.0,5.305286,-63.646683,-5.305286,64.160805,-5.305286,64.160805,5.305286,-63.646683,2020.0
965.0,881.0,40.498947,-899.02826,-40.498947,899.0766,-40.498947,899.0766,40.498947,-899.02826,3146.0
965.0,881.0,40.498947,-899.02826,-40.498947,899.0766,-40.498947,899.0766,40.498947,-899.02826,3146.0
1037.0,882.0,6.9964437,-53.306908,-6.9964437,53.311745,-6.9964437,53.311745,6.9964437,-53.306908,310.0
1037.0,882.0,6.9964437,-53.306908,-6.9964437,53.311745,-6.9964437,53.311745,6.9964437,-53.306908,310.0
886.0,948.0,21.779299,-264.03696,-21.779299,264.1618,-21.779299,264.1618,21.779299,-264.03696,2020.0
1012.0,886.0,51.67577,-605.29016,-51.67577,605.3447,-51.67577,605.3447,51.67577,-605.29016,2020.0
940.0,887.0,15.098389,-110.677414,-15.098389,110.679924,-15.098389,110.679924,15.098389,-110.677414,310.0
940.0,887.0,15.098389,-110.677414,-15.098389,110.679924,-15.098389,110.679924,15.098389,-110.677414,310.0
887.0,989.0,6.3970275,-48.70867,-6.3970275,48.713966,-6.3970275,48.713966,6.3970275,-48.70867,310.0
887.0,989.0,6.3970275,-48.70867,-6.3970275,48.713966,-6.3970275,48.713966,6.3970275,-48.70867,310.0
1010.0,892.0,6.0159173,-25.57393,-6.0159173,25.58319,-6.0159173,25.58319,6.0159173,-25.57393,187.0
894.0,997.0,5.812425,-44.152718,-5.812425,44.15856,-5.812425,44.15856,5.812425,-44.152718,310.0
964.0,895.0,5.9731236,-35.023613,-5.9731236,35.030537,-5.9731236,35.030537,5.9731236,-35.023613,251.0
1014.0,895.0,6.282665,-27.687347,-6.282665,27.695341,-6.282665,27.695341,6.282665,-27.687347,187.0
993.0,896.0,15.653052,-68.960236,-15.653052,68.96345,-15.653052,68.96345,15.653052,-68.960236,187.0
991.0,897.0,3.554173,-27.025963,-3.554173,27.035507,-3.554173,27.035507,3.554173,-27.025963,310.0
991.0,897.0,3.554173,-27.025963,-3.554173,27.035507,-3.554173,27.035507,3.554173,-27.025963,310.0
898.0,1048.0,2.5465624,-14.907838,-2.5465624,14.924093,-2.5465624,14.924093,2.5465624,-14.907838,251.0
899.0,936.0,10.685642,-47.100784,-10.685642,47.105484,-10.685642,47.105484,10.685642,-47.100784,187.0
899.0,989.0,7.908283,-57.841557,-7.908283,57.846363,-7.908283,57.846363,7.908283,-57.841557,310.0
915.0,900.0,14.353048,-109.34841,-14.353048,109.35077,-14.353048,109.35077,14.353048,-109.34841,409.0
915.0,900.0,14.353048,-109.34841,-14.353048,109.35077,-14.353048,109.35077,14.353048,-109.34841,409.0
915.0,900.0,14.353048,-109.34841,-14.353048,109.35077,-14.353048,109.35077,14.353048,-109.34841,409.0
1045.0,902.0,5.05074,-38.3759,-5.05074,38.382626,-5.05074,38.382626,5.05074,-38.3759,310.0
1045.0,902.0,5.05074,-38.3759,-5.05074,38.382626,-5.05074,38.382626,5.05074,-38.3759,310.0
904.0,1026.0,6.4842086,-37.96407,-6.4842086,37.97046,-6.4842086,37.97046,6.4842086,-37.96407,251.0
904.0,1031.0,64.1487,-272.23996,-64.1487,272.2408,-64.1487,272.2408,64.1487,-272.23996,187.0
986.0,905.0,14.457815,-106.1361,-14.457815,106.13872,-14.457815,106.13872,14.457815,-106.1361,409.0
986.0,905.0,14.457815,-106.1361,-14.457815,106.13872,-14.457815,106.13872,14.457815,-106.1361,409.0
905.0,1029.0,5.9429865,-43.588425,-5.9429865,43.594807,-5.9429865,43.594807,5.9429865,-43.588425,310.0
905.0,1029.0,5.9429865,-43.588425,-5.9429865,43.594807,-5.9429865,43.594807,5.9429865,-43.588425,310.0
905.0,1029.0,5.9429865,-43.588425,-5.9429865,43.594807,-5.9429865,43.594807,5.9429865,-43.588425,310.0
905.0,1029.0,5.9429865,-43.588425,-5.9429865,43.594807,-5.9429865,43.594807,5.9429865,-43.588425,310.0
936.0,908.0,26.247572,-115.8543,-26.247572,115.85622,-26.247572,115.85622,26.247572,-115.8543,187.0
908.0,1046.0,12.74307,-56.098663,-12.74307,56.102608,-12.74307,56.102608,12.74307,-56.098663,187.0
939.0,910.0,27.347504,-160.6319,-27.347504,160.6334,-27.347504,160.6334,27.347504,-160.6319,251.0
910.0,1005.0,10.126869,-76.97291,-10.126869,76.976265,-10.126869,76.976265,10.126869,-76.97291,310.0
910.0,1005.0,10.126869,-76.97291,-10.126869,76.976265,-10.126869,76.976265,10.126869,-76.97291,310.0
1007.0,910.0,26.212908,-191.72725,-26.212908,191.7287,-26.212908,191.7287,26.212908,-191.72725,310.0
1007.0,910.0,26.212908,-191.72725,-26.212908,191.7287,-26.212908,191.7287,26.212908,-191.72725,310.0
912.0,919.0,6.044325,-26.631493,-6.044325,26.639803,-6.044325,26.639803,6.044325,-26.631493,187.0
913.0,1026.0,12.958361,-73.11468,-12.958361,73.11824,-12.958361,73.11824,12.958361,-73.11468,251.0
914.0,1012.0,11.244717,-135.06146,-11.244717,135.30528,-11.244717,135.30528,11.244717,-135.06146,2020.0
914.0,1028.0,12.654178,-153.78465,-12.654178,153.99896,-12.654178,153.99896,12.654178,-153.78465,2020.0
915.0,995.0,6.1080465,-35.797195,-6.1080465,35.80397,-6.1080465,35.80397,6.1080465,-35.797195,251.0
940.0,917.0,20.0,-139.9975,-20.0,140.0,-20.0,140.0,20.0,-139.9975,350.0
940.0,917.0,20.0,-139.9975,-20.0,140.0,-20.0,140.0,20.0,-139.9975,350.0
917.0,1032.0,9.202485,-70.11525,-9.202485,70.118935,-9.202485,70.118935,9.202485,-70.11525,310.0
919.0,1009.0,5.114853,-38.90939,-5.114853,38.91602,-5.114853,38.91602,5.114853,-38.90939,310.0
919.0,1009.0,5.114853,-38.90939,-5.114853,38.91602,-5.114853,38.91602,5.114853,-38.90939,310.0
950.0,920.0,30.166914,-171.04488,-30.166914,171.0464,-30.166914,171.0464,30.166914,-171.04488,251.0
920.0,995.0,5.307214,-30.012857,-5.307214,30.021542,-5.307214,30.021542,5.307214,-30.012857,251.0
921.0,950.0,5.6390967,-41.329243,-5.6390967,41.33597,-5.6390967,41.33597,5.6390967,-41.329243,310.0
1994.0,922.0,6.5618076,-132.74791,-6.5618076,133.00961,-6.5618076,133.00961,6.5618076,-132.74791,2768.0
937.0,997.0,11.780592,-69.06021,-11.780592,69.06372,-11.780592,69.06372,11.780592,-69.06021,251.0
949.0,938.0,14.252231,-104.55082,-14.252231,104.553474,-14.252231,104.553474,14.252231,-104.55082,409.0
949.0,938.0,14.252231,-104.55082,-14.252231,104.553474,-14.252231,104.553474,14.252231,-104.55082,409.0
949.0,938.0,14.252231,-104.55082,-14.252231,104.553474,-14.252231,104.553474,14.252231,-104.55082,409.0
941.0,1041.0,8.601679,-50.47761,-8.601679,50.482414,-8.601679,50.482414,8.601679,-50.47761,251.0
1034.0,942.0,18.271027,-80.677185,-18.271027,80.67993,-18.271027,80.67993,18.271027,-80.677185,409.0
943.0,1006.0,7.3651114,-43.223557,-7.3651114,43.229164,-7.3651114,43.229164,7.3651114,-43.223557,251.0
944.0,948.0,7.4546413,-168.9067,-7.4546413,169.16301,-7.4546413,169.16301,7.4546413,-168.9067,3146.0
945.0,1003.0,6.171075,-46.961994,-6.171075,46.967487,-6.171075,46.967487,6.171075,-46.961994,310.0
945.0,1003.0,6.171075,-46.961994,-6.171075,46.967487,-6.171075,46.967487,6.171075,-46.961994,310.0
951.0,993.0,13.500143,-59.553547,-13.500143,59.557262,-13.500143,59.557262,13.500143,-59.553547,187.0
1033.0,951.0,17.914083,-136.14514,-17.914083,136.14703,-17.914083,136.14703,17.914083,-136.14514,310.0
952.0,1906.0,3.8530066,-78.2963,-3.8530066,78.73805,-3.8530066,78.73805,3.8530066,-78.2963,2768.0
953.0,957.0,3.994346,-23.386694,-3.994346,23.397064,-3.994346,23.397064,3.994346,-23.386694,251.0
954.0,1022.0,7.3208647,-32.253094,-7.3208647,32.259953,-7.3208647,32.259953,7.3208647,-32.253094,187.0
956.0,955.0,0.14916466,-3.229671,-0.14916466,3.229671,-0.14916466,3.229671,0.14916466,-3.229671,50.0
1023.0,955.0,3.2648175,-18.632757,-3.2648175,18.636667,-3.2648175,18.636667,3.2648175,-18.632757,98.0
962.0,961.0,0.03263577,-1.2773174,-0.03263577,1.2773174,-0.03263577,1.2773174,0.03263577,-1.2773174,21.0
971.0,1034.0,2.7539089,-12.115059,-2.7539089,12.133299,-2.7539089,12.133299,2.7539089,-12.115059,187.0
972.0,985.0,9.025161,-39.751682,-9.025161,39.757248,-9.025161,39.757248,9.025161,-39.751682,187.0
973.0,1011.0,16.066715,-90.78682,-16.066715,90.78969,-16.066715,90.78969,16.066715,-90.78682,251.0
974.0,1015.0,16.549442,-202.56789,-16.549442,202.73065,-16.549442,202.73065,16.549442,-202.56789,2020.0
975.0,1041.0,8.528894,-50.034767,-8.528894,50.039616,-8.528894,50.039616,8.528894,-50.034767,251.0
1365.0,975.0,6.2883406,-26.737347,-6.2883406,26.746208,-6.2883406,26.746208,6.2883406,-26.737347,187.0
978.0,1035.0,4.9928975,-21.226507,-4.9928975,21.237663,-4.9928975,21.237663,4.9928975,-21.226507,187.0
996.0,994.0,4.9571395,-37.684757,-4.9571395,37.691605,-4.9571395,37.691605,4.9571395,-37.684757,310.0
999.0,1035.0,4.3877997,-18.656609,-4.3877997,18.669298,-4.3877997,18.669298,4.3877997,-18.656609,187.0
1007.0,1033.0,23.958982,-105.41742,-23.958982,105.419525,-23.958982,105.419525,23.958982,-105.41742,380.0
1034.0,1010.0,11.005192,-48.492474,-11.005192,48.497036,-11.005192,48.497036,11.005192,-48.492474,187.0
1012.0,1043.0,17.460445,-210.71194,-17.460445,210.86845,-17.460445,210.86845,17.460445,-210.71194,2020.0
1024.0,1023.0,0.15760854,-2.872033,-0.15760854,2.872033,-0.15760854,2.872033,0.15760854,-2.872033,35.0
1189.0,1023.0,4.5999336,-20.497643,-4.5999336,20.501049,-4.5999336,20.501049,4.5999336,-20.497643,149.0
1023.0,1374.0,2.8743756,-12.799212,-2.8743756,12.804663,-2.8743756,12.804663,2.8743756,-12.799212,149.0
1027.0,1042.0,28.46119,-161.36797,-28.46119,161.36957,-28.46119,161.36957,28.46119,-161.36797,409.0
1031.0,1046.0,17.106401,-100.059715,-17.106401,100.06214,-17.106401,100.06214,17.106401,-100.059715,409.0
1050.0,1330.0,11.53695,-65.86683,-11.53695,65.867935,-11.53695,65.867935,11.53695,-65.86683,250.0
1050.0,1332.0,9.795501,-23.957106,-9.795501,23.959446,-9.795501,23.959446,9.795501,-23.957106,98.0
1050.0,1361.0,6.1719704,-27.49728,-6.1719704,27.49982,-6.1719704,27.49982,6.1719704,-27.49728,221.0
1051.0,1109.0,2.7245722,-16.351646,-2.7245722,16.355682,-2.7245722,16.355682,2.7245722,-16.351646,98.0
1051.0,1340.0,11.769396,-75.99713,-11.769396,75.99836,-11.769396,75.99836,11.769396,-75.99713,221.0
1051.0,1340.0,11.769396,-75.99713,-11.769396,75.99836,-11.769396,75.99836,11.769396,-75.99713,221.0
1051.0,1381.0,6.420633,-28.6236,-6.420633,28.62604,-6.420633,28.62604,6.420633,-28.6236,149.0
1150.0,1052.0,19.801981,-197.8548,-19.801981,198.0198,-19.801981,198.0198,19.801981,-197.8548,2300.0
1052.0,1156.0,10.319,-125.31139,-10.319,125.574295,-10.319,125.574295,10.319,-125.31139,2020.0
1341.0,1052.0,11.92741,-243.77296,-11.92741,243.91553,-11.92741,243.91553,11.92741,-243.77296,2768.0
1151.0,1053.0,4.6447926,-48.299206,-4.6447926,48.334133,-4.6447926,48.334133,4.6447926,-48.299206,1400.0
1061.0,1054.0,2.5189002,-17.201092,-2.5189002,17.205933,-2.5189002,17.205933,2.5189002,-17.201092,221.0
1061.0,1054.0,2.5189002,-17.201092,-2.5189002,17.205933,-2.5189002,17.205933,2.5189002,-17.201092,221.0
1054.0,1166.0,3.0350397,-19.589336,-3.0350397,19.594091,-3.0350397,19.594091,3.0350397,-19.589336,221.0
1054.0,1166.0,3.0350397,-19.589336,-3.0350397,19.594091,-3.0350397,19.594091,3.0350397,-19.589336,221.0
1060.0,1117.0,4.6731706,-32.515465,-4.6731706,32.51793,-4.6731706,32.51793,4.6731706,-32.515465,221.0
1212.0,1060.0,7.0956783,-45.89342,-7.0956783,45.89545,-7.0956783,45.89545,7.0956783,-45.89342,221.0
1076.0,1061.0,3.1216288,-21.755909,-3.1216288,21.759588,-3.1216288,21.759588,3.1216288,-21.755909,221.0
1076.0,1061.0,3.1216288,-21.755909,-3.1216288,21.759588,-3.1216288,21.759588,3.1216288,-21.755909,221.0
1075.0,1062.0,4.518477,-29.18373,-4.518477,29.186918,-4.518477,29.186918,4.518477,-29.18373,221.0
1062.0,1177.0,4.914005,-29.481789,-4.914005,29.48403,-4.914005,29.48403,4.914005,-29.481789,98.0
1062.0,1217.0,12.492138,-54.61254,-12.492138,54.61387,-12.492138,54.61387,12.492138,-54.61254,149.0
1062.0,1274.0,3.6308632,-20.7234,-3.6308632,20.726915,-3.6308632,20.726915,3.6308632,-20.7234,98.0
1063.0,1145.0,6.058525,-14.803379,-6.058525,14.807169,-6.058525,14.807169,6.058525,-14.803379,98.0
1182.0,1063.0,4.6829443,-20.497066,-4.6829443,20.500595,-4.6829443,20.500595,4.6829443,-20.497066,149.0
1063.0,1188.0,2.771081,-16.625359,-2.771081,16.629328,-2.771081,16.629328,2.771081,-16.625359,98.0
1064.0,1161.0,7.2078285,-17.61072,-7.2078285,17.613905,-7.2078285,17.613905,7.2078285,-17.61072,98.0
1285.0,1064.0,5.575802,-23.126205,-5.575802,23.129671,-5.575802,23.129671,5.575802,-23.126205,149.0
1065.0,1217.0,5.3542714,-37.251114,-5.3542714,37.253265,-5.3542714,37.253265,5.3542714,-37.251114,221.0
1065.0,1217.0,5.3542714,-37.251114,-5.3542714,37.253265,-5.3542714,37.253265,5.3542714,-37.251114,221.0
1248.0,1065.0,10.084824,-68.89559,-10.084824,68.896805,-10.084824,68.896805,10.084824,-68.89559,221.0
1248.0,1065.0,10.084824,-68.89559,-10.084824,68.896805,-10.084824,68.896805,10.084824,-68.89559,221.0
1248.0,1065.0,10.084824,-68.89559,-10.084824,68.896805,-10.084824,68.896805,10.084824,-68.89559,221.0
1065.0,1403.0,17.452868,-72.35903,-17.452868,72.360146,-17.452868,72.360146,17.452868,-72.35903,400.0
1117.0,1066.0,5.4782853,-35.39453,-5.4782853,35.397163,-5.4782853,35.397163,5.4782853,-35.39453,221.0
1117.0,1066.0,5.4782853,-35.39453,-5.4782853,35.397163,-5.4782853,35.397163,5.4782853,-35.39453,221.0
1117.0,1066.0,5.4782853,-35.39453,-5.4782853,35.397163,-5.4782853,35.397163,5.4782853,-35.39453,221.0
1066.0,1208.0,8.989412,-61.45845,-8.989412,61.459805,-8.989412,61.459805,8.989412,-61.45845,221.0
1066.0,1208.0,8.989412,-61.45845,-8.989412,61.459805,-8.989412,61.459805,8.989412,-61.45845,221.0
1066.0,1208.0,8.989412,-61.45845,-8.989412,61.459805,-8.989412,61.459805,8.989412,-61.45845,221.0
1209.0,1067.0,11.945348,-81.5124,-11.945348,81.51342,-11.945348,81.51342,11.945348,-81.5124,221.0
1209.0,1067.0,11.945348,-81.5124,-11.945348,81.51342,-11.945348,81.51342,11.945348,-81.5124,221.0
1209.0,1067.0,11.945348,-81.5124,-11.945348,81.51342,-11.945348,81.51342,11.945348,-81.5124,221.0
1067.0,1305.0,8.956484,-57.889534,-8.956484,57.891144,-8.956484,57.891144,8.956484,-57.889534,221.0
1067.0,1305.0,8.956484,-57.889534,-8.956484,57.891144,-8.956484,57.891144,8.956484,-57.889534,221.0
1067.0,1305.0,8.956484,-57.889534,-8.956484,57.891144,-8.956484,57.891144,8.956484,-57.889534,221.0
1089.0,1068.0,29.120134,-188.55238,-29.120134,188.55287,-29.120134,188.55287,29.120134,-188.55238,221.0
1089.0,1068.0,29.120134,-188.55238,-29.120134,188.55287,-29.120134,188.55287,29.120134,-188.55238,221.0
1089.0,1068.0,29.120134,-188.55238,-29.120134,188.55287,-29.120134,188.55287,29.120134,-188.55238,221.0
1068.0,1162.0,15.1912565,-98.15035,-15.1912565,98.151306,-15.1912565,98.151306,15.1912565,-98.15035,221.0
1068.0,1162.0,15.1912565,-98.15035,-15.1912565,98.151306,-15.1912565,98.151306,15.1912565,-98.15035,221.0
1068.0,1355.0,13.552357,-33.123444,-13.552357,33.125137,-13.552357,33.125137,13.552357,-33.123444,98.0
1068.0,1362.0,3.9061854,-26.657679,-3.9061854,26.660805,-3.9061854,26.660805,3.9061854,-26.657679,221.0
1068.0,1362.0,3.9061854,-26.657679,-3.9061854,26.660805,-3.9061854,26.660805,3.9061854,-26.657679,221.0
1069.0,1261.0,15.606268,-64.7293,-15.606268,64.730545,-15.606268,64.730545,15.606268,-64.7293,149.0
1069.0,1301.0,5.078884,-21.058073,-5.078884,21.061878,-5.078884,21.061878,5.078884,-21.058073,149.0
1167.0,1070.0,49.82752,-617.0412,-49.82752,617.09467,-49.82752,617.09467,49.82752,-617.0412,2020.0
1070.0,1259.0,12.732488,-154.25801,-12.732488,154.47151,-12.732488,154.47151,12.732488,-154.25801,2020.0
1364.0,1071.0,4.471741,-31.908562,-4.471741,31.936552,-4.471741,31.936552,4.471741,-31.908562,443.0
1071.0,1397.0,7.4695883,-53.374825,-7.4695883,53.39157,-7.4695883,53.39157,7.4695883,-53.374825,443.0
1169.0,1072.0,6.4090705,-28.012321,-6.4090705,28.014906,-6.4090705,28.014906,6.4090705,-28.012321,221.0
1072.0,1311.0,3.0322516,-21.117254,-3.0322516,21.121044,-3.0322516,21.121044,3.0322516,-21.117254,221.0
1072.0,1311.0,3.0322516,-21.117254,-3.0322516,21.121044,-3.0322516,21.121044,3.0322516,-21.117254,221.0
1073.0,1230.0,3.975532,-17.719345,-3.975532,17.723284,-3.975532,17.723284,3.975532,-17.719345,221.0
1073.0,1268.0,6.740351,-40.491028,-6.740351,40.49266,-6.740351,40.49266,6.740351,-40.491028,300.0
1073.0,1379.0,3.4829843,-20.908234,-3.4829843,20.911388,-3.4829843,20.911388,3.4829843,-20.908234,221.0
1074.0,1109.0,4.110336,-23.466686,-4.110336,23.469791,-4.110336,23.469791,4.110336,-23.466686,250.0
1170.0,1074.0,7.466415,-42.60738,-7.466415,42.609093,-7.466415,42.609093,7.466415,-42.60738,221.0
1074.0,1386.0,5.4146385,-37.71163,-5.4146385,37.713757,-5.4146385,37.713757,5.4146385,-37.71163,221.0
1074.0,1386.0,5.4146385,-37.71163,-5.4146385,37.713757,-5.4146385,37.713757,5.4146385,-37.71163,221.0
1399.0,1074.0,18.263073,-43.893345,-18.263073,43.894665,-18.263073,43.894665,18.263073,-43.893345,221.0
1075.0,1231.0,3.5033557,-23.945887,-3.5033557,23.949362,-3.5033557,23.949362,3.5033557,-23.945887,221.0
1285.0,1075.0,7.287973,-47.086044,-7.287973,47.088024,-7.287973,47.088024,7.287973,-47.086044,221.0
1285.0,1075.0,7.287973,-47.086044,-7.287973,47.088024,-7.287973,47.088024,7.287973,-47.086044,221.0
1076.0,1230.0,2.8466716,-19.830315,-2.8466716,19.834354,-2.8466716,19.834354,2.8466716,-19.830315,300.0
1175.0,1077.0,8.477086,-58.948086,-8.477086,58.949444,-8.477086,58.949444,8.477086,-58.948086,221.0
1175.0,1077.0,8.477086,-58.948086,-8.477086,58.949444,-8.477086,58.949444,8.477086,-58.948086,221.0
1077.0,1272.0,7.7540636,-53.95016,-7.7540636,53.951645,-7.7540636,53.951645,7.7540636,-53.95016,221.0
1077.0,1272.0,7.7540636,-53.95016,-7.7540636,53.951645,-7.7540636,53.951645,7.7540636,-53.95016,221.0
1077.0,1338.0,3.0363479,-17.333961,-3.0363479,17.338167,-3.0363479,17.338167,3.0363479,-17.333961,98.0
1078.0,1270.0,2.0515234,-8.499265,-2.0515234,8.50869,-2.0515234,8.50869,2.0515234,-8.499265,149.0
1378.0,1078.0,2.910347,-12.069911,-2.910347,12.0765505,-2.910347,12.0765505,2.910347,-12.069911,149.0
1079.0,1221.0,6.2496514,-44.66398,-6.2496514,44.68399,-6.2496514,44.68399,6.2496514,-44.66398,443.0
1079.0,1237.0,1.7348549,-12.325746,-1.7348549,12.397865,-1.7348549,12.397865,1.7348549,-12.325746,443.0
1079.0,1681.0,2.4306633,-17.320082,-2.4306633,17.371552,-2.4306633,17.371552,2.4306633,-17.320082,443.0
1222.0,1080.0,4.2749634,-10.445538,-4.2749634,10.450902,-4.2749634,10.450902,4.2749634,-10.445538,98.0
1081.0,1256.0,5.0333605,-20.86709,-5.0333605,20.87093,-5.0333605,20.87093,5.0333605,-20.86709,149.0
1266.0,1081.0,7.852421,-44.83383,-7.852421,44.835457,-7.852421,44.835457,7.852421,-44.83383,98.0
1156.0,1082.0,6.034069,-123.95975,-6.034069,124.23994,-6.034069,124.23994,6.034069,-123.95975,2768.0
1082.0,1391.0,59.958572,-735.8104,-59.958572,735.8552,-59.958572,735.8552,59.958572,-735.8104,2020.0
1157.0,1083.0,2.082268,-20.295036,-2.082268,20.341835,-2.082268,20.341835,2.082268,-20.295036,548.0
1083.0,1168.0,6.2552404,-44.683575,-6.2552404,44.703575,-6.2552404,44.703575,6.2552404,-44.683575,443.0
1083.0,1304.0,5.69329,-40.622704,-5.69329,40.644703,-5.69329,40.644703,5.69329,-40.622704,443.0
1083.0,1392.0,12.742258,-123.996254,-12.742258,124.00393,-12.742258,124.00393,12.742258,-123.996254,548.0
1110.0,1084.0,4.6970525,-32.10797,-4.6970525,32.110565,-4.6970525,32.110565,4.6970525,-32.10797,221.0
1110.0,1084.0,4.6970525,-32.10797,-4.6970525,32.110565,-4.6970525,32.110565,4.6970525,-32.10797,221.0
1172.0,1084.0,4.9462166,-31.954035,-4.9462166,31.95695,-4.9462166,31.95695,4.9462166,-31.954035,221.0
1172.0,1084.0,4.9462166,-31.954035,-4.9462166,31.95695,-4.9462166,31.95695,4.9462166,-31.954035,221.0
1084.0,1355.0,3.2425783,-18.508432,-3.2425783,18.512367,-3.2425783,18.512367,3.2425783,-18.508432,98.0
1085.0,1116.0,5.3249044,-55.35472,-5.3249044,55.385197,-5.3249044,55.385197,5.3249044,-55.35472,750.0
1085.0,1191.0,7.4965534,-77.686455,-7.4965534,77.708176,-7.4965534,77.708176,7.4965534,-77.686455,750.0
1085.0,1191.0,7.4965534,-77.686455,-7.4965534,77.708176,-7.4965534,77.708176,7.4965534,-77.686455,750.0
1336.0,1085.0,5.103753,-49.861927,-5.103753,49.881016,-5.103753,49.881016,5.103753,-49.861927,548.0
1085.0,1383.0,5.4581013,-38.974583,-5.4581013,38.997513,-5.4581013,38.997513,5.4581013,-38.974583,443.0
1143.0,1086.0,9.230736,-62.953915,-9.230736,62.955235,-9.230736,62.955235,9.230736,-62.953915,221.0
1143.0,1086.0,9.230736,-62.953915,-9.230736,62.955235,-9.230736,62.955235,9.230736,-62.953915,221.0
1269.0,1086.0,8.579606,-58.550014,-8.579606,58.551434,-8.579606,58.551434,8.579606,-58.550014,221.0
1269.0,1086.0,8.579606,-58.550014,-8.579606,58.551434,-8.579606,58.551434,8.579606,-58.550014,221.0
1269.0,1086.0,8.579606,-58.550014,-8.579606,58.551434,-8.579606,58.551434,8.579606,-58.550014,221.0
1087.0,1115.0,6.385661,-77.29811,-6.385661,77.72262,-6.385661,77.72262,6.385661,-77.29811,2020.0
1303.0,1087.0,27.396948,-336.6562,-27.396948,336.75415,-27.396948,336.75415,27.396948,-336.6562,2020.0
1396.0,1087.0,42.19514,-496.34695,-42.19514,496.41342,-42.19514,496.41342,42.19514,-496.34695,2020.0
1271.0,1088.0,14.979064,-106.70294,-14.979064,106.71132,-14.979064,106.71132,14.979064,-106.70294,443.0
1089.0,1273.0,5.9229274,-24.570173,-5.9229274,24.573439,-5.9229274,24.573439,5.9229274,-24.570173,149.0
1092.0,1285.0,5.3761034,-36.73444,-5.3761034,36.736706,-5.3761034,36.736706,5.3761034,-36.73444,221.0
1092.0,1285.0,5.3761034,-36.73444,-5.3761034,36.736706,-5.3761034,36.736706,5.3761034,-36.73444,221.0
1384.0,1092.0,9.336666,-64.92517,-9.336666,64.92641,-9.336666,64.92641,9.336666,-64.92517,221.0
1384.0,1092.0,9.336666,-64.92517,-9.336666,64.92641,-9.336666,64.92641,9.336666,-64.92517,221.0
1093.0,1252.0,8.066303,-35.2439,-8.066303,35.245953,-8.066303,35.245953,8.066303,-35.2439,149.0
1253.0,1093.0,20.518396,-85.058525,-20.518396,85.05947,-20.518396,85.05947,20.518396,-85.058525,149.0
1093.0,1333.0,8.362872,-36.60851,-8.362872,36.610485,-8.362872,36.610485,8.362872,-36.60851,149.0
1093.0,1372.0,10.0251875,-68.36101,-10.0251875,68.36223,-10.0251875,68.36223,10.0251875,-68.36101,221.0
1093.0,1372.0,10.0251875,-68.36101,-10.0251875,68.36223,-10.0251875,68.36223,10.0251875,-68.36101,221.0
1115.0,1094.0,11.494768,-138.86899,-11.494768,139.10617,-11.494768,139.10617,11.494768,-138.86899,2020.0
1259.0,1094.0,4.7290883,-56.941498,-4.7290883,57.515038,-4.7290883,57.515038,4.7290883,-56.941498,2020.0
1094.0,1283.0,22.486418,-268.2632,-22.486418,268.38626,-22.486418,268.38626,22.486418,-268.2632,2020.0
1247.0,1095.0,13.717328,-97.66601,-13.717328,97.675156,-13.717328,97.675156,13.717328,-97.66601,523.0
1095.0,1334.0,3.5048263,-34.20345,-3.5048263,34.23126,-3.5048263,34.23126,3.5048263,-34.20345,647.0
1096.0,1199.0,6.0102687,-41.92644,-6.0102687,41.928352,-6.0102687,41.928352,6.0102687,-41.92644,221.0
1096.0,1199.0,6.0102687,-41.92644,-6.0102687,41.928352,-6.0102687,41.928352,6.0102687,-41.92644,221.0
1340.0,1096.0,12.555349,-80.97078,-12.555349,80.97193,-12.555349,80.97193,12.555349,-80.97078,221.0
1340.0,1096.0,12.555349,-80.97078,-12.555349,80.97193,-12.555349,80.97193,12.555349,-80.97078,221.0
1275.0,1104.0,1.4996095,-8.996154,-1.4996095,9.003489,-1.4996095,9.003489,1.4996095,-8.996154,98.0
1104.0,1335.0,3.3690453,-19.247902,-3.3690453,19.251686,-3.3690453,19.251686,3.3690453,-19.247902,98.0
1105.0,1115.0,51.05576,-601.67377,-51.05576,601.7286,-51.05576,601.7286,51.05576,-601.67377,2020.0
1210.0,1105.0,21.297194,-439.41748,-21.297194,439.4966,-21.297194,439.4966,21.297194,-439.41748,3146.0
1347.0,1105.0,79.49126,-993.6073,-79.49126,993.6407,-79.49126,993.6407,79.49126,-993.6073,2020.0
1116.0,1106.0,10.367755,-101.28357,-10.367755,101.29296,-10.367755,101.29296,10.367755,-101.28357,548.0
1106.0,1226.0,1.6490859,-16.061543,-1.6490859,16.120602,-1.6490859,16.120602,1.6490859,-16.061543,548.0
1107.0,1173.0,3.295676,-22.947962,-3.295676,22.951452,-3.295676,22.951452,3.295676,-22.947962,221.0
1107.0,1173.0,3.295676,-22.947962,-3.295676,22.951452,-3.295676,22.951452,3.295676,-22.947962,221.0
1107.0,1173.0,3.295676,-22.947962,-3.295676,22.951452,-3.295676,22.951452,3.295676,-22.947962,221.0
1349.0,1107.0,7.9687257,-51.536533,-7.9687257,51.538345,-7.9687257,51.538345,7.9687257,-51.536533,221.0
1404.0,1108.0,3.2139404,-13.325538,-3.2139404,13.3315525,-3.2139404,13.3315525,3.2139404,-13.325538,149.0
1109.0,1206.0,3.0688655,-17.525429,-3.0688655,17.529589,-3.0688655,17.529589,3.0688655,-17.525429,221.0
1363.0,1109.0,7.3920074,-32.953915,-7.3920074,32.95603,-7.3920074,32.95603,7.3920074,-32.953915,149.0
1110.0,1268.0,14.940706,-36.532307,-14.940706,36.533844,-14.940706,36.533844,14.940706,-36.532307,221.0
1110.0,1273.0,11.396683,-27.868631,-11.396683,27.870647,-11.396683,27.870647,11.396683,-27.868631,98.0
1124.0,1111.0,11.306334,-136.56543,-11.306334,136.80664,-11.306334,136.80664,11.306334,-136.56543,2020.0
1156.0,1111.0,9.9009905,-98.8449,-9.9009905,99.0099,-9.9009905,99.0099,9.9009905,-98.8449,2300.0
1606.0,1111.0,7.001901,-84.282814,-7.001901,84.67248,-7.001901,84.67248,7.001901,-84.282814,2020.0
1606.0,1111.0,7.001901,-84.282814,-7.001901,84.67248,-7.001901,84.67248,7.001901,-84.282814,2020.0
1112.0,1241.0,2.4775538,-24.150791,-2.4775538,24.190151,-2.4775538,24.190151,2.4775538,-24.150791,647.0
1933.0,1112.0,2.698057,-26.33318,-2.698057,26.36929,-2.698057,26.36929,2.698057,-26.33318,800.0
1113.0,1390.0,3.7024648,-16.187605,-3.7024648,16.192076,-3.7024648,16.192076,3.7024648,-16.187605,149.0
1114.0,1311.0,3.807809,-21.746504,-3.807809,21.749855,-3.807809,21.749855,3.807809,-21.746504,98.0
1328.0,1116.0,6.6661053,-47.543514,-6.6661053,47.562317,-6.6661053,47.562317,6.6661053,-47.543514,443.0
1124.0,1150.0,19.799097,-240.36366,-19.799097,240.5008,-19.799097,240.5008,19.799097,-240.36366,2020.0
1425.0,1124.0,4.397561,-52.636646,-4.397561,53.25618,-4.397561,53.25618,4.397561,-52.636646,2020.0
1151.0,1125.0,5.4773145,-39.09859,-5.4773145,39.121445,-5.4773145,39.121445,5.4773145,-39.09859,850.0
1237.0,1125.0,3.6358979,-25.954006,-3.6358979,25.988407,-3.6358979,25.988407,3.6358979,-25.954006,443.0
1126.0,1184.0,4.9303737,-20.447836,-4.9303737,20.451756,-4.9303737,20.451756,4.9303737,-20.447836,149.0
1126.0,1360.0,4.6378784,-20.671776,-4.6378784,20.675152,-4.6378784,20.675152,4.6378784,-20.671776,149.0
1130.0,1205.0,11.612215,-51.802658,-11.612215,51.80401,-11.612215,51.80401,11.612215,-51.802658,149.0
1261.0,1130.0,9.453824,-39.212612,-9.453824,39.21466,-9.453824,39.21466,9.453824,-39.212612,149.0
1133.0,1185.0,3.919396,-26.752617,-3.919396,26.755726,-3.919396,26.755726,3.919396,-26.752617,221.0
1133.0,1402.0,15.681541,-68.5624,-15.681541,68.56345,-15.681541,68.56345,15.681541,-68.5624,221.0
1140.0,1225.0,7.294084,-17.829313,-7.294084,17.832457,-7.294084,17.832457,7.294084,-17.829313,221.0
1300.0,1140.0,4.744595,-27.11578,-4.744595,27.11847,-4.744595,27.11847,4.744595,-27.11578,98.0
1314.0,1141.0,1.6191161,-7.074078,-1.6191161,7.084293,-1.6191161,7.084293,1.6191161,-7.074078,221.0
1141.0,1389.0,2.338295,-10.223929,-2.338295,10.231005,-2.338295,10.231005,2.338295,-10.223929,221.0
1143.0,1142.0,13.706347,-32.934204,-13.706347,32.93596,-13.706347,32.93596,13.706347,-32.934204,98.0
1142.0,1240.0,10.215321,-42.40025,-10.215321,42.40214,-10.215321,42.40214,10.215321,-42.40025,149.0
1143.0,1399.0,6.4856977,-45.127872,-6.4856977,45.129646,-6.4856977,45.129646,6.4856977,-45.127872,221.0
1143.0,1399.0,6.4856977,-45.127872,-6.4856977,45.129646,-6.4856977,45.129646,6.4856977,-45.127872,221.0
1165.0,1144.0,5.288062,-12.919435,-5.288062,12.923774,-5.288062,12.923774,5.288062,-12.919435,98.0
1144.0,1400.0,4.7508044,-32.43618,-4.7508044,32.438747,-4.7508044,32.438747,4.7508044,-32.43618,221.0
1144.0,1400.0,4.7508044,-32.43618,-4.7508044,32.438747,-4.7508044,32.438747,4.7508044,-32.43618,221.0
1144.0,1405.0,5.628968,-23.34294,-5.628968,23.346375,-5.628968,23.346375,5.628968,-23.34294,250.0
1245.0,1145.0,2.5482314,-10.561193,-2.5482314,10.568778,-2.5482314,10.568778,2.5482314,-10.561193,149.0
1145.0,1251.0,1.677641,-9.57121,-1.677641,9.578819,-1.677641,9.578819,1.677641,-9.57121,98.0
1145.0,1389.0,1.1887351,-7.1273484,-1.1887351,7.1365986,-1.1887351,7.1365986,1.1887351,-7.1273484,98.0
1146.0,1269.0,5.7331223,-39.158546,-5.7331223,39.16067,-5.7331223,39.16067,5.7331223,-39.158546,221.0
1146.0,1269.0,5.7331223,-39.158546,-5.7331223,39.16067,-5.7331223,39.16067,5.7331223,-39.158546,221.0
1146.0,1274.0,4.7528653,-20.797134,-4.7528653,20.800615,-4.7528653,20.800615,4.7528653,-20.797134,149.0
1147.0,1172.0,7.381031,-47.683697,-7.381031,47.68565,-7.381031,47.68565,7.381031,-47.683697,221.0
1147.0,1172.0,7.381031,-47.683697,-7.381031,47.68565,-7.381031,47.68565,7.381031,-47.683697,221.0
1147.0,1257.0,20.707458,-50.67373,-20.707458,50.674835,-20.707458,50.674835,20.707458,-50.67373,98.0
1147.0,1338.0,8.994727,-39.35009,-8.994727,39.35193,-8.994727,39.35193,8.994727,-39.35009,149.0
1148.0,1253.0,11.18532,-63.872925,-11.18532,63.874065,-11.18532,63.874065,11.18532,-63.872925,98.0
1148.0,1274.0,9.61103,-54.843544,-9.61103,54.84487,-9.61103,54.84487,9.61103,-54.843544,98.0
1148.0,1359.0,8.233371,-34.153175,-8.233371,34.155525,-8.233371,34.155525,8.233371,-34.153175,149.0
1149.0,1177.0,1.6149079,-9.690369,-1.6149079,9.697179,-1.6149079,9.697179,1.6149079,-9.690369,98.0
1229.0,1149.0,5.1995134,-22.731089,-5.1995134,22.734274,-5.1995134,22.734274,5.1995134,-22.731089,149.0
1332.0,1149.0,5.263522,-30.034988,-5.263522,30.037415,-5.263522,30.037415,5.263522,-30.034988,98.0
1152.0,1166.0,2.342196,-16.311665,-2.342196,16.316574,-2.342196,16.316574,2.342196,-16.311665,221.0
1152.0,1166.0,2.342196,-16.311665,-2.342196,16.316574,-2.342196,16.316574,2.342196,-16.311665,221.0
1152.0,1232.0,4.2190113,-18.452911,-4.2190113,18.456831,-4.2190113,18.456831,4.2190113,-18.452911,149.0
1156.0,1921.0,5.9972625,-72.14948,-5.9972625,72.60403,-5.9972625,72.60403,5.9972625,-72.14948,2020.0
1157.0,1241.0,3.893655,-27.800001,-3.893655,27.83213,-3.893655,27.83213,3.893655,-27.800001,523.0
1387.0,1158.0,3.6873157,-9.007218,-3.6873157,9.013438,-3.6873157,9.013438,3.6873157,-9.007218,98.0
1162.0,1224.0,30.34016,-194.8767,-30.34016,194.87718,-30.34016,194.87718,30.34016,-194.8767,221.0
1162.0,1224.0,30.34016,-194.8767,-30.34016,194.87718,-30.34016,194.87718,30.34016,-194.8767,221.0
1162.0,1394.0,19.236433,-84.17718,-19.236433,84.17803,-19.236433,84.17803,19.236433,-84.17718,149.0
1163.0,1253.0,4.660101,-20.761036,-4.660101,20.764397,-4.660101,20.764397,4.660101,-20.761036,149.0
1163.0,1310.0,5.234505,-31.415077,-5.234505,31.417177,-5.234505,31.417177,5.234505,-31.415077,98.0
1208.0,1164.0,4.8469944,-33.141052,-4.8469944,33.143566,-4.8469944,33.143566,4.8469944,-33.141052,221.0
1208.0,1164.0,4.8469944,-33.141052,-4.8469944,33.143566,-4.8469944,33.143566,4.8469944,-33.141052,221.0
1164.0,1240.0,5.843521,-25.557419,-5.843521,25.56025,-5.843521,25.56025,5.843521,-25.557419,149.0
1164.0,1274.0,2.8381636,-17.046024,-2.8381636,17.049894,-2.8381636,17.049894,2.8381636,-17.046024,98.0
1164.0,1299.0,15.33408,-68.29198,-15.33408,68.29299,-15.33408,68.29299,15.33408,-68.29198,149.0
1230.0,1165.0,2.6573372,-15.17455,-2.6573372,15.179356,-2.6573372,15.179356,2.6573372,-15.17455,98.0
1167.0,1396.0,27.104351,-548.0466,-27.104351,548.1102,-27.104351,548.1102,27.104351,-548.0466,2768.0
1168.0,1401.0,10.987104,-106.97081,-10.987104,106.979706,-10.987104,106.979706,10.987104,-106.97081,548.0
1339.0,1169.0,6.2348013,-42.62108,-6.2348013,42.62303,-6.2348013,42.62303,6.2348013,-42.62108,221.0
1339.0,1169.0,6.2348013,-42.62108,-6.2348013,42.62303,-6.2348013,42.62303,6.2348013,-42.62108,221.0
1170.0,1223.0,5.071813,-28.95088,-5.071813,28.953402,-5.071813,28.953402,5.071813,-28.95088,98.0
1170.0,1228.0,5.9988356,-14.659438,-5.9988356,14.663263,-5.9988356,14.663263,5.9988356,-14.659438,98.0
1269.0,1170.0,6.5501704,-44.76446,-6.5501704,44.766323,-6.5501704,44.766323,6.5501704,-44.76446,221.0
1269.0,1170.0,6.5501704,-44.76446,-6.5501704,44.766323,-6.5501704,44.766323,6.5501704,-44.76446,221.0
1171.0,1376.0,4.6089106,-11.264545,-4.6089106,11.269521,-4.6089106,11.269521,4.6089106,-11.264545,98.0
1744.0,1171.0,1.2805709,-7.305062,-1.2805709,7.3150268,-1.2805709,7.3150268,1.2805709,-7.305062,98.0
1282.0,1172.0,7.332639,-41.911987,-7.332639,41.913727,-7.332639,41.913727,7.332639,-41.911987,98.0
1173.0,1180.0,2.97944,-12.357705,-2.97944,12.36419,-2.97944,12.36419,2.97944,-12.357705,149.0
1240.0,1173.0,2.8037376,-18.103306,-2.8037376,18.108452,-2.8037376,18.108452,2.8037376,-18.103306,221.0
1173.0,1363.0,2.605424,-11.391355,-2.605424,11.397705,-2.605424,11.397705,2.605424,-11.391355,149.0
1229.0,1174.0,9.18835,-38.070488,-9.18835,38.072594,-9.18835,38.072594,9.18835,-38.070488,149.0
1174.0,1371.0,2.692928,-11.771218,-2.692928,11.777364,-2.692928,11.777364,2.692928,-11.771218,149.0
1175.0,1179.0,12.178307,-54.244724,-12.178307,54.24601,-12.178307,54.24601,12.178307,-54.244724,221.0
1175.0,1225.0,2.809567,-19.576792,-2.809567,19.580881,-2.809567,19.580881,2.809567,-19.576792,221.0
1175.0,1225.0,2.809567,-19.576792,-2.809567,19.580881,-2.809567,19.580881,2.809567,-19.576792,221.0
1175.0,1362.0,2.9420414,-17.654919,-2.9420414,17.658659,-2.9420414,17.658659,2.9420414,-17.654919,98.0
1176.0,1286.0,2.0627332,-11.779021,-2.0627332,11.785206,-2.0627332,11.785206,2.0627332,-11.779021,98.0
1387.0,1176.0,2.2904346,-13.0740595,-2.2904346,13.079634,-2.2904346,13.079634,2.2904346,-13.0740595,98.0
1176.0,1941.0,4.0819945,-9.972718,-4.0819945,9.978338,-4.0819945,9.978338,4.0819945,-9.972718,98.0
1177.0,1325.0,8.857154,-21.645191,-8.857154,21.647781,-8.857154,21.647781,8.857154,-21.645191,200.0
1178.0,1358.0,2.0261703,-8.853438,-2.0261703,8.861603,-2.0261703,8.861603,2.0261703,-8.853438,149.0
1178.0,1385.0,2.1565185,-12.946077,-2.1565185,12.951178,-2.1565185,12.951178,2.1565185,-12.946077,98.0
1179.0,1279.0,3.3016324,-28.181767,-3.3016324,28.184666,-3.3016324,28.184666,3.3016324,-28.181767,230.0
1179.0,1280.0,9.135922,-40.700996,-9.135922,40.70271,-9.135922,40.70271,9.135922,-40.700996,149.0
1180.0,1300.0,5.5576787,-13.582983,-5.5576787,13.587112,-5.5576787,13.587112,5.5576787,-13.582983,98.0
1181.0,1186.0,2.8969522,-17.396587,-2.8969522,17.400383,-2.8969522,17.400383,2.8969522,-17.396587,98.0
1224.0,1181.0,14.576624,-63.73419,-14.576624,63.735325,-14.576624,63.735325,14.576624,-63.73419,250.0
1239.0,1182.0,3.7562623,-15.577435,-3.7562623,15.58258,-3.7562623,15.58258,3.7562623,-15.577435,149.0
1183.0,1189.0,4.511304,-19.71998,-4.511304,19.72365,-4.511304,19.72365,4.511304,-19.71998,149.0
1183.0,1405.0,3.2485478,-14.20438,-3.2485478,14.2094755,-3.2485478,14.2094755,3.2485478,-14.20438,149.0
1244.0,1184.0,3.0510497,-12.650436,-3.0510497,12.656772,-3.0510497,12.656772,3.0510497,-12.650436,149.0
1405.0,1185.0,4.925262,-21.938004,-4.925262,21.941183,-4.925262,21.941183,4.925262,-21.938004,221.0
1186.0,1233.0,8.202068,-19.698423,-8.202068,19.701359,-8.202068,19.701359,8.202068,-19.698423,98.0
1186.0,1266.0,18.37404,-44.955006,-18.37404,44.956253,-18.37404,44.956253,18.37404,-44.955006,98.0
1206.0,1187.0,3.8108141,-9.309303,-3.8108141,9.315324,-3.8108141,9.315324,3.8108141,-9.309303,98.0
1187.0,1335.0,2.337423,-10.409705,-2.337423,10.416406,-2.337423,10.416406,2.337423,-10.409705,149.0
1188.0,1388.0,1.6700808,-9.530856,-1.6700808,9.538496,-1.6700808,9.538496,1.6700808,-9.530856,98.0
1190.0,1210.0,13.136853,-158.19199,-13.136853,158.40013,-13.136853,158.40013,13.136853,-158.19199,2020.0
1190.0,1246.0,13.817608,-313.7192,-13.817608,313.8571,-13.817608,313.8571,13.817608,-313.7192,4352.0
1288.0,1190.0,26.869875,-326.6366,-26.869875,326.73767,-26.869875,326.73767,26.869875,-326.6366,2400.0
1191.0,1211.0,3.610594,-25.740757,-3.610594,25.77544,-3.610594,25.77544,3.610594,-25.740757,443.0
1192.0,1333.0,3.2896328,-22.92734,-3.2896328,22.930834,-3.2896328,22.930834,3.2896328,-22.92734,221.0
1192.0,1333.0,3.2896328,-22.92734,-3.2896328,22.930834,-3.2896328,22.930834,3.2896328,-22.92734,221.0
1361.0,1192.0,9.431979,-65.71411,-9.431979,65.71533,-9.431979,65.71533,9.431979,-65.71411,250.0
1361.0,1192.0,9.431979,-65.71411,-9.431979,65.71533,-9.431979,65.71533,9.431979,-65.71411,250.0
1361.0,1192.0,9.431979,-65.71411,-9.431979,65.71533,-9.431979,65.71533,9.431979,-65.71411,250.0
1361.0,1192.0,9.431979,-65.71411,-9.431979,65.71533,-9.431979,65.71533,9.431979,-65.71411,250.0
1199.0,1403.0,5.7429037,-37.072994,-5.7429037,37.075512,-5.7429037,37.075512,5.7429037,-37.072994,221.0
1199.0,1403.0,5.7429037,-37.072994,-5.7429037,37.075512,-5.7429037,37.075512,5.7429037,-37.072994,221.0
1239.0,1200.0,3.2209487,-14.350874,-3.2209487,14.355734,-3.2209487,14.355734,3.2209487,-14.350874,221.0
1200.0,1360.0,2.3355896,-10.400492,-2.3355896,10.407197,-2.3355896,10.407197,2.3355896,-10.400492,149.0
1376.0,1200.0,2.8355427,-6.9231744,-2.8355427,6.9312644,-2.8355427,6.9312644,2.8355427,-6.9231744,150.0
1201.0,1226.0,3.814132,-27.210985,-3.814132,27.2438,-3.814132,27.2438,3.814132,-27.210985,443.0
1201.0,1247.0,4.1599956,-40.721107,-4.1599956,40.744473,-4.1599956,40.744473,4.1599956,-40.721107,548.0
1290.0,1202.0,4.583291,-31.945116,-4.583291,31.94762,-4.583291,31.94762,4.583291,-31.945116,221.0
1290.0,1202.0,4.583291,-31.945116,-4.583291,31.94762,-4.583291,31.94762,4.583291,-31.945116,221.0
1202.0,1373.0,3.4291584,-23.417822,-3.4291584,23.421377,-3.4291584,23.421377,3.4291584,-23.417822,221.0
1202.0,1373.0,3.4291584,-23.417822,-3.4291584,23.421377,-3.4291584,23.421377,3.4291584,-23.417822,221.0
1225.0,1203.0,4.623193,-19.173508,-4.623193,19.177689,-4.623193,19.177689,4.623193,-19.173508,149.0
1301.0,1203.0,2.4985797,-10.354719,-2.4985797,10.362458,-2.4985797,10.362458,2.4985797,-10.354719,149.0
1204.0,1333.0,3.0550208,-17.449947,-3.0550208,17.454123,-3.0550208,17.454123,3.0550208,-17.449947,98.0
1205.0,1331.0,2.405247,-16.418386,-2.405247,16.423456,-2.405247,16.423456,2.405247,-16.418386,221.0
1207.0,1390.0,5.0904465,-12.439612,-5.0904465,12.444118,-5.0904465,12.444118,5.0904465,-12.439612,98.0
1943.0,1207.0,3.2467442,-18.54079,-3.2467442,18.544722,-3.2467442,18.544722,3.2467442,-18.54079,98.0
1330.0,1208.0,24.013662,-105.263084,-24.013662,105.26377,-24.013662,105.26377,24.013662,-105.263084,250.0
1209.0,1224.0,9.668336,-66.19998,-9.668336,66.20124,-9.668336,66.20124,9.668336,-66.19998,221.0
1209.0,1224.0,9.668336,-66.19998,-9.668336,66.20124,-9.668336,66.20124,9.668336,-66.19998,221.0
1209.0,1282.0,9.129345,-40.646435,-9.129345,40.648148,-9.129345,40.648148,9.129345,-40.646435,149.0
1209.0,1379.0,6.9039836,-30.206135,-6.9039836,30.20853,-6.9039836,30.20853,6.9039836,-30.206135,149.0
1210.0,1425.0,2.8590877,-57.67383,-2.8590877,58.27093,-2.8590877,58.27093,2.8590877,-57.67383,3146.0
1211.0,1326.0,3.7996454,-27.105228,-3.7996454,27.13818,-3.7996454,27.13818,3.7996454,-27.105228,443.0
1328.0,1211.0,21.917395,-157.19493,-21.917395,157.20062,-21.917395,157.20062,21.917395,-157.19493,443.0
1329.0,1212.0,11.099068,-46.031364,-11.099068,46.033104,-11.099068,46.033104,11.099068,-46.031364,149.0
1217.0,1258.0,3.04551,-12.624751,-3.04551,12.631102,-3.04551,12.631102,3.04551,-12.624751,149.0
1217.0,1310.0,48.49509,-118.68921,-48.49509,118.68968,-48.49509,118.68968,48.49509,-118.68921,98.0
1218.0,1288.0,10.55625,-126.74012,-10.55625,126.9998,-10.55625,126.9998,10.55625,-126.74012,2020.0
1219.0,1284.0,6.92586,-67.58231,-6.92586,67.5964,-6.92586,67.5964,6.92586,-67.58231,548.0
1357.0,1219.0,5.613424,-40.040836,-5.613424,40.063152,-5.613424,40.063152,5.613424,-40.040836,443.0
1219.0,1383.0,5.3763824,-38.409588,-5.3763824,38.43285,-5.3763824,38.43285,5.3763824,-38.409588,443.0
1285.0,1220.0,2.7943158,-19.455608,-2.7943158,19.459724,-2.7943158,19.459724,2.7943158,-19.455608,221.0
1222.0,1314.0,15.964343,-66.123566,-15.964343,66.12477,-15.964343,66.12477,15.964343,-66.123566,250.0
1427.0,1222.0,3.7150884,-9.076436,-3.7150884,9.082611,-3.7150884,9.082611,3.7150884,-9.076436,98.0
1223.0,1252.0,17.314604,-42.29309,-17.314604,42.29442,-17.314604,42.29442,17.314604,-42.29309,221.0
1223.0,1299.0,11.491488,-65.74089,-11.491488,65.742004,-11.491488,65.742004,11.491488,-65.74089,98.0
1223.0,1369.0,6.286332,-40.622284,-6.286332,40.624577,-6.286332,40.624577,6.286332,-40.622284,221.0
1223.0,1369.0,6.286332,-40.622284,-6.286332,40.624577,-6.286332,40.624577,6.286332,-40.622284,221.0
1224.0,1243.0,4.2333922,-17.558952,-4.2333922,17.563519,-4.2333922,17.563519,4.2333922,-17.558952,149.0
1224.0,1338.0,12.138305,-29.670664,-12.138305,29.672554,-12.138305,29.672554,12.138305,-29.670664,98.0
1279.0,1225.0,8.80248,-61.233345,-8.80248,61.234642,-8.80248,61.234642,8.80248,-61.233345,221.0
1284.0,1226.0,9.54052,-68.045715,-9.54052,68.05886,-9.54052,68.05886,9.54052,-68.045715,523.0
1226.0,1336.0,6.055113,-43.262894,-6.055113,43.28355,-6.055113,43.28355,6.055113,-43.262894,443.0
1226.0,1348.0,1.519359,-14.784157,-1.519359,14.848282,-1.519359,14.848282,1.519359,-14.784157,548.0
1226.0,1357.0,3.518967,-25.106363,-3.518967,25.141924,-3.518967,25.141924,3.518967,-25.106363,443.0
1383.0,1226.0,14.0154705,-137.84389,-14.0154705,137.8508,-14.0154705,137.8508,14.0154705,-137.84389,647.0
1227.0,1258.0,5.235912,-23.338305,-5.235912,23.341295,-5.235912,23.341295,5.235912,-23.338305,149.0
1381.0,1227.0,6.3458214,-40.979004,-6.3458214,40.98128,-6.3458214,40.98128,6.3458214,-40.979004,221.0
1340.0,1228.0,8.350722,-50.154724,-8.350722,50.15604,-8.350722,50.15604,8.350722,-50.154724,98.0
1231.0,1250.0,10.010891,-43.748154,-10.010891,43.74981,-10.010891,43.74981,10.010891,-43.748154,149.0
1232.0,1255.0,2.3069232,-13.17203,-2.3069232,13.17756,-2.3069232,13.17756,2.3069232,-13.17203,98.0
1233.0,1234.0,11.384108,-27.842897,-11.384108,27.844912,-11.384108,27.844912,11.384108,-27.842897,98.0
1233.0,1254.0,5.302035,-23.627464,-5.302035,23.630419,-5.302035,23.630419,5.302035,-23.627464,149.0
1233.0,1268.0,6.17228,-15.082894,-6.17228,15.086614,-6.17228,15.086614,6.17228,-15.082894,98.0
1234.0,1362.0,10.126164,-24.748198,-10.126164,24.750463,-10.126164,24.750463,10.126164,-24.748198,98.0
1235.0,1236.0,13.360961,-86.34891,-13.360961,86.34998,-13.360961,86.34998,13.360961,-86.34891,221.0
1235.0,1236.0,13.360961,-86.34891,-13.360961,86.34998,-13.360961,86.34998,13.360961,-86.34891,221.0
1235.0,1398.0,11.893359,-83.04143,-11.893359,83.04239,-11.893359,83.04239,11.893359,-83.04143,221.0
1235.0,1398.0,11.893359,-83.04143,-11.893359,83.04239,-11.893359,83.04239,11.893359,-83.04143,221.0
1236.0,1268.0,6.5910835,-28.859776,-6.5910835,28.862286,-6.5910835,28.862286,6.5910835,-28.859776,149.0
1236.0,1338.0,8.618336,-35.75641,-8.618336,35.75865,-8.618336,35.75865,8.618336,-35.75641,149.0
1237.0,1712.0,2.5418313,-18.11007,-2.5418313,18.1593,-2.5418313,18.1593,2.5418313,-18.11007,460.0
1376.0,1238.0,1.4657165,-8.791568,-1.4657165,8.799073,-1.4657165,8.799073,1.4657165,-8.791568,98.0
1242.0,1255.0,1.7918895,-10.749953,-1.7918895,10.756094,-1.7918895,10.756094,1.7918895,-10.749953,98.0
1242.0,1375.0,4.1111827,-10.042537,-4.1111827,10.048117,-4.1111827,10.048117,4.1111827,-10.042537,98.0
1245.0,1243.0,2.7565858,-11.423,-2.7565858,11.430016,-2.7565858,11.430016,2.7565858,-11.423,149.0
1243.0,1280.0,6.0876713,-26.641117,-6.0876713,26.643831,-6.0876713,26.643831,6.0876713,-26.641117,149.0
1281.0,1243.0,3.3999164,-23.698566,-3.3999164,23.701946,-3.3999164,23.701946,3.3999164,-23.698566,221.0
1244.0,1721.0,3.7479236,-15.544251,-3.7479236,15.549406,-3.7479236,15.549406,3.7479236,-15.544251,149.0
1246.0,1283.0,27.586206,-330.93497,-27.586206,331.0345,-27.586206,331.0345,27.586206,-330.93497,2020.0
1246.0,1382.0,57.471264,-689.6075,-57.471264,689.65515,-57.471264,689.65515,57.471264,-689.6075,2020.0
1336.0,1247.0,11.215888,-109.83388,-11.215888,109.84255,-11.215888,109.84255,11.215888,-109.83388,548.0
1386.0,1248.0,9.651599,-65.83327,-9.651599,65.83453,-9.651599,65.83453,9.651599,-65.83327,221.0
1386.0,1248.0,9.651599,-65.83327,-9.651599,65.83453,-9.651599,65.83453,9.651599,-65.83327,221.0
1249.0,1274.0,10.711221,-64.30881,-10.711221,64.30983,-10.711221,64.30983,10.711221,-64.30881,98.0
1249.0,1324.0,10.418109,-59.447563,-10.418109,59.448788,-10.418109,59.448788,10.418109,-59.447563,98.0
1249.0,1333.0,6.0045652,-26.780619,-6.0045652,26.783224,-6.0045652,26.783224,6.0045652,-26.780619,149.0
1250.0,1252.0,7.5658927,-18.496258,-7.5658927,18.499287,-7.5658927,18.499287,7.5658927,-18.496258,98.0
1250.0,1403.0,5.751555,-32.819397,-5.751555,32.821613,-5.751555,32.821613,5.751555,-32.819397,245.0
1329.0,1251.0,5.05564,-12.355474,-5.05564,12.360015,-5.05564,12.360015,5.05564,-12.355474,115.0
1389.0,1251.0,1.9700067,-11.248282,-1.9700067,11.254757,-1.9700067,11.254757,1.9700067,-11.248282,115.0
1253.0,1386.0,5.0082617,-30.06596,-5.0082617,30.068153,-5.0082617,30.068153,5.0082617,-30.06596,98.0
1254.0,1272.0,10.057113,-65.06636,-10.057113,65.06779,-10.057113,65.06779,10.057113,-65.06636,221.0
1254.0,1272.0,10.057113,-65.06636,-10.057113,65.06779,-10.057113,65.06779,10.057113,-65.06636,221.0
1256.0,1331.0,4.8348117,-21.148293,-4.8348117,21.151714,-4.8348117,21.151714,4.8348117,-21.148293,149.0
1256.0,1362.0,2.8105657,-16.874123,-2.8105657,16.878033,-2.8105657,16.878033,2.8105657,-16.874123,221.0
1380.0,1257.0,9.245421,-64.46224,-9.245421,64.463486,-9.245421,64.463486,9.245421,-64.46224,221.0
1380.0,1257.0,9.245421,-64.46224,-9.245421,64.463486,-9.245421,64.463486,9.245421,-64.46224,221.0
1257.0,1400.0,4.440471,-19.781235,-4.440471,19.784765,-4.440471,19.784765,4.440471,-19.781235,149.0
1358.0,1258.0,2.8089888,-12.166285,-2.8089888,12.172285,-2.8089888,12.172285,2.8089888,-12.166285,150.0
1259.0,1341.0,5.971322,-71.66984,-5.971322,72.12728,-5.971322,72.12728,5.971322,-71.66984,2020.0
1260.0,1406.0,5.227872,-37.354652,-5.227872,37.37857,-5.227872,37.37857,5.227872,-37.354652,443.0
1267.0,1280.0,2.3817356,-10.414863,-2.3817356,10.421807,-2.3817356,10.421807,2.3817356,-10.414863,149.0
1327.0,1267.0,5.580964,-23.136288,-5.580964,23.139753,-5.580964,23.139753,5.580964,-23.136288,149.0
1268.0,1394.0,7.27962,-41.606274,-7.27962,41.608025,-7.27962,41.608025,7.27962,-41.606274,98.0
1270.0,1371.0,1.6825666,-10.093059,-1.6825666,10.099593,-1.6825666,10.099593,1.6825666,-10.093059,98.0
1271.0,1278.0,2.7569098,-26.93831,-2.7569098,26.973606,-2.7569098,26.973606,2.7569098,-26.93831,548.0
1304.0,1271.0,6.1826344,-60.51485,-6.1826344,60.530582,-6.1826344,60.530582,6.1826344,-60.51485,647.0
1271.0,1342.0,4.4358234,-43.3844,-4.4358234,43.406338,-4.4358234,43.406338,4.4358234,-43.3844,647.0
1271.0,1401.0,3.913241,-27.92657,-3.913241,27.958551,-3.913241,27.958551,3.913241,-27.92657,443.0
1276.0,1272.0,8.700139,-60.749,-8.700139,60.75032,-8.700139,60.75032,8.700139,-60.749,250.0
1276.0,1272.0,8.700139,-60.749,-8.700139,60.75032,-8.700139,60.75032,8.700139,-60.749,250.0
1273.0,1380.0,11.751582,-48.766163,-11.751582,48.767807,-11.751582,48.767807,11.751582,-48.766163,149.0
1274.0,1356.0,7.1719856,-31.944775,-7.1719856,31.94696,-7.1719856,31.94696,7.1719856,-31.944775,149.0
1276.0,1287.0,8.704526,-60.630207,-8.704526,60.631527,-8.704526,60.631527,8.704526,-60.630207,221.0
1276.0,1287.0,8.704526,-60.630207,-8.704526,60.631527,-8.704526,60.631527,8.704526,-60.630207,221.0
1276.0,1379.0,9.731084,-23.796492,-9.731084,23.798845,-9.731084,23.798845,9.731084,-23.796492,98.0
1347.0,1277.0,31.82502,-378.92,-31.82502,379.00705,-31.82502,379.00705,31.82502,-378.92,2020.0
1326.0,1278.0,7.074229,-68.996025,-7.074229,69.00983,-7.074229,69.00983,7.074229,-68.996025,548.0
1279.0,1327.0,2.998679,-18.001736,-2.998679,18.005402,-2.998679,18.005402,2.998679,-18.001736,140.0
1281.0,1343.0,9.274441,-59.95108,-9.274441,59.952633,-9.274441,59.952633,9.274441,-59.95108,221.0
1281.0,1343.0,9.274441,-59.95108,-9.274441,59.952633,-9.274441,59.952633,9.274441,-59.95108,221.0
1374.0,1286.0,3.8721573,-16.05982,-3.8721573,16.06481,-3.8721573,16.06481,3.8721573,-16.05982,149.0
1286.0,1941.0,1.1326177,-6.7907495,-1.1326177,6.8004594,-1.1326177,6.8004594,1.1326177,-6.7907495,98.0
1287.0,1394.0,7.056665,-42.33843,-7.056665,42.33999,-7.056665,42.33999,7.056665,-42.33843,98.0
1288.0,1821.0,4.1293874,-51.685574,-4.1293874,52.305576,-4.1293874,52.305576,4.1293874,-51.685574,2000.0
1289.0,1336.0,4.764082,-46.483955,-4.764082,46.504433,-4.764082,46.504433,4.764082,-46.483955,647.0
1289.0,1370.0,4.0583825,-28.978462,-4.0583825,29.009283,-4.0583825,29.009283,4.0583825,-28.978462,443.0
1302.0,1378.0,3.5114315,-14.561098,-3.5114315,14.566603,-3.5114315,14.566603,3.5114315,-14.561098,149.0
1341.0,1303.0,34.63118,-702.46857,-34.63118,702.5182,-34.63118,702.5182,34.63118,-702.46857,2768.0
1311.0,1368.0,2.224496,-13.347527,-2.224496,13.352471,-2.224496,13.352471,2.224496,-13.347527,98.0
1370.0,1312.0,2.6195729,-25.581594,-2.6195729,25.61876,-2.6195729,25.61876,2.6195729,-25.581594,647.0
1312.0,1681.0,2.0291345,-21.010384,-2.0291345,21.090427,-2.0291345,21.090427,2.0291345,-21.010384,750.0
1324.0,1373.0,5.1220174,-33.04426,-5.1220174,33.047077,-5.1220174,33.047077,5.1220174,-33.04426,221.0
1324.0,1373.0,5.1220174,-33.04426,-5.1220174,33.047077,-5.1220174,33.047077,5.1220174,-33.04426,221.0
1328.0,1348.0,4.733215,-46.334576,-4.733215,46.35511,-4.733215,46.35511,4.733215,-46.334576,548.0
1377.0,1335.0,4.330388,-10.581257,-4.330388,10.586556,-4.330388,10.586556,4.330388,-10.581257,98.0
1337.0,1356.0,10.594478,-72.19036,-10.594478,72.19152,-10.594478,72.19152,10.594478,-72.19036,221.0
1337.0,1356.0,10.594478,-72.19036,-10.594478,72.19152,-10.594478,72.19152,10.594478,-72.19036,221.0
1337.0,1372.0,16.211578,-110.48739,-16.211578,110.488144,-16.211578,110.488144,16.211578,-110.48739,221.0
1337.0,1372.0,16.211578,-110.48739,-16.211578,110.488144,-16.211578,110.488144,16.211578,-110.48739,221.0
1339.0,1380.0,11.557648,-80.44023,-11.557648,80.44122,-11.557648,80.44122,11.557648,-80.44023,221.0
1339.0,1380.0,11.557648,-80.44023,-11.557648,80.44122,-11.557648,80.44122,11.557648,-80.44023,221.0
1343.0,1388.0,13.0829,-31.424932,-13.0829,31.426771,-13.0829,31.426771,13.0829,-31.424932,98.0
1359.0,1361.0,9.077572,-63.296394,-9.077572,63.29766,-9.077572,63.29766,9.077572,-63.296394,221.0
1359.0,1361.0,9.077572,-63.296394,-9.077572,63.29766,-9.077572,63.29766,9.077572,-63.296394,221.0
1369.0,1361.0,14.258629,-97.11197,-14.258629,97.11282,-14.258629,97.11282,14.258629,-97.11197,250.0
1369.0,1361.0,14.258629,-97.11197,-14.258629,97.11282,-14.258629,97.11282,14.258629,-97.11197,250.0
1392.0,1364.0,3.549289,-25.307434,-3.549289,25.342709,-3.549289,25.342709,3.549289,-25.307434,443.0
1366.0,1365.0,0.39312062,-14.732249,-0.39312062,14.732249,-0.39312062,14.732249,0.39312062,-14.732249,189.0
1367.0,1366.0,0.29878125,-12.471005,-0.29878125,12.471005,-0.29878125,12.471005,0.29878125,-12.471005,198.0
1373.0,1369.0,9.002314,-39.328342,-9.002314,39.33018,-9.002314,39.33018,9.002314,-39.328342,250.0
1979.0,1375.0,5.297504,-12.945777,-5.297504,12.950107,-5.297504,12.950107,5.297504,-12.945777,98.0
1385.0,1377.0,1.3429117,-8.056638,-1.3429117,8.064823,-1.3429117,8.064823,1.3429117,-8.056638,98.0
1390.0,1609.0,3.411298,-15.199359,-3.411298,15.203949,-3.411298,15.203949,3.411298,-15.199359,149.0
1392.0,1397.0,6.5815277,-46.998337,-6.5815277,47.01735,-6.5815277,47.01735,6.5815277,-46.998337,443.0
1392.0,1401.0,17.441284,-124.12447,-17.441284,124.13167,-17.441284,124.13167,17.441284,-124.12447,443.0
1393.0,1400.0,9.961659,-67.98356,-9.961659,67.98479,-9.961659,67.98479,9.961659,-67.98356,250.0
1393.0,1400.0,9.961659,-67.98356,-9.961659,67.98479,-9.961659,67.98479,9.961659,-67.98356,250.0
1397.0,1406.0,2.3570337,-16.778301,-2.3570337,16.831415,-2.3570337,16.831415,2.3570337,-16.778301,443.0
1451.0,1408.0,3.951302,-22.560646,-3.951302,22.563877,-3.951302,22.563877,3.951302,-22.560646,98.0
1556.0,1408.0,5.3661323,-13.114723,-5.3661323,13.118999,-5.3661323,13.118999,5.3661323,-13.114723,98.0
1408.0,1744.0,3.4243085,-8.2179785,-3.4243085,8.225008,-3.4243085,8.225008,3.4243085,-8.2179785,98.0
1511.0,1409.0,61.112244,-1425.9279,-61.112244,1425.9524,-61.112244,1425.9524,61.112244,-1425.9279,3146.0
1409.0,1634.0,6.720719,-136.21284,-6.720719,136.46793,-6.720719,136.46793,6.720719,-136.21284,3146.0
1773.0,1409.0,44.47286,-525.2728,-44.47286,525.33563,-44.47286,525.33563,44.47286,-525.2728,2020.0
1410.0,1671.0,8.534724,-60.98017,-8.534724,60.99483,-8.534724,60.99483,8.534724,-60.98017,523.0
1482.0,1411.0,10.14997,-70.69162,-10.14997,70.69276,-10.14997,70.69276,10.14997,-70.69162,250.0
1482.0,1411.0,10.14997,-70.69162,-10.14997,70.69276,-10.14997,70.69276,10.14997,-70.69162,250.0
1482.0,1411.0,10.14997,-70.69162,-10.14997,70.69276,-10.14997,70.69276,10.14997,-70.69162,250.0
1411.0,1513.0,11.201738,-72.169914,-11.201738,72.1712,-11.201738,72.1712,11.201738,-72.169914,221.0
1411.0,1513.0,11.201738,-72.169914,-11.201738,72.1712,-11.201738,72.1712,11.201738,-72.169914,221.0
1411.0,1513.0,11.201738,-72.169914,-11.201738,72.1712,-11.201738,72.1712,11.201738,-72.169914,221.0
1411.0,1513.0,11.201738,-72.169914,-11.201738,72.1712,-11.201738,72.1712,11.201738,-72.169914,221.0
1411.0,1752.0,3.5537102,-24.259207,-3.5537102,24.262642,-3.5537102,24.262642,3.5537102,-24.259207,221.0
1411.0,1752.0,3.5537102,-24.259207,-3.5537102,24.262642,-3.5537102,24.262642,3.5537102,-24.259207,221.0
1411.0,1752.0,3.5537102,-24.259207,-3.5537102,24.262642,-3.5537102,24.262642,3.5537102,-24.259207,221.0
1417.0,1589.0,1.423284,-8.538735,-1.423284,8.54646,-1.423284,8.54646,1.423284,-8.538735,98.0
1417.0,1609.0,9.931315,-41.195953,-9.931315,41.1979,-9.931315,41.1979,9.931315,-41.195953,149.0
1640.0,1417.0,12.92267,-53.604782,-12.92267,53.606277,-12.92267,53.606277,12.92267,-53.604782,149.0
1661.0,1418.0,5.328271,-23.752022,-5.328271,23.754961,-5.328271,23.754961,5.328271,-23.752022,149.0
1418.0,1707.0,8.760966,-38.31768,-8.760966,38.31957,-8.760966,38.31957,8.760966,-38.31768,149.0
1419.0,1523.0,3.9517484,-26.989367,-3.9517484,26.99245,-3.9517484,26.99245,3.9517484,-26.989367,221.0
1750.0,1419.0,3.352456,-23.335892,-3.352456,23.339321,-3.352456,23.339321,3.352456,-23.335892,221.0
1420.0,1608.0,4.651968,-32.443127,-4.651968,32.445595,-4.651968,32.445595,4.651968,-32.443127,221.0
1420.0,1608.0,4.651968,-32.443127,-4.651968,32.445595,-4.651968,32.445595,4.651968,-32.443127,221.0
1420.0,1832.0,6.723019,-46.85773,-6.723019,46.859444,-6.723019,46.859444,6.723019,-46.85773,221.0
1421.0,1507.0,4.4145293,-30.129179,-4.4145293,30.131943,-4.4145293,30.131943,4.4145293,-30.129179,221.0
1421.0,1507.0,4.4145293,-30.129179,-4.4145293,30.131943,-4.4145293,30.131943,4.4145293,-30.129179,221.0
1421.0,1531.0,9.200441,-22.093338,-9.200441,22.095953,-9.200441,22.095953,9.200441,-22.093338,98.0
1421.0,1624.0,7.162748,-40.92081,-7.162748,40.92259,-7.162748,40.92259,7.162748,-40.92081,221.0
1423.0,1772.0,3.0894256,-21.085922,-3.0894256,21.089872,-3.0894256,21.089872,3.0894256,-21.085922,221.0
1423.0,1772.0,3.0894256,-21.085922,-3.0894256,21.089872,-3.0894256,21.089872,3.0894256,-21.085922,221.0
1423.0,1772.0,3.0894256,-21.085922,-3.0894256,21.089872,-3.0894256,21.089872,3.0894256,-21.085922,221.0
1423.0,1772.0,3.0894256,-21.085922,-3.0894256,21.089872,-3.0894256,21.089872,3.0894256,-21.085922,221.0
1775.0,1423.0,10.4484415,-71.51842,-10.4484415,71.519585,-10.4484415,71.519585,10.4484415,-71.51842,221.0
1775.0,1423.0,10.4484415,-71.51842,-10.4484415,71.519585,-10.4484415,71.519585,10.4484415,-71.51842,221.0
1775.0,1423.0,10.4484415,-71.51842,-10.4484415,71.519585,-10.4484415,71.519585,10.4484415,-71.51842,221.0
1423.0,1809.0,6.687493,-45.66055,-6.687493,45.662373,-6.687493,45.662373,6.687493,-45.66055,221.0
1423.0,1809.0,6.687493,-45.66055,-6.687493,45.662373,-6.687493,45.662373,6.687493,-45.66055,221.0
1496.0,1424.0,12.472094,-51.757637,-12.472094,51.75919,-12.472094,51.75919,12.472094,-51.757637,221.0
1424.0,1590.0,3.667168,-22.000008,-3.667168,22.003008,-3.667168,22.003008,3.667168,-22.000008,221.0
1424.0,1636.0,3.468582,-23.708036,-3.468582,23.711546,-3.468582,23.711546,3.468582,-23.708036,221.0
1424.0,1636.0,3.468582,-23.708036,-3.468582,23.711546,-3.468582,23.711546,3.468582,-23.708036,221.0
1424.0,1636.0,3.468582,-23.708036,-3.468582,23.711546,-3.468582,23.711546,3.468582,-23.708036,221.0
1424.0,1648.0,13.030938,-56.93233,-13.030938,56.9336,-13.030938,56.9336,13.030938,-56.93233,149.0
1424.0,1792.0,7.877579,-50.80591,-7.877579,50.807743,-7.877579,50.807743,7.877579,-50.80591,221.0
1424.0,1792.0,7.877579,-50.80591,-7.877579,50.807743,-7.877579,50.807743,7.877579,-50.80591,221.0
1449.0,1425.0,31.113438,-374.68756,-31.113438,374.77548,-31.113438,374.77548,31.113438,-374.68756,2020.0
1425.0,1821.0,17.683466,-212.04619,-17.683466,212.2016,-17.683466,212.2016,17.683466,-212.04619,2295.0
1450.0,1426.0,8.545145,-61.016678,-8.545145,61.031326,-8.545145,61.031326,8.545145,-61.016678,443.0
1426.0,1681.0,5.8065834,-41.39404,-5.8065834,41.41563,-5.8065834,41.41563,5.8065834,-41.39404,443.0
1433.0,1479.0,7.3144712,-47.24494,-7.3144712,47.246914,-7.3144712,47.246914,7.3144712,-47.24494,221.0
1433.0,1479.0,7.3144712,-47.24494,-7.3144712,47.246914,-7.3144712,47.246914,7.3144712,-47.24494,221.0
1433.0,1666.0,2.0815659,-13.43536,-2.0815659,13.44229,-2.0815659,13.44229,2.0815659,-13.43536,221.0
1680.0,1433.0,3.6796541,-25.647024,-3.6796541,25.650145,-3.6796541,25.650145,3.6796541,-25.647024,221.0
1680.0,1433.0,3.6796541,-25.647024,-3.6796541,25.650145,-3.6796541,25.650145,3.6796541,-25.647024,221.0
1434.0,1564.0,9.18442,-62.799156,-9.18442,62.800484,-9.18442,62.800484,9.18442,-62.799156,221.0
1434.0,1564.0,9.18442,-62.799156,-9.18442,62.800484,-9.18442,62.800484,9.18442,-62.799156,221.0
1434.0,1641.0,11.515575,-50.389225,-11.515575,50.39066,-11.515575,50.39066,11.515575,-50.389225,149.0
1434.0,1652.0,5.1027474,-22.309486,-5.1027474,22.31273,-5.1027474,22.31273,5.1027474,-22.309486,149.0
1434.0,1838.0,3.1938019,-14.233064,-3.1938019,14.237968,-3.1938019,14.237968,3.1938019,-14.233064,149.0
1554.0,1435.0,18.274733,-127.590225,-18.274733,127.59086,-18.274733,127.59086,18.274733,-127.590225,300.0
1554.0,1435.0,18.274733,-127.590225,-18.274733,127.59086,-18.274733,127.59086,18.274733,-127.590225,300.0
1435.0,1627.0,7.075627,-42.50792,-7.075627,42.509476,-7.075627,42.509476,7.075627,-42.50792,221.0
1435.0,1647.0,22.363197,-54.618126,-22.363197,54.61915,-22.363197,54.61915,22.363197,-54.618126,221.0
1435.0,1737.0,12.491065,-29.995636,-12.491065,29.99756,-12.491065,29.99756,12.491065,-29.995636,221.0
1681.0,1436.0,3.862519,-27.54815,-3.862519,27.580559,-3.862519,27.580559,3.862519,-27.54815,443.0
1436.0,1814.0,5.1490774,-36.72136,-5.1490774,36.74569,-5.1490774,36.74569,5.1490774,-36.72136,443.0
1822.0,1436.0,8.693662,-62.100044,-8.693662,62.11444,-8.693662,62.11444,8.693662,-62.100044,443.0
1447.0,1442.0,2.5409083,-18.106827,-2.5409083,18.156067,-2.5409083,18.156067,2.5409083,-18.106827,523.0
1463.0,1442.0,8.892357,-63.37979,-8.892357,63.393898,-8.892357,63.393898,8.892357,-63.37979,443.0
1442.0,1797.0,6.72859,-65.742195,-6.72859,65.756676,-6.72859,65.756676,6.72859,-65.742195,548.0
1442.0,1870.0,1.9657679,-19.182133,-1.9657679,19.231638,-1.9657679,19.231638,1.9657679,-19.182133,548.0
1443.0,1535.0,9.589596,-42.729603,-9.589596,42.73124,-9.589596,42.73124,9.589596,-42.729603,149.0
1838.0,1443.0,4.5007787,-31.372293,-4.5007787,31.374847,-4.5007787,31.374847,4.5007787,-31.372293,221.0
1838.0,1443.0,4.5007787,-31.372293,-4.5007787,31.374847,-4.5007787,31.374847,4.5007787,-31.372293,221.0
1454.0,1444.0,27.769743,-338.92496,-27.769743,339.02228,-27.769743,339.02228,27.769743,-338.92496,2020.0
1444.0,1835.0,3.9436738,-80.54717,-3.9436738,80.97677,-3.9436738,80.97677,3.9436738,-80.54717,2768.0
1533.0,1445.0,10.328457,-107.21453,-10.328457,107.23027,-10.328457,107.23027,10.328457,-107.21453,750.0
1533.0,1445.0,10.328457,-107.21453,-10.328457,107.23027,-10.328457,107.23027,10.328457,-107.21453,750.0
1445.0,1591.0,4.1775403,-40.88957,-4.1775403,40.912834,-4.1775403,40.912834,4.1775403,-40.88957,647.0
1816.0,1445.0,15.365546,-159.27888,-15.365546,159.28949,-15.365546,159.28949,15.365546,-159.27888,750.0
1816.0,1445.0,15.365546,-159.27888,-15.365546,159.28949,-15.365546,159.28949,15.365546,-159.27888,750.0
1446.0,1508.0,7.0660534,-49.287197,-7.0660534,49.288822,-7.0660534,49.288822,7.0660534,-49.287197,221.0
1446.0,1508.0,7.0660534,-49.287197,-7.0660534,49.288822,-7.0660534,49.288822,7.0660534,-49.287197,221.0
1446.0,1508.0,7.0660534,-49.287197,-7.0660534,49.288822,-7.0660534,49.288822,7.0660534,-49.287197,221.0
1446.0,1804.0,5.0847683,-12.211666,-5.0847683,12.216401,-5.0847683,12.216401,5.0847683,-12.211666,240.0
1447.0,1484.0,4.4212565,-45.855007,-4.4212565,45.891792,-4.4212565,45.891792,4.4212565,-45.855007,750.0
1447.0,1484.0,4.4212565,-45.855007,-4.4212565,45.891792,-4.4212565,45.891792,4.4212565,-45.855007,750.0
1448.0,1645.0,3.4890425,-15.550083,-3.4890425,15.554573,-3.4890425,15.554573,3.4890425,-15.550083,149.0
1801.0,1448.0,2.701575,-18.457413,-2.701575,18.461924,-2.701575,18.461924,2.701575,-18.457413,221.0
1801.0,1448.0,2.701575,-18.457413,-2.701575,18.461924,-2.701575,18.461924,2.701575,-18.457413,221.0
1465.0,1449.0,11.153225,-135.64056,-11.153225,135.88345,-11.153225,135.88345,11.153225,-135.64056,2295.0
1451.0,1823.0,7.265994,-17.753252,-7.265994,17.75641,-7.265994,17.75641,7.265994,-17.753252,98.0
1606.0,1454.0,27.582403,-337.78674,-27.582403,337.88443,-27.582403,337.88443,27.582403,-337.78674,2020.0
1635.0,1455.0,15.217669,-148.81345,-15.217669,148.81985,-15.217669,148.81985,15.217669,-148.81345,548.0
1749.0,1455.0,7.7392364,-75.58935,-7.7392364,75.601944,-7.7392364,75.601944,7.7392364,-75.58935,548.0
1456.0,1496.0,3.005657,-20.946192,-3.005657,20.950012,-3.005657,20.950012,3.005657,-20.946192,221.0
1722.0,1456.0,4.625692,-32.239437,-4.625692,32.24192,-4.625692,32.24192,4.625692,-32.239437,221.0
1722.0,1456.0,4.625692,-32.239437,-4.625692,32.24192,-4.625692,32.24192,4.625692,-32.239437,221.0
1722.0,1456.0,4.625692,-32.239437,-4.625692,32.24192,-4.625692,32.24192,4.625692,-32.239437,221.0
1457.0,1497.0,6.658368,-43.040108,-6.658368,43.04227,-6.658368,43.04227,6.658368,-43.040108,221.0
1457.0,1497.0,6.658368,-43.040108,-6.658368,43.04227,-6.658368,43.04227,6.658368,-43.040108,221.0
1457.0,1658.0,4.544205,-19.873621,-4.544205,19.87726,-4.544205,19.87726,4.544205,-19.873621,149.0
1458.0,1493.0,4.6720204,-20.433802,-4.6720204,20.437342,-4.6720204,20.437342,4.6720204,-20.433802,149.0
1458.0,1588.0,4.710999,-26.911953,-4.710999,26.914663,-4.710999,26.914663,4.710999,-26.911953,98.0
1683.0,1458.0,12.958167,-56.703392,-12.958167,56.704666,-12.958167,56.704666,12.958167,-56.703392,221.0
1458.0,1772.0,11.532323,-78.7609,-11.532323,78.76196,-11.532323,78.76196,11.532323,-78.7609,221.0
1458.0,1772.0,11.532323,-78.7609,-11.532323,78.76196,-11.532323,78.76196,11.532323,-78.7609,221.0
1459.0,1460.0,2.2352731,-15.260579,-2.2352731,15.266034,-2.2352731,15.266034,2.2352731,-15.260579,221.0
1459.0,1460.0,2.2352731,-15.260579,-2.2352731,15.266034,-2.2352731,15.266034,2.2352731,-15.260579,221.0
1459.0,1460.0,2.2352731,-15.260579,-2.2352731,15.266034,-2.2352731,15.266034,2.2352731,-15.260579,221.0
1459.0,1590.0,5.591818,-24.906206,-5.591818,24.909006,-5.591818,24.909006,5.591818,-24.906206,221.0
1459.0,1628.0,5.666878,-23.50624,-5.666878,23.509651,-5.666878,23.509651,5.666878,-23.50624,149.0
1663.0,1459.0,9.127988,-59.009438,-9.127988,59.011017,-9.127988,59.011017,9.127988,-59.009438,221.0
1663.0,1459.0,9.127988,-59.009438,-9.127988,59.011017,-9.127988,59.011017,9.127988,-59.009438,221.0
1460.0,1755.0,9.319564,-65.01999,-9.319564,65.02122,-9.319564,65.02122,9.319564,-65.01999,250.0
1460.0,1755.0,9.319564,-65.01999,-9.319564,65.02122,-9.319564,65.02122,9.319564,-65.01999,250.0
1460.0,1755.0,9.319564,-65.01999,-9.319564,65.02122,-9.319564,65.02122,9.319564,-65.01999,250.0
1461.0,1493.0,2.6055884,-15.646933,-2.6055884,15.651153,-2.6055884,15.651153,2.6055884,-15.646933,98.0
1650.0,1461.0,4.2022614,-27.11546,-4.2022614,27.118895,-4.2022614,27.118895,4.2022614,-27.11546,221.0
1461.0,1794.0,5.263522,-30.034988,-5.263522,30.037415,-5.263522,30.037415,5.263522,-30.034988,98.0
1462.0,1531.0,5.8754115,-40.138344,-5.8754115,40.14042,-5.8754115,40.14042,5.8754115,-40.138344,221.0
1462.0,1531.0,5.8754115,-40.138344,-5.8754115,40.14042,-5.8754115,40.14042,5.8754115,-40.138344,221.0
1595.0,1462.0,14.343028,-100.195496,-14.343028,100.1963,-14.343028,100.1963,14.343028,-100.195496,221.0
1595.0,1462.0,14.343028,-100.195496,-14.343028,100.1963,-14.343028,100.1963,14.343028,-100.195496,221.0
1595.0,1462.0,14.343028,-100.195496,-14.343028,100.1963,-14.343028,100.1963,14.343028,-100.195496,221.0
1595.0,1462.0,14.343028,-100.195496,-14.343028,100.1963,-14.343028,100.1963,14.343028,-100.195496,221.0
1657.0,1462.0,14.267328,-97.8183,-14.267328,97.81915,-14.267328,97.81915,14.267328,-97.8183,250.0
1657.0,1462.0,14.267328,-97.8183,-14.267328,97.81915,-14.267328,97.81915,14.267328,-97.8183,250.0
1463.0,1563.0,6.717256,-47.891525,-6.717256,47.910183,-6.717256,47.910183,6.717256,-47.891525,443.0
1463.0,1567.0,4.902854,-50.935593,-4.902854,50.968708,-4.902854,50.968708,4.902854,-50.935593,750.0
1463.0,1827.0,14.742572,-105.45762,-14.742572,105.466095,-14.742572,105.466095,14.742572,-105.45762,443.0
1622.0,1464.0,9.0138235,-62.933807,-9.0138235,62.935078,-9.0138235,62.935078,9.0138235,-62.933807,221.0
1622.0,1464.0,9.0138235,-62.933807,-9.0138235,62.935078,-9.0138235,62.935078,9.0138235,-62.933807,221.0
1465.0,1502.0,10.6927395,-128.55789,-10.6927395,128.81409,-10.6927395,128.81409,10.6927395,-128.55789,2295.0
1711.0,1465.0,9.9009905,-98.674904,-9.9009905,99.0099,-9.9009905,99.0099,9.9009905,-98.674904,2300.0
1813.0,1465.0,111.835976,-1360.6467,-111.835976,1360.671,-111.835976,1360.671,111.835976,-1360.6467,2020.0
1466.0,1814.0,30.84884,-220.91345,-30.84884,220.91751,-30.84884,220.91751,30.84884,-220.91345,443.0
1536.0,1467.0,4.0274425,-17.938688,-4.0274425,17.942577,-4.0274425,17.942577,4.0274425,-17.938688,149.0
1474.0,1652.0,3.5890558,-20.491728,-3.5890558,20.495283,-3.5890558,20.495283,3.5890558,-20.491728,98.0
1474.0,1698.0,3.9731061,-22.698736,-3.9731061,22.701946,-3.9731061,22.701946,3.9731061,-22.698736,98.0
1474.0,1751.0,14.311005,-34.97609,-14.311005,34.977695,-14.311005,34.977695,14.311005,-34.97609,98.0
1712.0,1475.0,4.9451327,-48.25419,-4.9451327,48.273914,-4.9451327,48.273914,4.9451327,-48.25419,548.0
1476.0,1820.0,3.6548953,-16.281172,-3.6548953,16.285456,-3.6548953,16.285456,3.6548953,-16.281172,149.0
1477.0,1507.0,3.2542706,-22.65583,-3.2542706,22.659367,-3.2542706,22.659367,3.2542706,-22.65583,221.0
1477.0,1664.0,4.7982244,-27.422411,-4.7982244,27.42507,-4.7982244,27.42507,4.7982244,-27.422411,98.0
1477.0,1724.0,3.9731412,-27.139204,-3.9731412,27.142273,-3.9731412,27.142273,3.9731412,-27.139204,221.0
1477.0,1805.0,20.057087,-89.581924,-20.057087,89.5827,-20.057087,89.5827,20.057087,-89.581924,149.0
1530.0,1478.0,12.416185,-29.817772,-12.416185,29.819714,-12.416185,29.819714,12.416185,-29.817772,221.0
1815.0,1478.0,4.117716,-10.0593,-4.117716,10.064871,-4.117716,10.064871,4.117716,-10.0593,221.0
1479.0,1491.0,5.8759613,-40.90772,-5.8759613,40.909676,-5.8759613,40.909676,5.8759613,-40.90772,221.0
1479.0,1491.0,5.8759613,-40.90772,-5.8759613,40.909676,-5.8759613,40.909676,5.8759613,-40.90772,221.0
1578.0,1480.0,8.699004,-62.262608,-8.699004,62.276966,-8.699004,62.276966,8.699004,-62.262608,443.0
1612.0,1480.0,2.577147,-25.15029,-2.577147,25.188086,-2.577147,25.188086,2.577147,-25.15029,548.0
1812.0,1481.0,11.036185,-45.713264,-11.036185,45.71502,-11.036185,45.71502,11.036185,-45.713264,149.0
1482.0,1794.0,1.7959796,-12.268051,-1.7959796,12.274836,-1.7959796,12.274836,1.7959796,-12.268051,221.0
1482.0,1794.0,1.7959796,-12.268051,-1.7959796,12.274836,-1.7959796,12.274836,1.7959796,-12.268051,221.0
1482.0,1805.0,3.9556875,-25.541277,-3.9556875,25.544922,-3.9556875,25.544922,3.9556875,-25.541277,221.0
1482.0,1805.0,3.9556875,-25.541277,-3.9556875,25.544922,-3.9556875,25.544922,3.9556875,-25.541277,221.0
1611.0,1483.0,47.011417,-577.51166,-47.011417,577.56885,-47.011417,577.56885,47.011417,-577.51166,2020.0
1483.0,1829.0,11.034693,-133.79825,-11.034693,134.04437,-11.034693,134.04437,11.034693,-133.79825,2020.0
1484.0,1689.0,15.27294,-109.46827,-15.27294,109.47643,-15.27294,109.47643,15.27294,-109.46827,523.0
1613.0,1485.0,5.7835574,-25.785814,-5.7835574,25.788519,-5.7835574,25.788519,5.7835574,-25.785814,149.0
1485.0,1686.0,7.70034,-52.54689,-7.70034,52.548473,-7.70034,52.548473,7.70034,-52.54689,221.0
1485.0,1686.0,7.70034,-52.54689,-7.70034,52.548473,-7.70034,52.548473,7.70034,-52.54689,221.0
1490.0,1512.0,4.4358234,-43.38441,-4.4358234,43.406338,-4.4358234,43.406338,4.4358234,-43.38441,548.0
1490.0,1578.0,5.3753347,-52.48189,-5.3753347,52.50003,-5.3753347,52.50003,5.3753347,-52.48189,548.0
1490.0,1591.0,3.175849,-22.631725,-3.175849,22.67116,-3.175849,22.67116,3.175849,-22.631725,443.0
1490.0,1671.0,7.9516344,-77.79144,-7.9516344,77.80369,-7.9516344,77.80369,7.9516344,-77.79144,647.0
1830.0,1490.0,11.1243,-79.4021,-11.1243,79.41336,-11.1243,79.41336,11.1243,-79.4021,443.0
1492.0,1651.0,1.9082888,-13.2942295,-1.9082888,13.30025,-1.9082888,13.30025,1.9082888,-13.2942295,221.0
1492.0,1651.0,1.9082888,-13.2942295,-1.9082888,13.30025,-1.9082888,13.30025,1.9082888,-13.2942295,221.0
1819.0,1492.0,6.61799,-46.107212,-6.61799,46.108948,-6.61799,46.108948,6.61799,-46.107212,221.0
1819.0,1492.0,6.61799,-46.107212,-6.61799,46.108948,-6.61799,46.108948,6.61799,-46.107212,221.0
1493.0,1629.0,9.99046,-41.470306,-9.99046,41.47224,-9.99046,41.47224,9.99046,-41.470306,149.0
1493.0,1826.0,2.332753,-15.064846,-2.332753,15.071026,-2.332753,15.071026,2.332753,-15.064846,221.0
1493.0,1826.0,2.332753,-15.064846,-2.332753,15.071026,-2.332753,15.071026,2.332753,-15.064846,221.0
1494.0,1534.0,7.7704973,-50.209496,-7.7704973,50.211353,-7.7704973,50.211353,7.7704973,-50.209496,250.0
1494.0,1534.0,7.7704973,-50.209496,-7.7704973,50.211353,-7.7704973,50.211353,7.7704973,-50.209496,250.0
1494.0,1534.0,7.7704973,-50.209496,-7.7704973,50.211353,-7.7704973,50.211353,7.7704973,-50.209496,250.0
1494.0,1534.0,7.7704973,-50.209496,-7.7704973,50.211353,-7.7704973,50.211353,7.7704973,-50.209496,250.0
1494.0,1534.0,7.7704973,-50.209496,-7.7704973,50.211353,-7.7704973,50.211353,7.7704973,-50.209496,250.0
1494.0,1534.0,7.7704973,-50.209496,-7.7704973,50.211353,-7.7704973,50.211353,7.7704973,-50.209496,250.0
1494.0,1534.0,7.7704973,-50.209496,-7.7704973,50.211353,-7.7704973,50.211353,7.7704973,-50.209496,250.0
1494.0,1534.0,7.7704973,-50.209496,-7.7704973,50.211353,-7.7704973,50.211353,7.7704973,-50.209496,250.0
1494.0,1534.0,7.7704973,-50.209496,-7.7704973,50.211353,-7.7704973,50.211353,7.7704973,-50.209496,250.0
1494.0,1628.0,4.8942,-34.114502,-4.8942,34.116848,-4.8942,34.116848,4.8942,-34.114502,250.0
1494.0,1628.0,4.8942,-34.114502,-4.8942,34.116848,-4.8942,34.116848,4.8942,-34.114502,250.0
1494.0,1628.0,4.8942,-34.114502,-4.8942,34.116848,-4.8942,34.116848,4.8942,-34.114502,250.0
1494.0,1743.0,12.51557,-85.659485,-12.51557,85.66045,-12.51557,85.66045,12.51557,-85.659485,250.0
1494.0,1743.0,12.51557,-85.659485,-12.51557,85.66045,-12.51557,85.66045,12.51557,-85.659485,250.0
1494.0,1743.0,12.51557,-85.659485,-12.51557,85.66045,-12.51557,85.66045,12.51557,-85.659485,250.0
1494.0,1743.0,12.51557,-85.659485,-12.51557,85.66045,-12.51557,85.66045,12.51557,-85.659485,250.0
1494.0,1743.0,12.51557,-85.659485,-12.51557,85.66045,-12.51557,85.66045,12.51557,-85.659485,250.0
1495.0,1523.0,2.5319517,-11.275299,-2.5319517,11.281488,-2.5319517,11.281488,2.5319517,-11.275299,149.0
1495.0,1554.0,3.047892,-12.63683,-3.047892,12.64317,-3.047892,12.64317,3.047892,-12.63683,149.0
1644.0,1495.0,3.9730055,-17.382908,-3.9730055,17.387068,-3.9730055,17.387068,3.9730055,-17.382908,149.0
1496.0,1795.0,8.08125,-33.536583,-8.08125,33.538975,-8.08125,33.538975,8.08125,-33.536583,149.0
1496.0,1834.0,8.722313,-38.13144,-8.722313,38.13334,-8.722313,38.13334,8.722313,-38.13144,221.0
1497.0,1828.0,6.977888,-47.637985,-6.977888,47.639736,-6.977888,47.639736,6.977888,-47.637985,221.0
1497.0,1828.0,6.977888,-47.637985,-6.977888,47.639736,-6.977888,47.639736,6.977888,-47.637985,221.0
1498.0,1633.0,3.6924827,-22.18227,-3.6924827,22.185246,-3.6924827,22.185246,3.6924827,-22.18227,221.0
1498.0,1666.0,3.436597,-23.947454,-3.436597,23.950798,-3.436597,23.950798,3.436597,-23.947454,221.0
1498.0,1666.0,3.436597,-23.947454,-3.436597,23.950798,-3.436597,23.950798,3.436597,-23.947454,221.0
1498.0,1825.0,6.5455933,-15.721992,-6.5455933,15.725672,-6.5455933,15.725672,6.5455933,-15.721992,98.0
1499.0,1623.0,24.107212,-58.909786,-24.107212,58.910736,-24.107212,58.910736,24.107212,-58.909786,98.0
1499.0,1657.0,12.564917,-52.12705,-12.564917,52.12859,-12.564917,52.12859,12.564917,-52.12705,149.0
1499.0,1665.0,22.165577,-96.973656,-22.165577,96.974396,-22.165577,96.974396,22.165577,-96.973656,149.0
1499.0,1737.0,11.567115,-51.575684,-11.567115,51.577038,-11.567115,51.577038,11.567115,-51.575684,149.0
1499.0,1791.0,8.333271,-47.657288,-8.333271,47.658817,-8.333271,47.658817,8.333271,-47.657288,98.0
1628.0,1500.0,9.887074,-63.82649,-9.887074,63.82795,-9.887074,63.82795,9.887074,-63.82649,221.0
1628.0,1500.0,9.887074,-63.82649,-9.887074,63.82795,-9.887074,63.82795,9.887074,-63.82649,221.0
1500.0,1632.0,5.015792,-21.939524,-5.015792,21.942823,-5.015792,21.942823,5.015792,-21.939524,149.0
1648.0,1500.0,17.271261,-42.189598,-17.271261,42.190926,-17.271261,42.190926,17.271261,-42.189598,98.0
1500.0,1665.0,9.291286,-22.322226,-9.291286,22.324816,-9.291286,22.324816,9.291286,-22.322226,98.0
1501.0,1683.0,16.117773,-66.8332,-16.117773,66.8344,-16.117773,66.8344,16.117773,-66.8332,221.0
1501.0,1795.0,14.362117,-34.486946,-14.362117,34.48862,-14.362117,34.48862,14.362117,-34.486946,98.0
1711.0,1502.0,9.645874,-115.87412,-9.645874,116.15806,-9.645874,116.15806,9.645874,-115.87412,2020.0
1829.0,1502.0,9.9009905,-98.6799,-9.9009905,99.0099,-9.9009905,99.0099,9.9009905,-98.6799,2300.0
1668.0,1503.0,7.1238527,-50.85201,-7.1238527,50.869583,-7.1238527,50.869583,7.1238527,-50.85201,523.0
1504.0,1560.0,4.2063675,-10.277188,-4.2063675,10.282643,-4.2063675,10.282643,4.2063675,-10.277188,221.0
1507.0,1510.0,10.178731,-70.78964,-10.178731,70.79077,-10.178731,70.79077,10.178731,-70.78964,221.0
1507.0,1510.0,10.178731,-70.78964,-10.178731,70.79077,-10.178731,70.79077,10.178731,-70.78964,221.0
1507.0,1551.0,11.606035,-80.84105,-11.606035,80.84204,-11.606035,80.84204,11.606035,-80.84105,221.0
1507.0,1551.0,11.606035,-80.84105,-11.606035,80.84204,-11.606035,80.84204,11.606035,-80.84105,221.0
1507.0,1551.0,11.606035,-80.84105,-11.606035,80.84204,-11.606035,80.84204,11.606035,-80.84105,221.0
1507.0,1551.0,11.606035,-80.84105,-11.606035,80.84204,-11.606035,80.84204,11.606035,-80.84105,221.0
1507.0,1629.0,10.775946,-73.551605,-10.775946,73.552734,-10.775946,73.552734,10.775946,-73.551605,221.0
1507.0,1629.0,10.775946,-73.551605,-10.775946,73.552734,-10.775946,73.552734,10.775946,-73.551605,221.0
1508.0,1590.0,5.730518,-25.527851,-5.730518,25.530586,-5.730518,25.530586,5.730518,-25.527851,221.0
1508.0,1793.0,5.1046934,-22.337671,-5.1046934,22.340912,-5.1046934,22.340912,5.1046934,-22.337671,149.0
1509.0,1584.0,6.3258677,-40.859406,-6.3258677,40.861687,-6.3258677,40.861687,6.3258677,-40.859406,221.0
1509.0,1584.0,6.3258677,-40.859406,-6.3258677,40.861687,-6.3258677,40.861687,6.3258677,-40.859406,221.0
1697.0,1509.0,9.973165,-41.356827,-9.973165,41.35877,-9.973165,41.35877,9.973165,-41.356827,149.0
1510.0,1662.0,8.316413,-36.351025,-8.316413,36.353016,-8.316413,36.353016,8.316413,-36.351025,149.0
1510.0,1788.0,7.5056014,-18.344408,-7.5056014,18.347462,-7.5056014,18.347462,7.5056014,-18.344408,250.0
1537.0,1511.0,47.943233,-978.00653,-47.943233,978.042,-47.943233,978.042,47.943233,-978.00653,2768.0
1512.0,1594.0,4.270517,-41.68061,-4.270517,41.70344,-4.270517,41.70344,4.270517,-41.68061,548.0
1512.0,1612.0,5.1045613,-49.990505,-5.1045613,50.00954,-5.1045613,50.00954,5.1045613,-49.990505,548.0
1512.0,1739.0,13.93332,-136.5019,-13.93332,136.50888,-13.93332,136.50888,13.93332,-136.5019,548.0
1523.0,1747.0,3.5285974,-15.421967,-3.5285974,15.426657,-3.5285974,15.426657,3.5285974,-15.421967,149.0
1523.0,1771.0,5.098531,-12.242665,-5.098531,12.247386,-5.098531,12.247386,5.098531,-12.242665,98.0
1649.0,1524.0,9.419595,-65.671844,-9.419595,65.67306,-9.419595,65.67306,9.419595,-65.671844,221.0
1649.0,1524.0,9.419595,-65.671844,-9.419595,65.67306,-9.419595,65.67306,9.419595,-65.671844,221.0
1524.0,1699.0,10.043263,-68.756516,-10.043263,68.75773,-10.043263,68.75773,10.043263,-68.756516,250.0
1524.0,1699.0,10.043263,-68.756516,-10.043263,68.75773,-10.043263,68.75773,10.043263,-68.756516,250.0
1524.0,1802.0,5.1885757,-35.4572,-5.1885757,35.45955,-5.1885757,35.45955,5.1885757,-35.4572,221.0
1524.0,1802.0,5.1885757,-35.4572,-5.1885757,35.45955,-5.1885757,35.45955,5.1885757,-35.4572,221.0
1584.0,1525.0,7.7300835,-52.744873,-7.7300835,52.746452,-7.7300835,52.746452,7.7300835,-52.744873,221.0
1584.0,1525.0,7.7300835,-52.744873,-7.7300835,52.746452,-7.7300835,52.746452,7.7300835,-52.744873,221.0
1525.0,1811.0,3.8108222,-26.042038,-3.8108222,26.045237,-3.8108222,26.045237,3.8108222,-26.042038,221.0
1551.0,1526.0,11.418065,-79.73083,-11.418065,79.731834,-11.418065,79.731834,11.418065,-79.73083,221.0
1551.0,1526.0,11.418065,-79.73083,-11.418065,79.731834,-11.418065,79.731834,11.418065,-79.73083,221.0
1526.0,1666.0,12.379156,-29.751648,-12.379156,29.753593,-12.379156,29.753593,12.379156,-29.751648,98.0
1526.0,1725.0,10.832789,-48.30495,-10.832789,48.306396,-10.832789,48.306396,10.832789,-48.30495,149.0
1527.0,1655.0,4.6038566,-26.314157,-4.6038566,26.316927,-4.6038566,26.316927,4.6038566,-26.314157,98.0
1527.0,1803.0,6.9675875,-48.6027,-6.9675875,48.604347,-6.9675875,48.604347,6.9675875,-48.6027,221.0
1527.0,1803.0,6.9675875,-48.6027,-6.9675875,48.604347,-6.9675875,48.604347,6.9675875,-48.6027,221.0
1834.0,1527.0,14.80644,-95.35623,-14.80644,95.3572,-14.80644,95.3572,14.80644,-95.35623,221.0
1834.0,1527.0,14.80644,-95.35623,-14.80644,95.3572,-14.80644,95.3572,14.80644,-95.35623,221.0
1530.0,1560.0,2.290198,-5.5881605,-2.290198,5.598181,-2.290198,5.598181,2.290198,-5.5881605,221.0
1531.0,1587.0,20.77019,-50.780502,-20.77019,50.781605,-20.77019,50.781605,20.77019,-50.780502,98.0
1532.0,1738.0,11.688352,-142.48962,-11.688352,142.72093,-11.688352,142.72093,11.688352,-142.48962,2020.0
1753.0,1532.0,36.540802,-779.4818,-36.540802,779.5372,-36.540802,779.5372,36.540802,-779.4818,4352.0
1533.0,1712.0,2.783839,-19.832684,-2.783839,19.877659,-2.783839,19.877659,2.783839,-19.832684,443.0
1533.0,1739.0,3.2480273,-23.15852,-3.2480273,23.19706,-3.2480273,23.19706,3.2480273,-23.15852,443.0
1533.0,1830.0,3.136022,-22.378578,-3.136022,22.418459,-3.136022,22.418459,3.136022,-22.378578,443.0
1798.0,1535.0,3.7025251,-25.280968,-3.7025251,25.284264,-3.7025251,25.284264,3.7025251,-25.280968,221.0
1684.0,1536.0,2.2106261,-13.273283,-2.2106261,13.278253,-2.2106261,13.278253,2.2106261,-13.273283,98.0
1710.0,1536.0,6.16559,-14.805347,-6.16559,14.809253,-6.16559,14.809253,6.16559,-14.805347,98.0
1670.0,1537.0,44.97886,-545.68304,-44.97886,545.7435,-44.97886,545.7435,44.97886,-545.68304,2020.0
1538.0,1567.0,2.1400194,-20.872732,-2.1400194,20.918247,-2.1400194,20.918247,2.1400194,-20.872732,548.0
1538.0,1685.0,8.346531,-59.64456,-8.346531,59.65955,-8.346531,59.65955,8.346531,-59.64456,443.0
1538.0,1808.0,7.75498,-55.363174,-7.75498,55.379314,-7.75498,55.379314,7.75498,-55.363174,443.0
1539.0,1690.0,7.62325,-49.325024,-7.62325,49.326912,-7.62325,49.326912,7.62325,-49.325024,221.0
1826.0,1539.0,11.478015,-78.5792,-11.478015,78.58026,-11.478015,78.58026,11.478015,-78.5792,221.0
1826.0,1539.0,11.478015,-78.5792,-11.478015,78.58026,-11.478015,78.58026,11.478015,-78.5792,221.0
1826.0,1539.0,11.478015,-78.5792,-11.478015,78.58026,-11.478015,78.58026,11.478015,-78.5792,221.0
1550.0,1580.0,3.9305527,-22.457056,-3.9305527,22.460302,-3.9305527,22.460302,3.9305527,-22.457056,98.0
1641.0,1550.0,3.8981793,-23.391882,-3.8981793,23.394701,-3.8981793,23.394701,3.8981793,-23.391882,98.0
1550.0,1645.0,1.4730967,-6.433077,-1.4730967,6.444307,-1.4730967,6.444307,1.4730967,-6.433077,149.0
1707.0,1550.0,3.2479486,-18.544127,-3.2479486,18.548056,-3.2479486,18.548056,3.2479486,-18.544127,245.0
1551.0,1679.0,4.2146907,-29.359322,-4.2146907,29.362051,-4.2146907,29.362051,4.2146907,-29.359322,221.0
1551.0,1679.0,4.2146907,-29.359322,-4.2146907,29.362051,-4.2146907,29.362051,4.2146907,-29.359322,221.0
1740.0,1551.0,8.3453665,-57.052917,-8.3453665,57.05438,-8.3453665,57.05438,8.3453665,-57.052917,221.0
1740.0,1551.0,8.3453665,-57.052917,-8.3453665,57.05438,-8.3453665,57.05438,8.3453665,-57.052917,221.0
1740.0,1551.0,8.3453665,-57.052917,-8.3453665,57.05438,-8.3453665,57.05438,8.3453665,-57.052917,221.0
1740.0,1551.0,8.3453665,-57.052917,-8.3453665,57.05438,-8.3453665,57.05438,8.3453665,-57.052917,221.0
1740.0,1551.0,8.3453665,-57.052917,-8.3453665,57.05438,-8.3453665,57.05438,8.3453665,-57.052917,221.0
1740.0,1551.0,8.3453665,-57.052917,-8.3453665,57.05438,-8.3453665,57.05438,8.3453665,-57.052917,221.0
1552.0,1641.0,2.596323,-15.581193,-2.596323,15.585427,-2.596323,15.585427,2.596323,-15.581193,98.0
1552.0,1650.0,4.075415,-16.898554,-4.075415,16.903297,-4.075415,16.903297,4.075415,-16.898554,221.0
1788.0,1552.0,4.1776233,-25.10197,-4.1776233,25.1046,-4.1776233,25.1046,4.1776233,-25.10197,221.0
1552.0,1811.0,2.3681507,-14.218818,-2.3681507,14.223458,-2.3681507,14.223458,2.3681507,-14.218818,221.0
1743.0,1554.0,12.333515,-84.02559,-12.333515,84.02658,-12.333515,84.02658,12.333515,-84.02559,221.0
1743.0,1554.0,12.333515,-84.02559,-12.333515,84.02658,-12.333515,84.02658,12.333515,-84.02559,221.0
1743.0,1554.0,12.333515,-84.02559,-12.333515,84.02658,-12.333515,84.02658,12.333515,-84.02559,221.0
1743.0,1554.0,12.333515,-84.02559,-12.333515,84.02658,-12.333515,84.02658,12.333515,-84.02559,221.0
1793.0,1554.0,9.300803,-63.61618,-9.300803,63.617493,-9.300803,63.617493,9.300803,-63.61618,221.0
1793.0,1554.0,9.300803,-63.61618,-9.300803,63.617493,-9.300803,63.617493,9.300803,-63.61618,221.0
1585.0,1555.0,9.00054,-62.602478,-9.00054,62.603756,-9.00054,62.603756,9.00054,-62.602478,221.0
1585.0,1555.0,9.00054,-62.602478,-9.00054,62.603756,-9.00054,62.603756,9.00054,-62.602478,221.0
1555.0,1652.0,3.70996,-21.19567,-3.70996,21.199108,-3.70996,21.199108,3.70996,-21.19567,98.0
1555.0,1705.0,6.388104,-27.930994,-6.388104,27.933584,-6.388104,27.933584,6.388104,-27.930994,149.0
1555.0,1772.0,4.877084,-33.320457,-4.877084,33.32296,-4.877084,33.32296,4.877084,-33.320457,221.0
1555.0,1772.0,4.877084,-33.320457,-4.877084,33.32296,-4.877084,33.32296,4.877084,-33.320457,221.0
1556.0,1815.0,2.2034845,-12.578549,-2.2034845,12.584345,-2.2034845,12.584345,2.2034845,-12.578549,98.0
1557.0,1797.0,8.815587,-92.07461,-8.815587,92.09293,-8.815587,92.09293,8.815587,-92.07461,750.0
1557.0,1797.0,8.815587,-92.07461,-8.815587,92.09293,-8.815587,92.09293,8.815587,-92.07461,750.0
1557.0,1827.0,3.69538,-26.366781,-3.69538,26.400646,-3.69538,26.400646,3.69538,-26.366781,443.0
1843.0,1557.0,1.0031775,-9.711123,-1.0031775,9.808198,-1.0031775,9.808198,1.0031775,-9.711123,647.0
1558.0,1661.0,4.916708,-31.723747,-4.916708,31.726683,-4.916708,31.726683,4.916708,-31.723747,221.0
1737.0,1559.0,12.083268,-78.19571,-12.083268,78.1969,-12.083268,78.1969,12.083268,-78.19571,221.0
1737.0,1559.0,12.083268,-78.19571,-12.083268,78.1969,-12.083268,78.1969,12.083268,-78.19571,221.0
1559.0,1806.0,15.907214,-102.80082,-15.907214,102.80173,-15.907214,102.80173,15.907214,-102.80082,221.0
1559.0,1806.0,15.907214,-102.80082,-15.907214,102.80173,-15.907214,102.80173,15.907214,-102.80082,221.0
1561.0,1564.0,3.0910988,-21.51581,-3.0910988,21.51953,-3.0910988,21.51953,3.0910988,-21.51581,221.0
1561.0,1564.0,3.0910988,-21.51581,-3.0910988,21.51953,-3.0910988,21.51953,3.0910988,-21.51581,221.0
1707.0,1561.0,6.1705217,-35.241596,-6.1705217,35.243664,-6.1705217,35.243664,6.1705217,-35.241596,221.0
1561.0,1818.0,6.156498,-36.937202,-6.156498,36.938988,-6.156498,36.938988,6.156498,-36.937202,98.0
1562.0,1665.0,8.365133,-47.74553,-8.365133,47.747055,-8.365133,47.747055,8.365133,-47.74553,98.0
1562.0,1723.0,6.686649,-29.816751,-6.686649,29.819092,-6.686649,29.819092,6.686649,-29.816751,149.0
1583.0,1563.0,9.797168,-101.60294,-9.797168,101.61955,-9.797168,101.61955,9.797168,-101.60294,750.0
1563.0,1774.0,3.6241698,-37.629375,-3.6241698,37.674175,-3.6241698,37.674175,3.6241698,-37.629375,750.0
1563.0,1774.0,3.6241698,-37.629375,-3.6241698,37.674175,-3.6241698,37.674175,3.6241698,-37.629375,750.0
1564.0,1702.0,6.188001,-43.12434,-6.188001,43.126194,-6.188001,43.126194,6.188001,-43.12434,221.0
1564.0,1702.0,6.188001,-43.12434,-6.188001,43.126194,-6.188001,43.126194,6.188001,-43.12434,221.0
1580.0,1565.0,11.977798,-49.65797,-11.977798,49.659584,-11.977798,49.659584,11.977798,-49.65797,149.0
1565.0,1698.0,5.100471,-22.30477,-5.100471,22.308014,-5.100471,22.308014,5.100471,-22.30477,149.0
1565.0,1801.0,8.878987,-57.308205,-8.878987,57.30983,-8.878987,57.30983,8.878987,-57.308205,221.0
1565.0,1801.0,8.878987,-57.308205,-8.878987,57.30983,-8.878987,57.30983,8.878987,-57.308205,221.0
1566.0,1582.0,28.280542,-593.8328,-28.280542,593.8914,-28.280542,593.8914,28.280542,-593.8328,3146.0
1606.0,1566.0,35.67338,-431.75928,-35.67338,431.83566,-35.67338,431.83566,35.67338,-431.75928,2020.0
1566.0,1634.0,17.660645,-368.06198,-17.660645,368.1565,-17.660645,368.1565,17.660645,-368.06198,3146.0
1594.0,1567.0,3.950252,-38.603394,-3.950252,38.628036,-3.950252,38.628036,3.950252,-38.603394,548.0
1568.0,1699.0,14.040944,-98.08942,-14.040944,98.09023,-14.040944,98.09023,14.040944,-98.08942,221.1
1568.0,1699.0,14.040944,-98.08942,-14.040944,98.09023,-14.040944,98.09023,14.040944,-98.08942,300.0
1568.0,1699.0,14.040944,-98.08942,-14.040944,98.09023,-14.040944,98.09023,14.040944,-98.08942,300.0
1568.0,1699.0,14.040944,-98.08942,-14.040944,98.09023,-14.040944,98.09023,14.040944,-98.08942,300.0
1578.0,1659.0,2.5557466,-18.2083,-2.5557466,18.257275,-2.5557466,18.257275,2.5557466,-18.2083,443.0
1639.0,1579.0,6.7193108,-46.765587,-6.7193108,46.767296,-6.7193108,46.767296,6.7193108,-46.765587,221.0
1639.0,1579.0,6.7193108,-46.765587,-6.7193108,46.767296,-6.7193108,46.767296,6.7193108,-46.765587,221.0
1580.0,1794.0,7.180367,-40.969566,-7.180367,40.971348,-7.180367,40.971348,7.180367,-40.969566,98.0
1581.0,1638.0,10.06183,-68.650314,-10.06183,68.65153,-10.06183,68.65153,10.06183,-68.650314,221.0
1581.0,1638.0,10.06183,-68.650314,-10.06183,68.65153,-10.06183,68.65153,10.06183,-68.650314,221.0
1581.0,1664.0,3.2214408,-19.336761,-3.2214408,19.340178,-3.2214408,19.340178,3.2214408,-19.336761,98.0
1708.0,1581.0,13.09991,-84.780334,-13.09991,84.78144,-13.09991,84.78144,13.09991,-84.780334,221.0
1582.0,1796.0,11.889798,-144.99808,-11.889798,145.2254,-11.889798,145.2254,11.889798,-144.99808,2020.0
1583.0,1607.0,10.090384,-72.16041,-10.090384,72.17279,-10.090384,72.17279,10.090384,-72.16041,443.0
1583.0,1816.0,3.7437809,-26.720383,-3.7437809,26.753803,-3.7437809,26.753803,3.7437809,-26.720383,443.0
1726.0,1584.0,8.506667,-58.064316,-8.506667,58.06575,-8.506667,58.06575,8.506667,-58.064316,221.0
1726.0,1584.0,8.506667,-58.064316,-8.506667,58.06575,-8.506667,58.06575,8.506667,-58.064316,221.0
1702.0,1585.0,8.874727,-39.516197,-8.874727,39.517963,-8.874727,39.517963,8.874727,-39.516197,149.0
1585.0,1811.0,18.473024,-45.123337,-18.473024,45.124584,-18.473024,45.124584,18.473024,-45.123337,98.0
1586.0,1651.0,5.0690913,-22.59594,-5.0690913,22.59903,-5.0690913,22.59903,5.0690913,-22.59594,149.0
1586.0,1664.0,3.8406813,-15.932857,-3.8406813,15.937886,-3.8406813,15.937886,3.8406813,-15.932857,149.0
1586.0,1743.0,5.531233,-22.928307,-5.531233,22.9318,-5.531233,22.9318,5.531233,-22.928307,149.0
1623.0,1587.0,32.76525,-80.15045,-32.76525,80.15115,-32.76525,80.15115,32.76525,-80.15045,98.0
1587.0,1705.0,6.7330256,-46.971844,-6.7330256,46.97355,-6.7330256,46.97355,6.7330256,-46.971844,221.0
1587.0,1705.0,6.7330256,-46.971844,-6.7330256,46.97355,-6.7330256,46.97355,6.7330256,-46.971844,221.0
1795.0,1587.0,7.1207986,-46.044357,-7.1207986,46.046383,-7.1207986,46.046383,7.1207986,-46.044357,221.0
1795.0,1587.0,7.1207986,-46.044357,-7.1207986,46.046383,-7.1207986,46.046383,7.1207986,-46.044357,221.0
1587.0,1806.0,10.395943,-67.02024,-10.395943,67.02163,-10.395943,67.02163,10.395943,-67.02024,250.0
1587.0,1806.0,10.395943,-67.02024,-10.395943,67.02163,-10.395943,67.02163,10.395943,-67.02024,250.0
1649.0,1588.0,10.354061,-72.31721,-10.354061,72.31831,-10.354061,72.31831,10.354061,-72.31721,221.0
1792.0,1588.0,13.732231,-33.547024,-13.732231,33.548695,-13.732231,33.548695,13.732231,-33.547024,98.0
1589.0,1644.0,2.241472,-12.796201,-2.241472,12.801895,-2.241472,12.801895,2.241472,-12.796201,98.0
1590.0,1824.0,16.279934,-39.78372,-16.279934,39.785126,-16.279934,39.785126,16.279934,-39.78372,250.0
1754.0,1591.0,19.240768,-201.40561,-19.240768,201.41399,-19.240768,201.41399,19.240768,-201.40561,750.0
1754.0,1591.0,19.240768,-201.40561,-19.240768,201.41399,-19.240768,201.41399,19.240768,-201.40561,750.0
1754.0,1591.0,19.240768,-201.40561,-19.240768,201.41399,-19.240768,201.41399,19.240768,-201.40561,750.0
1790.0,1592.0,3.328585,-23.175999,-3.328585,23.179453,-3.328585,23.179453,3.328585,-23.175999,221.0
1790.0,1592.0,3.328585,-23.175999,-3.328585,23.179453,-3.328585,23.179453,3.328585,-23.175999,221.0
1593.0,1748.0,7.5742397,-155.90413,-7.5742397,156.12708,-7.5742397,156.12708,7.5742397,-155.90413,2768.0
1753.0,1593.0,9.164611,-187.33646,-9.164611,187.52203,-9.164611,187.52203,9.164611,-187.33646,2768.0
1594.0,1808.0,5.387586,-52.679264,-5.387586,52.69733,-5.387586,52.69733,5.387586,-52.679264,647.0
1595.0,1662.0,19.607843,-137.25432,-19.607843,137.2549,-19.607843,137.2549,19.607843,-137.25432,300.0
1595.0,1662.0,19.607843,-137.25432,-19.607843,137.2549,-19.607843,137.2549,19.607843,-137.25432,250.0
1595.0,1662.0,19.607843,-137.25432,-19.607843,137.2549,-19.607843,137.2549,19.607843,-137.25432,300.0
1595.0,1662.0,19.607843,-137.25432,-19.607843,137.2549,-19.607843,137.2549,19.607843,-137.25432,300.0
1595.0,1662.0,19.607843,-137.25432,-19.607843,137.2549,-19.607843,137.2549,19.607843,-137.25432,300.0
1595.0,1662.0,19.607843,-137.25432,-19.607843,137.2549,-19.607843,137.2549,19.607843,-137.25432,300.0
1595.0,1662.0,19.607843,-137.25432,-19.607843,137.2549,-19.607843,137.2549,19.607843,-137.25432,300.0
1595.0,1662.0,19.607843,-137.25432,-19.607843,137.2549,-19.607843,137.2549,19.607843,-137.25432,300.0
1605.0,1608.0,6.39418,-43.685158,-6.39418,43.687065,-6.39418,43.687065,6.39418,-43.685158,221.0
1605.0,1608.0,6.39418,-43.685158,-6.39418,43.687065,-6.39418,43.687065,6.39418,-43.685158,221.0
1605.0,1632.0,1.8030658,-12.558689,-1.8030658,12.565064,-1.8030658,12.565064,1.8030658,-12.558689,221.0
1606.0,1738.0,5.949185,-121.524,-5.949185,121.80956,-5.949185,121.80956,5.949185,-121.524,3146.0
1827.0,1607.0,4.495575,-43.863686,-4.495575,43.885376,-4.495575,43.885376,4.495575,-43.863686,548.0
1610.0,1654.0,4.393184,-25.108433,-4.393184,25.111338,-4.393184,25.111338,4.393184,-25.108433,98.0
1610.0,1720.0,2.8089888,-12.166285,-2.8089888,12.172285,-2.8089888,12.172285,2.8089888,-12.166285,150.0
1800.0,1610.0,3.9413662,-9.629232,-3.9413662,9.635053,-3.9413662,9.635053,3.9413662,-9.629232,98.0
1833.0,1610.0,3.9853494,-9.738181,-3.9853494,9.743936,-3.9853494,9.743936,3.9853494,-9.738181,221.0
1670.0,1611.0,37.619125,-455.537,-37.619125,455.60944,-37.619125,455.60944,37.619125,-455.537,2020.0
1611.0,1835.0,5.8363013,-70.535,-5.8363013,70.99988,-5.8363013,70.99988,5.8363013,-70.535,2020.0
1689.0,1612.0,11.584851,-120.52712,-11.584851,120.541115,-11.584851,120.541115,11.584851,-120.52712,750.0
1613.0,1701.0,4.3388376,-24.88161,-4.3388376,24.88451,-4.3388376,24.88451,4.3388376,-24.88161,100.0
1620.0,1680.0,8.879952,-21.69969,-8.879952,21.702274,-8.879952,21.702274,8.879952,-21.69969,98.0
1700.0,1620.0,5.6393623,-24.67569,-5.6393623,24.67862,-5.6393623,24.67862,5.6393623,-24.67569,149.0
1620.0,1770.0,4.3402195,-24.773006,-4.3402195,24.775948,-4.3402195,24.775948,4.3402195,-24.773006,98.0
1621.0,1664.0,5.1382794,-22.468117,-5.1382794,22.471336,-5.1382794,22.471336,5.1382794,-22.468117,149.0
1621.0,1704.0,6.348139,-28.290895,-6.348139,28.29336,-6.348139,28.29336,6.348139,-28.290895,149.0
1752.0,1621.0,7.580918,-51.85627,-7.580918,51.857876,-7.580918,51.857876,7.580918,-51.85627,221.0
1752.0,1621.0,7.580918,-51.85627,-7.580918,51.857876,-7.580918,51.857876,7.580918,-51.85627,221.0
1818.0,1622.0,8.285709,-56.623005,-8.285709,56.624474,-8.285709,56.624474,8.285709,-56.623005,221.0
1622.0,1838.0,10.2834015,-45.88678,-10.2834015,45.888298,-10.2834015,45.888298,10.2834015,-45.88678,149.0
1623.0,1789.0,6.600281,-29.439434,-6.600281,29.441805,-6.600281,29.441805,6.600281,-29.439434,149.0
1623.0,1793.0,3.3969662,-20.399954,-3.3969662,20.403189,-3.3969662,20.403189,3.3969662,-20.399954,98.0
1656.0,1624.0,14.076576,-84.45868,-14.076576,84.45946,-14.076576,84.45946,14.076576,-84.45868,98.0
1624.0,1683.0,10.9624195,-26.792135,-10.9624195,26.794231,-10.9624195,26.794231,10.9624195,-26.792135,150.0
1828.0,1625.0,6.8876367,-28.576134,-6.8876367,28.57894,-6.8876367,28.57894,6.8876367,-28.576134,149.0
1625.0,1848.0,6.2941904,-15.384917,-6.2941904,15.388563,-6.2941904,15.388563,6.2941904,-15.384917,98.0
1637.0,1626.0,5.2015347,-22.76035,-5.2015347,22.763529,-5.2015347,22.763529,5.2015347,-22.76035,149.0
1626.0,1644.0,2.8435683,-12.431333,-2.8435683,12.437153,-2.8435683,12.437153,2.8435683,-12.431333,149.0
1820.0,1626.0,3.6155612,-24.700888,-3.6155612,24.704258,-3.6155612,24.704258,3.6155612,-24.700888,221.0
1820.0,1626.0,3.6155612,-24.700888,-3.6155612,24.704258,-3.6155612,24.704258,3.6155612,-24.700888,221.0
1628.0,1627.0,14.379632,-98.194305,-14.379632,98.19516,-14.379632,98.19516,14.379632,-98.194305,221.0
1628.0,1627.0,14.379632,-98.194305,-14.379632,98.19516,-14.379632,98.19516,14.379632,-98.194305,221.0
1627.0,1803.0,3.221416,-22.00675,-3.221416,22.010534,-3.221416,22.010534,3.221416,-22.00675,221.0
1628.0,1703.0,7.632958,-33.351048,-7.632958,33.353214,-7.632958,33.353214,7.632958,-33.351048,250.0
1629.0,1745.0,23.319887,-56.990543,-23.319887,56.99153,-23.319887,56.99153,23.319887,-56.990543,98.0
1629.0,1769.0,4.458296,-19.498333,-4.458296,19.502043,-4.458296,19.502043,4.458296,-19.498333,149.0
1699.0,1630.0,10.09872,-70.33645,-10.09872,70.337585,-10.09872,70.337585,10.09872,-70.33645,221.0
1699.0,1630.0,10.09872,-70.33645,-10.09872,70.337585,-10.09872,70.337585,10.09872,-70.33645,221.0
1630.0,1811.0,7.2876267,-31.913248,-7.2876267,31.915518,-7.2876267,31.915518,7.2876267,-31.913248,221.0
1630.0,1832.0,5.2666855,-30.043737,-5.2666855,30.046162,-5.2666855,30.046162,5.2666855,-30.043737,221.0
1631.0,1655.0,4.218083,-24.090904,-4.218083,24.09393,-4.218083,24.09393,4.218083,-24.090904,98.0
1791.0,1631.0,33.39972,-81.66902,-33.39972,81.66971,-33.39972,81.66971,33.39972,-81.66902,98.0
1631.0,1824.0,5.6423855,-33.852364,-5.6423855,33.854313,-5.6423855,33.854313,5.6423855,-33.852364,98.0
1653.0,1632.0,8.291321,-34.402893,-8.291321,34.405224,-8.291321,34.405224,8.291321,-34.402893,149.0
1632.0,1802.0,3.6805508,-21.006151,-3.6805508,21.009623,-3.6805508,21.009623,3.6805508,-21.006151,98.0
1633.0,1647.0,7.0823174,-30.984068,-7.0823174,30.986403,-7.0823174,30.986403,7.0823174,-30.984068,149.0
1633.0,1657.0,4.6753755,-26.70425,-4.6753755,26.706982,-4.6753755,26.706982,4.6753755,-26.70425,98.0
1633.0,1679.0,9.528217,-42.421608,-9.528217,42.423252,-9.528217,42.423252,9.528217,-42.421608,149.0
1633.0,1745.0,12.527587,-30.611435,-12.527587,30.613264,-12.527587,30.613264,12.527587,-30.611435,98.0
1634.0,1829.0,5.047425,-102.081024,-5.047425,102.42066,-5.047425,102.42066,5.047425,-102.081024,2768.0
1816.0,1635.0,12.01157,-85.79724,-12.01157,85.807655,-12.01157,85.807655,12.01157,-85.79724,443.0
1804.0,1637.0,4.6359615,-20.667717,-4.6359615,20.671093,-4.6359615,20.671093,4.6359615,-20.667717,149.0
1672.0,1638.0,6.4203024,-43.840717,-6.4203024,43.842617,-6.4203024,43.842617,6.4203024,-43.840717,221.0
1672.0,1638.0,6.4203024,-43.840717,-6.4203024,43.842617,-6.4203024,43.842617,6.4203024,-43.840717,221.0
1672.0,1638.0,6.4203024,-43.840717,-6.4203024,43.842617,-6.4203024,43.842617,6.4203024,-43.840717,221.0
1672.0,1638.0,6.4203024,-43.840717,-6.4203024,43.842617,-6.4203024,43.842617,6.4203024,-43.840717,221.0
1638.0,1810.0,11.261031,-76.77867,-11.261031,76.779755,-11.261031,76.779755,11.261031,-76.77867,221.0
1638.0,1810.0,11.261031,-76.77867,-11.261031,76.779755,-11.261031,76.779755,11.261031,-76.77867,221.0
1680.0,1639.0,10.245372,-71.199036,-10.245372,71.20016,-10.245372,71.20016,10.245372,-71.199036,221.0
1640.0,1658.0,9.786295,-23.928623,-9.786295,23.930967,-9.786295,23.930967,9.786295,-23.928623,98.0
1658.0,1642.0,4.386963,-19.187256,-4.386963,19.191025,-4.386963,19.191025,4.386963,-19.187256,149.0
1642.0,1722.0,3.6594563,-25.50679,-3.6594563,25.50993,-3.6594563,25.50993,3.6594563,-25.50679,221.0
1642.0,1722.0,3.6594563,-25.50679,-3.6594563,25.50993,-3.6594563,25.50993,3.6594563,-25.50679,221.0
1643.0,1652.0,8.561817,-35.498608,-8.561817,35.50087,-8.561817,35.50087,8.561817,-35.498608,221.0
1643.0,1699.0,4.9324846,-20.461681,-4.9324846,20.465601,-4.9324846,20.465601,4.9324846,-20.461681,221.0
1643.0,1818.0,3.6708925,-15.217776,-3.6708925,15.223046,-3.6708925,15.223046,3.6708925,-15.217776,149.0
1644.0,1654.0,1.4290036,-6.2398534,-1.4290036,6.251428,-1.4290036,6.251428,1.4290036,-6.2398534,149.0
1645.0,1799.0,4.3388376,-24.88201,-4.3388376,24.88451,-4.3388376,24.88451,4.3388376,-24.88201,221.0
1701.0,1646.0,2.4174638,-5.8994584,-2.4174638,5.9089484,-2.4174638,5.9089484,2.4174638,-5.8994584,98.0
1646.0,1799.0,3.918992,-9.5741415,-3.918992,9.579996,-3.918992,9.579996,3.918992,-9.5741415,98.0
1648.0,1769.0,10.571075,-60.415688,-10.571075,60.416893,-10.571075,60.416893,10.571075,-60.415688,98.0
1649.0,1702.0,10.412437,-25.025751,-10.412437,25.02806,-10.412437,25.02806,10.412437,-25.025751,98.0
1649.0,1726.0,4.7403765,-30.641138,-4.7403765,30.644178,-4.7403765,30.644178,4.7403765,-30.641138,221.0
1649.0,1726.0,4.7403765,-30.641138,-4.7403765,30.644178,-4.7403765,30.644178,4.7403765,-30.641138,221.0
1667.0,1650.0,4.60347,-29.715925,-4.60347,29.71906,-4.60347,29.71906,4.60347,-29.715925,221.0
1667.0,1650.0,4.60347,-29.715925,-4.60347,29.71906,-4.60347,29.71906,4.60347,-29.715925,221.0
1651.0,1679.0,4.073319,-18.147861,-4.073319,18.151707,-4.073319,18.151707,4.073319,-18.147861,149.0
1653.0,1658.0,2.2000332,-12.56419,-2.2000332,12.56999,-2.2000332,12.56999,2.2000332,-12.56419,98.0
1653.0,1817.0,2.1956348,-15.294923,-2.1956348,15.300158,-2.1956348,15.300158,2.1956348,-15.294923,221.0
1653.0,1817.0,2.1956348,-15.294923,-2.1956348,15.300158,-2.1956348,15.300158,2.1956348,-15.294923,221.0
1832.0,1653.0,20.36421,-48.968555,-20.36421,48.969738,-20.36421,48.969738,20.36421,-48.968555,98.0
1746.0,1654.0,3.8096576,-15.801964,-3.8096576,15.807038,-3.8096576,15.807038,3.8096576,-15.801964,149.0
1769.0,1655.0,12.219475,-53.481422,-12.219475,53.482777,-12.219475,53.482777,12.219475,-53.481422,149.0
1655.0,1793.0,9.470042,-61.18952,-9.470042,61.19104,-9.470042,61.19104,9.470042,-61.18952,221.0
1655.0,1793.0,9.470042,-61.18952,-9.470042,61.19104,-9.470042,61.19104,9.470042,-61.18952,221.0
1656.0,1662.0,5.158168,-35.266293,-5.158168,35.268654,-5.158168,35.268654,5.158168,-35.266293,221.0
1656.0,1662.0,5.158168,-35.266293,-5.158168,35.268654,-5.158168,35.268654,5.158168,-35.266293,221.0
1656.0,1751.0,5.483246,-37.4356,-5.483246,37.437828,-5.483246,37.437828,5.483246,-37.4356,221.0
1656.0,1751.0,5.483246,-37.4356,-5.483246,37.437828,-5.483246,37.437828,5.483246,-37.4356,221.0
1656.0,1789.0,8.518227,-20.826954,-8.518227,20.829647,-8.518227,20.829647,8.518227,-20.826954,98.0
1657.0,1683.0,5.7918525,-37.41517,-5.7918525,37.41766,-5.7918525,37.41766,5.7918525,-37.41517,221.0
1657.0,1683.0,5.7918525,-37.41517,-5.7918525,37.41766,-5.7918525,37.41766,5.7918525,-37.41517,221.0
1719.0,1659.0,7.823999,-76.286224,-7.823999,76.2987,-7.823999,76.2987,7.823999,-76.286224,647.0
1734.0,1659.0,3.242763,-23.120083,-3.242763,23.158688,-3.242763,23.158688,3.242763,-23.120083,443.0
1754.0,1659.0,2.8553498,-27.866503,-2.8553498,27.900623,-2.8553498,27.900623,2.8553498,-27.866503,548.0
1720.0,1660.0,4.5433517,-20.235117,-4.5433517,20.238567,-4.5433517,20.238567,4.5433517,-20.235117,149.0
1660.0,1819.0,3.520521,-22.733706,-3.520521,22.7378,-3.520521,22.7378,3.520521,-22.733706,221.0
1660.0,1819.0,3.520521,-22.733706,-3.520521,22.7378,-3.520521,22.7378,3.520521,-22.733706,221.0
1662.0,1665.0,8.650306,-59.156673,-8.650306,59.15808,-8.650306,59.15808,8.650306,-59.156673,221.0
1662.0,1665.0,8.650306,-59.156673,-8.650306,59.15808,-8.650306,59.15808,8.650306,-59.156673,221.0
1662.0,1806.0,22.426117,-145.12222,-22.426117,145.12286,-22.426117,145.12286,22.426117,-145.12222,250.0
1662.0,1806.0,22.426117,-145.12222,-22.426117,145.12286,-22.426117,145.12286,22.426117,-145.12222,250.0
1662.0,1806.0,22.426117,-145.12222,-22.426117,145.12286,-22.426117,145.12286,22.426117,-145.12222,250.0
1662.0,1806.0,22.426117,-145.12222,-22.426117,145.12286,-22.426117,145.12286,22.426117,-145.12222,250.0
1663.0,1704.0,15.48846,-37.849907,-15.48846,37.851387,-15.48846,37.851387,15.48846,-37.849907,98.0
1664.0,1724.0,4.640634,-31.70153,-4.640634,31.704155,-4.640634,31.704155,4.640634,-31.70153,221.0
1664.0,1724.0,4.640634,-31.70153,-4.640634,31.704155,-4.640634,31.704155,4.640634,-31.70153,221.0
1666.0,1810.0,4.219645,-29.376223,-4.219645,29.378948,-4.219645,29.378948,4.219645,-29.376223,221.0
1666.0,1810.0,4.219645,-29.376223,-4.219645,29.378948,-4.219645,29.378948,4.219645,-29.376223,221.0
1775.0,1667.0,7.669745,-53.453415,-7.669745,53.454914,-7.669745,53.454914,7.669745,-53.453415,221.0
1775.0,1667.0,7.669745,-53.453415,-7.669745,53.454914,-7.669745,53.454914,7.669745,-53.453415,221.0
1775.0,1667.0,7.669745,-53.453415,-7.669745,53.454914,-7.669745,53.454914,7.669745,-53.453415,221.0
1668.0,1836.0,2.3023903,-22.459719,-2.3023903,22.50203,-2.3023903,22.50203,2.3023903,-22.459719,548.0
1669.0,1709.0,3.3567488,-14.960742,-3.3567488,14.965407,-3.3567488,14.965407,3.3567488,-14.960742,149.0
1671.0,1739.0,7.4656124,-53.255283,-7.4656124,53.272064,-7.4656124,53.272064,7.4656124,-53.255283,523.0
1722.0,1678.0,5.2044396,-21.588543,-5.2044396,21.592258,-5.2044396,21.592258,5.2044396,-21.588543,149.0
1678.0,1747.0,5.253125,-21.793018,-5.253125,21.796698,-5.253125,21.796698,5.253125,-21.793018,149.0
1723.0,1679.0,8.392912,-47.96136,-8.392912,47.962883,-8.392912,47.962883,8.392912,-47.96136,98.0
1680.0,1812.0,2.4692528,-14.095186,-2.4692528,14.100356,-2.4692528,14.100356,2.4692528,-14.095186,98.0
1683.0,1802.0,7.8566937,-47.138763,-7.8566937,47.140163,-7.8566937,47.140163,7.8566937,-47.138763,221.0
1684.0,1744.0,5.061829,-12.369427,-5.061829,12.373957,-5.061829,12.373957,5.061829,-12.369427,98.0
1774.0,1685.0,7.989442,-57.00441,-7.989442,57.020084,-7.989442,57.020084,7.989442,-57.00441,443.0
1799.0,1686.0,8.926006,-39.09567,-8.926006,39.09752,-8.926006,39.09752,8.926006,-39.09567,221.0
1689.0,1739.0,6.954059,-49.693466,-6.954059,49.711445,-6.954059,49.711445,6.954059,-49.693466,443.0
1689.0,1774.0,11.414399,-81.37571,-11.414399,81.386696,-11.414399,81.386696,11.414399,-81.37571,523.0
1818.0,1697.0,9.493968,-56.929337,-9.493968,56.930496,-9.493968,56.930496,9.493968,-56.929337,98.0
1698.0,1702.0,6.5617824,-27.199476,-6.5617824,27.202425,-6.5617824,27.202425,6.5617824,-27.199476,149.0
1831.0,1700.0,7.3882647,-32.892708,-7.3882647,32.894825,-7.3882647,32.894825,7.3882647,-32.892708,149.0
1701.0,1812.0,1.178383,-7.0666285,-1.178383,7.0759583,-1.178383,7.0759583,1.178383,-7.0666285,98.0
1703.0,1834.0,31.858408,-77.87539,-31.858408,77.87611,-31.858408,77.87611,31.858408,-77.87539,98.0
1723.0,1704.0,12.138764,-54.16101,-12.138764,54.162304,-12.138764,54.162304,12.138764,-54.16101,149.0
1704.0,1791.0,11.7453375,-51.36709,-11.7453375,51.3685,-11.7453375,51.3685,11.7453375,-51.36709,149.0
1705.0,1769.0,10.8819,-26.579756,-10.8819,26.581867,-10.8819,26.581867,10.8819,-26.579756,98.0
1705.0,1802.0,14.666039,-64.21703,-14.666039,64.21816,-14.666039,64.21816,14.666039,-64.21703,149.0
1771.0,1706.0,2.4239025,-13.833481,-2.4239025,13.838746,-2.4239025,13.838746,2.4239025,-13.833481,98.0
1820.0,1706.0,3.2876146,-14.641908,-3.2876146,14.646672,-3.2876146,14.646672,3.2876146,-14.641908,149.0
1708.0,1725.0,4.2056055,-18.384024,-4.2056055,18.387959,-4.2056055,18.387959,4.2056055,-18.384024,149.0
1709.0,1833.0,5.6765103,-13.873623,-5.6765103,13.877663,-5.6765103,13.877663,5.6765103,-13.873623,221.0
1710.0,1800.0,1.9646994,-4.7912827,-1.9646994,4.8029575,-1.9646994,4.8029575,1.9646994,-4.7912827,98.0
1748.0,1711.0,9.447306,-114.67753,-9.447306,114.9644,-9.447306,114.9644,9.447306,-114.67753,2020.0
1712.0,1734.0,8.775345,-62.52998,-8.775345,62.544277,-8.775345,62.544277,8.775345,-62.52998,443.0
1713.0,1820.0,3.2155874,-22.413229,-3.2155874,22.4168,-3.2155874,22.4168,3.2155874,-22.413229,221.0
1713.0,1820.0,3.2155874,-22.413229,-3.2155874,22.4168,-3.2155874,22.4168,3.2155874,-22.413229,221.0
1719.0,1728.0,7.220585,-70.677574,-7.220585,70.69104,-7.220585,70.69104,7.220585,-70.677574,548.0
1719.0,1836.0,11.721019,-114.804405,-11.721019,114.812706,-11.721019,114.812706,11.721019,-114.804405,548.0
1720.0,1837.0,5.497531,-31.397627,-5.497531,31.399946,-5.497531,31.399946,5.497531,-31.397627,98.0
1747.0,1721.0,2.86579,-11.882693,-2.86579,11.889439,-2.86579,11.889439,2.86579,-11.882693,149.0
1723.0,1790.0,1.9233075,-12.4157715,-1.9233075,12.423271,-1.9233075,12.423271,1.9233075,-12.4157715,221.0
1723.0,1790.0,1.9233075,-12.4157715,-1.9233075,12.423271,-1.9233075,12.423271,1.9233075,-12.4157715,221.0
1724.0,1831.0,5.131689,-33.11174,-5.131689,33.11455,-5.131689,33.11455,5.131689,-33.11174,221.0
1724.0,1831.0,5.131689,-33.11174,-5.131689,33.11455,-5.131689,33.11455,5.131689,-33.11174,221.0
1724.0,1831.0,5.131689,-33.11174,-5.131689,33.11455,-5.131689,33.11455,5.131689,-33.11174,221.0
1724.0,1831.0,5.131689,-33.11174,-5.131689,33.11455,-5.131689,33.11455,5.131689,-33.11174,221.0
1725.0,1789.0,5.2596025,-23.42878,-5.2596025,23.43176,-5.2596025,23.43176,5.2596025,-23.42878,149.0
1727.0,1829.0,10.0918665,-122.97542,-10.0918665,123.243095,-10.0918665,123.243095,10.0918665,-122.97542,2020.0
1729.0,1787.0,8.60143,-37.603287,-8.60143,37.605213,-8.60143,37.605213,8.60143,-37.603287,149.0
1735.0,1746.0,4.0014844,-17.820879,-4.0014844,17.824793,-4.0014844,17.824793,4.0014844,-17.820879,149.0
1769.0,1737.0,19.930561,-48.73032,-19.930561,48.731472,-19.930561,48.731472,19.930561,-48.73032,98.0
1807.0,1738.0,28.280542,-593.8328,-28.280542,593.8914,-28.280542,593.8914,28.280542,-593.8328,2768.0
1808.0,1739.0,9.951153,-97.30101,-9.951153,97.3108,-9.951153,97.3108,9.951153,-97.30101,548.0
1743.0,1825.0,5.8256907,-39.74493,-5.8256907,39.747025,-5.8256907,39.747025,5.8256907,-39.74493,221.0
1743.0,1825.0,5.8256907,-39.74493,-5.8256907,39.747025,-5.8256907,39.747025,5.8256907,-39.74493,221.0
1752.0,1745.0,8.780958,-61.159977,-8.780958,61.161285,-8.780958,61.161285,8.780958,-61.159977,221.0
1752.0,1745.0,8.780958,-61.159977,-8.780958,61.161285,-8.780958,61.161285,8.780958,-61.159977,221.0
1749.0,1816.0,16.32534,-169.94853,-16.32534,169.95845,-16.32534,169.95845,16.32534,-169.94853,750.0
1749.0,1816.0,16.32534,-169.94853,-16.32534,169.95845,-16.32534,169.95845,16.32534,-169.94853,750.0
1751.0,1811.0,6.084728,-25.231936,-6.084728,25.235111,-6.084728,25.235111,6.084728,-25.231936,149.0
1752.0,1789.0,5.341536,-34.467846,-5.341536,34.47055,-5.341536,34.47055,5.341536,-34.467846,221.0
1752.0,1789.0,5.341536,-34.467846,-5.341536,34.47055,-5.341536,34.47055,5.341536,-34.467846,221.0
1787.0,1770.0,1.7032535,-7.054722,-1.7032535,7.066072,-1.7032535,7.066072,1.7032535,-7.054722,149.0
1772.0,1788.0,16.008753,-66.414116,-16.008753,66.41532,-16.008753,66.41532,16.008753,-66.414116,250.0
1773.0,1807.0,49.261086,-591.0771,-49.261086,591.133,-49.261086,591.133,49.261086,-591.0771,2295.0
1792.0,1811.0,4.420834,-25.223412,-4.420834,25.226301,-4.420834,25.226301,4.420834,-25.223412,98.0
1869.0,1796.0,12.6547575,-152.34375,-12.6547575,152.56013,-12.6547575,152.56013,12.6547575,-152.34375,2020.0
1796.0,1906.0,9.9009905,-98.6799,-9.9009905,99.0099,-9.9009905,99.0099,9.9009905,-98.6799,2300.0
1803.0,1817.0,7.993424,-51.614437,-7.993424,51.61624,-7.993424,51.61624,7.993424,-51.614437,221.0
1803.0,1817.0,7.993424,-51.614437,-7.993424,51.61624,-7.993424,51.61624,7.993424,-51.614437,221.0
1803.0,1817.0,7.993424,-51.614437,-7.993424,51.61624,-7.993424,51.61624,7.993424,-51.614437,221.0
1810.0,1805.0,10.738979,-69.35867,-10.738979,69.360016,-10.738979,69.360016,10.738979,-69.35867,221.0
1810.0,1805.0,10.738979,-69.35867,-10.738979,69.360016,-10.738979,69.360016,10.738979,-69.35867,221.0
1806.0,1824.0,4.0127134,-27.926893,-4.0127134,27.929758,-4.0127134,27.929758,4.0127134,-27.926893,221.0
1806.0,1824.0,4.0127134,-27.926893,-4.0127134,27.929758,-4.0127134,27.929758,4.0127134,-27.926893,221.0
1808.0,1816.0,2.1482537,-20.934568,-2.1482537,20.979944,-2.1482537,20.979944,2.1482537,-20.934568,548.0
1810.0,1826.0,4.157716,-28.416376,-4.157716,28.419306,-4.157716,28.419306,4.157716,-28.416376,221.0
1810.0,1826.0,4.157716,-28.416376,-4.157716,28.419306,-4.157716,28.419306,4.157716,-28.416376,221.0
1821.0,1813.0,20.087914,-242.0991,-20.087914,242.23662,-20.087914,242.23662,20.087914,-242.0991,2295.0
1816.0,1827.0,2.0657399,-20.132881,-2.0657399,20.180058,-2.0657399,20.180058,2.0657399,-20.132881,548.0
1824.0,1825.0,7.2599015,-50.582695,-7.2599015,50.58428,-7.2599015,50.58428,7.2599015,-50.582695,221.0
1824.0,1825.0,7.2599015,-50.582695,-7.2599015,50.58428,-7.2599015,50.58428,7.2599015,-50.582695,221.0
1839.0,1842.0,4.832653,-11.809674,-4.832653,11.814419,-4.832653,11.814419,4.832653,-11.809674,98.0
1839.0,1876.0,3.6531343,-15.972561,-3.6531343,15.977091,-3.6531343,15.977091,3.6531343,-15.972561,149.0
1839.0,1980.0,0.77763486,-4.6548057,-0.77763486,4.668946,-0.77763486,4.668946,0.77763486,-4.6548057,221.0
1842.0,1840.0,3.7514775,-15.556814,-3.7514775,15.561969,-3.7514775,15.561969,3.7514775,-15.556814,149.0
1849.0,1840.0,5.09666,-21.154928,-5.09666,21.158718,-5.09666,21.158718,5.09666,-21.154928,149.0
1867.0,1841.0,7.6140733,-18.29182,-7.6140733,18.294981,-7.6140733,18.294981,7.6140733,-18.29182,98.0
1841.0,1939.0,5.0681925,-28.915483,-5.0681925,28.918003,-5.0681925,28.918003,5.0681925,-28.915483,98.0
1936.0,1843.0,2.632611,-18.759405,-2.632611,18.80694,-2.632611,18.80694,2.632611,-18.759405,443.0
1844.0,1862.0,5.539814,-37.826397,-5.539814,37.828598,-5.539814,37.828598,5.539814,-37.826397,221.0
1844.0,1862.0,5.539814,-37.826397,-5.539814,37.828598,-5.539814,37.828598,5.539814,-37.826397,221.0
1976.0,1844.0,2.276496,-9.950052,-2.276496,9.957322,-2.276496,9.957322,2.276496,-9.950052,149.0
1845.0,1846.0,3.5117252,-21.090084,-3.5117252,21.093214,-3.5117252,21.093214,3.5117252,-21.090084,98.0
1845.0,1973.0,7.184699,-32.021973,-7.184699,32.02415,-7.184699,32.02415,7.184699,-32.021973,250.0
1846.0,1856.0,4.2968245,-25.778387,-4.2968245,25.780949,-4.2968245,25.780949,4.2968245,-25.778387,98.0
1847.0,1892.0,1.722979,-10.336987,-1.722979,10.343371,-1.722979,10.343371,1.722979,-10.336987,98.0
1920.0,1847.0,5.7062902,-13.939393,-5.7062902,13.943413,-5.7062902,13.943413,5.7062902,-13.939393,98.0
1848.0,1943.0,2.5075681,-14.311498,-2.5075681,14.316588,-2.5075681,14.316588,2.5075681,-14.311498,98.0
1925.0,1849.0,2.0366259,-11.627611,-2.0366259,11.633876,-2.0366259,11.633876,2.0366259,-11.627611,98.0
1849.0,1942.0,3.6755245,-22.055153,-3.6755245,22.058147,-3.6755245,22.058147,3.6755245,-22.055153,98.0
1884.0,1850.0,3.863162,-24.947447,-3.863162,24.951181,-3.863162,24.951181,3.863162,-24.947447,221.0
1884.0,1850.0,3.863162,-24.947447,-3.863162,24.951181,-3.863162,24.951181,3.863162,-24.947447,221.0
1911.0,1850.0,2.7949564,-19.47155,-2.7949564,19.475658,-2.7949564,19.475658,2.7949564,-19.47155,221.0
1851.0,1871.0,5.763382,-25.219458,-5.763382,25.222326,-5.763382,25.222326,5.763382,-25.219458,149.0
1943.0,1851.0,3.6497202,-15.959304,-3.6497202,15.963839,-3.6497202,15.963839,3.6497202,-15.959304,149.0
1865.0,1852.0,1.5054567,-9.031312,-1.5054567,9.038617,-1.5054567,9.038617,1.5054567,-9.031312,98.0
1852.0,1878.0,1.2470686,-7.4793596,-1.2470686,7.488175,-1.2470686,7.488175,1.2470686,-7.4793596,98.0
1852.0,1975.0,3.6678612,-16.040352,-3.6678612,16.04486,-3.6678612,16.04486,3.6678612,-16.040352,149.0
1853.0,1876.0,2.6146557,-11.432622,-2.6146557,11.438947,-2.6146557,11.438947,2.6146557,-11.432622,149.0
1957.0,1853.0,1.8221232,-10.935316,-1.8221232,10.941351,-1.8221232,10.941351,1.8221232,-10.935316,98.0
1950.0,1854.0,6.703794,-16.381538,-6.703794,16.384962,-6.703794,16.384962,6.703794,-16.381538,98.0
1854.0,1989.0,3.1321492,-17.89109,-3.1321492,17.895166,-3.1321492,17.895166,3.1321492,-17.89109,98.0
1855.0,1961.0,4.231294,-10.33802,-4.231294,10.343441,-4.231294,10.343441,4.231294,-10.33802,98.0
1855.0,1991.0,13.234488,-57.91287,-13.234488,57.914116,-13.234488,57.914116,13.234488,-57.91287,221.0
1856.0,1879.0,1.8520572,-11.111485,-1.8520572,11.117425,-1.8520572,11.117425,1.8520572,-11.111485,98.0
1966.0,1857.0,1.2333529,-11.982635,-1.2333529,12.061574,-1.2333529,12.061574,1.2333529,-11.982635,647.0
1857.0,1972.0,11.236308,-109.333855,-11.236308,109.34257,-11.236308,109.34257,11.236308,-109.333855,548.0
1858.0,1891.0,8.561524,-35.468815,-8.561524,35.471073,-8.561524,35.471073,8.561524,-35.468815,149.0
1858.0,1939.0,3.5879362,-22.68552,-3.5879362,22.68842,-3.5879362,22.68842,3.5879362,-22.68552,150.0
1858.0,1974.0,9.483999,-66.20784,-9.483999,66.209045,-9.483999,66.209045,9.483999,-66.20784,221.0
1858.0,1974.0,9.483999,-66.20784,-9.483999,66.209045,-9.483999,66.209045,9.483999,-66.20784,221.0
1859.0,1868.0,2.6145082,-11.647327,-2.6145082,11.653317,-2.6145082,11.653317,2.6145082,-11.647327,149.0
1859.0,1879.0,2.438672,-10.106119,-2.438672,10.114049,-2.438672,10.114049,2.438672,-10.106119,149.0
1859.0,1992.0,1.9825128,-11.899729,-1.9825128,11.905273,-1.9825128,11.905273,1.9825128,-11.899729,98.0
1859.0,1993.0,2.954906,-7.215068,-2.954906,7.2228327,-2.954906,7.2228327,2.954906,-7.215068,98.0
1861.0,1860.0,2.3628469,-5.765792,-2.3628469,5.7755017,-2.3628469,5.7755017,2.3628469,-5.765792,98.0
1860.0,1880.0,4.480377,-19.59038,-4.480377,19.594074,-4.480377,19.594074,4.480377,-19.59038,149.0
1860.0,1958.0,3.4906683,-14.476411,-3.4906683,14.481946,-3.4906683,14.481946,3.4906683,-14.476411,149.0
1861.0,1989.0,2.7261684,-6.65538,-2.7261684,6.6637945,-2.7261684,6.6637945,2.7261684,-6.65538,98.0
1862.0,1950.0,4.265897,-27.56926,-4.265897,27.57264,-4.265897,27.57264,4.265897,-27.56926,221.0
1862.0,1950.0,4.265897,-27.56926,-4.265897,27.57264,-4.265897,27.57264,4.265897,-27.56926,221.0
1864.0,1894.0,3.4042325,-8.315076,-3.4042325,8.321816,-3.4042325,8.321816,3.4042325,-8.315076,98.0
1864.0,1960.0,4.246906,-10.377183,-4.246906,10.382584,-4.246906,10.382584,4.246906,-10.377183,98.0
1864.0,1990.0,0.9410874,-5.6387773,-0.9410874,5.650462,-0.9410874,5.650462,0.9410874,-5.6387773,98.0
1865.0,1993.0,6.9841495,-17.067568,-6.9841495,17.070852,-6.9841495,17.070852,6.9841495,-17.067568,98.0
1939.0,1866.0,6.780896,-29.668613,-6.780896,29.671053,-6.780896,29.671053,6.780896,-29.668613,149.0
1866.0,1973.0,4.8151956,-32.91791,-4.8151956,32.92044,-4.8151956,32.92044,4.8151956,-32.91791,221.0
1985.0,1867.0,5.0532084,-12.345373,-5.0532084,12.349913,-5.0532084,12.349913,5.0532084,-12.345373,98.0
1912.0,1868.0,2.4815452,-10.846686,-2.4815452,10.853352,-2.4815452,10.853352,2.4815452,-10.846686,149.0
1997.0,1869.0,9.713371,-117.97066,-9.713371,118.24973,-9.713371,118.24973,9.713371,-117.97066,2020.0
1982.0,1871.0,2.8199024,-12.561256,-2.8199024,12.566812,-2.8199024,12.566812,2.8199024,-12.561256,250.0
1877.0,1905.0,3.9084377,-17.410357,-3.9084377,17.414368,-3.9084377,17.414368,3.9084377,-17.410357,149.0
1877.0,1963.0,2.3625576,-14.176892,-2.3625576,14.181547,-2.3625576,14.181547,2.3625576,-14.176892,98.0
1878.0,1920.0,2.2151117,-12.649427,-2.2151117,12.655188,-2.2151117,12.655188,2.2151117,-12.649427,98.0
1879.0,1911.0,2.2374642,-9.965488,-2.2374642,9.972489,-2.2374642,9.972489,2.2374642,-9.965488,149.0
1948.0,1879.0,1.8822939,-11.036791,-1.8822939,11.04279,-1.8822939,11.04279,1.8822939,-11.036791,98.0
1880.0,1902.0,6.945077,-16.678434,-6.945077,16.681898,-6.945077,16.681898,6.945077,-16.678434,98.0
1950.0,1881.0,5.8497434,-14.291206,-5.8497434,14.295132,-5.8497434,14.295132,5.8497434,-14.291206,98.0
1957.0,1881.0,0.9866695,-5.913562,-0.9866695,5.924707,-0.9866695,5.924707,0.9866695,-5.913562,98.0
1882.0,1906.0,5.949185,-121.524025,-5.949185,121.80956,-5.949185,121.80956,5.949185,-121.524025,2768.0
1986.0,1883.0,4.213078,-41.23069,-4.213078,41.25377,-4.213078,41.25377,4.213078,-41.23069,647.0
1884.0,1930.0,2.1849208,-9.55242,-2.1849208,9.55999,-2.1849208,9.55999,2.1849208,-9.55242,149.0
1884.0,1983.0,1.8826004,-11.296327,-1.8826004,11.302166,-1.8826004,11.302166,1.8826004,-11.296327,98.0
1920.0,1891.0,7.582573,-18.53037,-7.582573,18.533396,-7.582573,18.533396,7.582573,-18.53037,98.0
1892.0,1904.0,2.166825,-9.475305,-2.166825,9.482935,-2.166825,9.482935,2.166825,-9.475305,149.0
1892.0,1992.0,1.6361897,-9.336841,-1.6361897,9.344641,-1.6361897,9.344641,1.6361897,-9.336841,98.0
1893.0,1931.0,2.806623,-16.84457,-2.806623,16.84849,-2.806623,16.84849,2.806623,-16.84457,98.0
1971.0,1893.0,2.4578893,-14.027709,-2.4578893,14.032904,-2.4578893,14.032904,2.4578893,-14.027709,98.0
1894.0,1937.0,1.7727638,-12.564008,-1.7727638,12.570508,-1.7727638,12.570508,1.7727638,-12.564008,220.0
1960.0,1894.0,5.105491,-12.478222,-5.105491,12.482717,-5.105491,12.482717,5.105491,-12.478222,98.0
1895.0,1928.0,4.1895013,-23.924316,-4.1895013,23.927362,-4.1895013,23.927362,4.1895013,-23.924316,98.0
1895.0,1977.0,3.4754798,-20.85866,-3.4754798,20.861826,-3.4754798,20.861826,3.4754798,-20.85866,98.0
1896.0,1951.0,5.165985,-62.301296,-5.165985,62.826324,-5.165985,62.826324,5.165985,-62.301296,2020.0
1897.0,1907.0,2.2811823,-22.25661,-2.2811823,22.29931,-2.2811823,22.29931,2.2811823,-22.25661,548.0
1897.0,1986.0,3.217979,-31.467869,-3.217979,31.4981,-3.217979,31.4981,3.217979,-31.467869,548.0
1903.0,1898.0,11.355549,-50.614227,-11.355549,50.61561,-11.355549,50.61561,11.355549,-50.614227,149.0
1901.0,1937.0,11.188886,-48.87761,-11.188886,48.879086,-11.188886,48.879086,11.188886,-48.87761,149.0
1958.0,1901.0,3.162168,-14.087134,-3.162168,14.092089,-3.162168,14.092089,3.162168,-14.087134,149.0
1940.0,1902.0,1.5290504,-9.176647,-1.5290504,9.183837,-1.5290504,9.183837,1.5290504,-9.176647,98.0
1902.0,1964.0,4.0635867,-9.925903,-4.0635867,9.931548,-4.0635867,9.931548,4.0635867,-9.925903,98.0
1983.0,1903.0,3.2628412,-13.530116,-3.2628412,13.536041,-3.2628412,13.536041,3.2628412,-13.530116,149.0
1904.0,1988.0,10.368128,-66.93268,-10.368128,66.93407,-10.368128,66.93407,10.368128,-66.93268,221.0
1904.0,1988.0,10.368128,-66.93268,-10.368128,66.93407,-10.368128,66.93407,10.368128,-66.93268,221.0
1905.0,1932.0,1.1167327,-4.962498,-1.1167327,4.9765234,-1.1167327,4.9765234,1.1167327,-4.962498,149.0
1981.0,1905.0,4.5085325,-20.08153,-4.5085325,20.085005,-4.5085325,20.085005,4.5085325,-20.08153,149.0
1907.0,1922.0,3.148055,-30.741543,-3.148055,30.772478,-3.148055,30.772478,3.148055,-30.741543,548.0
1942.0,1908.0,4.569389,-20.371342,-4.569389,20.374765,-4.569389,20.374765,4.569389,-20.371342,149.0
1912.0,1947.0,1.6979227,-9.692268,-1.6979227,9.699783,-1.6979227,9.699783,1.6979227,-9.692268,98.0
1975.0,1912.0,1.8822939,-11.036791,-1.8822939,11.04279,-1.8822939,11.04279,1.8822939,-11.036791,98.0
1914.0,1936.0,4.313359,-30.80425,-4.313359,30.833246,-4.313359,30.833246,4.313359,-30.80425,740.0
1958.0,1915.0,3.4115152,-23.779104,-3.4115152,23.782475,-3.4115152,23.782475,3.4115152,-23.779104,221.0
1958.0,1915.0,3.4115152,-23.779104,-3.4115152,23.782475,-3.4115152,23.782475,3.4115152,-23.779104,221.0
1994.0,1921.0,14.056666,-295.95096,-14.056666,296.0685,-14.056666,296.0685,14.056666,-295.95096,2768.0
1924.0,1923.0,1.4723608,-39.9778,-1.4723608,39.9778,-1.4723608,39.9778,1.4723608,-39.9778,231.0
1928.0,1974.0,3.87827,-27.00349,-3.87827,27.006456,-3.87827,27.006456,3.87827,-27.00349,221.0
1928.0,1974.0,3.87827,-27.00349,-3.87827,27.006456,-3.87827,27.006456,3.87827,-27.00349,221.0
1929.0,1931.0,1.8958141,-10.820792,-1.8958141,10.827527,-1.8958141,10.827527,1.8958141,-10.820792,98.0
1990.0,1929.0,2.0150306,-12.0952635,-2.0150306,12.1007185,-2.0150306,12.1007185,2.0150306,-12.0952635,98.0
1930.0,1948.0,1.8171213,-4.429739,-1.8171213,4.442364,-1.8171213,4.442364,1.8171213,-4.429739,98.0
1945.0,1932.0,2.8089888,-12.166285,-2.8089888,12.172285,-2.8089888,12.172285,2.8089888,-12.166285,150.0
1932.0,1967.0,2.7654808,-12.094346,-2.7654808,12.100327,-2.7654808,12.100327,2.7654808,-12.094346,149.0
1933.0,1978.0,14.813161,-145.76355,-14.813161,145.7701,-14.813161,145.7701,14.813161,-145.76355,548.0
1933.0,1998.0,4.3344083,-42.342285,-4.3344083,42.364758,-4.3344083,42.364758,4.3344083,-42.342285,548.0
1934.0,1979.0,13.464404,-32.88883,-13.464404,32.890533,-13.464404,32.890533,13.464404,-32.88883,250.0
1935.0,1949.0,3.296759,-7.91228,-3.296759,7.91958,-3.296759,7.91958,3.296759,-7.91228,98.0
1935.0,1992.0,2.1082802,-12.654348,-2.1082802,12.659563,-2.1082802,12.659563,2.1082802,-12.654348,98.0
1936.0,1952.0,9.904872,-70.75104,-9.904872,70.76368,-9.904872,70.76368,9.904872,-70.75104,800.0
1977.0,1939.0,9.333155,-22.421768,-9.333155,22.424349,-9.333155,22.424349,9.333155,-22.421768,98.0
1940.0,1976.0,1.8324397,-10.999842,-1.8324397,11.005842,-1.8324397,11.005842,1.8324397,-10.999842,98.0
1941.0,1996.0,6.4521484,-28.771376,-6.4521484,28.7738,-6.4521484,28.7738,6.4521484,-28.771376,149.0
1944.0,1966.0,3.757867,-36.68134,-3.757867,36.70728,-3.757867,36.70728,3.757867,-36.68134,548.0
1981.0,1945.0,2.5123956,-11.19349,-2.5123956,11.199725,-2.5123956,11.199725,2.5123956,-11.19349,149.0
1967.0,1946.0,4.05778,-17.753275,-4.05778,17.757349,-4.05778,17.757349,4.05778,-17.753275,221.0
1984.0,1946.0,2.6874142,-11.746377,-2.6874142,11.752532,-2.6874142,11.752532,2.6874142,-11.746377,250.0
1992.0,1947.0,4.213938,-17.490551,-4.213938,17.504051,-4.213938,17.504051,4.213938,-17.490551,186.0
1948.0,1962.0,4.7465734,-27.098957,-4.7465734,27.101648,-4.7465734,27.101648,4.7465734,-27.098957,98.0
1963.0,1949.0,2.9452474,-17.674173,-2.9452474,17.677908,-2.9452474,17.677908,2.9452474,-17.674173,98.0
1950.0,1964.0,1.8311657,-10.988442,-1.8311657,10.994448,-1.8311657,10.994448,1.8311657,-10.988442,221.0
1952.0,1972.0,3.0536215,-31.70451,-3.0536215,31.757664,-3.0536215,31.757664,3.0536215,-31.70451,750.0
1952.0,1972.0,3.0536215,-31.70451,-3.0536215,31.757664,-3.0536215,31.757664,3.0536215,-31.70451,750.0
1960.0,1953.0,1.8271365,-12.47611,-1.8271365,12.48278,-1.8271365,12.48278,1.8271365,-12.47611,221.0
1957.0,1990.0,1.40213,-8.412956,-1.40213,8.420796,-1.40213,8.420796,1.40213,-8.412956,98.0
1959.0,1961.0,4.238215,-10.35578,-4.238215,10.361195,-4.238215,10.361195,4.238215,-10.35578,98.0
1959.0,1979.0,2.2196562,-13.322109,-2.2196562,13.3270645,-2.2196562,13.3270645,2.2196562,-13.322109,170.0
1959.0,1980.0,3.3094873,-13.720558,-3.3094873,13.726398,-3.3094873,13.726398,3.3094873,-13.720558,221.0
1982.0,1959.0,2.996056,-13.09477,-2.996056,13.100295,-2.996056,13.100295,2.996056,-13.09477,221.0
1988.0,1962.0,6.258089,-35.79054,-6.258089,35.792572,-6.258089,35.792572,6.258089,-35.79054,98.0
1971.0,1983.0,2.2024202,-9.1267605,-2.2024202,9.13554,-2.2024202,9.13554,2.2024202,-9.1267605,149.0
1972.0,1986.0,1.4741386,-14.34986,-1.4741386,14.4159,-1.4741386,14.4159,1.4741386,-14.34986,548.0
1993.0,1974.0,5.349957,-23.853699,-5.349957,23.856625,-5.349957,23.856625,5.349957,-23.853699,149.0
1975.0,1984.0,4.6999965,-20.55285,-4.6999965,20.556372,-4.6999965,20.556372,4.6999965,-20.55285,149.0
1977.0,1985.0,1.4136978,-8.067136,-1.4136978,8.07616,-1.4136978,8.07616,1.4136978,-8.067136,98.0
1991.0,1999.0,3.7466629,-26.119114,-3.7466629,26.122179,-3.7466629,26.122179,3.7466629,-26.119114,221.0
1991.0,1999.0,3.7466629,-26.119114,-3.7466629,26.122179,-3.7466629,26.122179,3.7466629,-26.119114,221.0
1997.0,1994.0,19.801981,-197.8548,-19.801981,198.0198,-19.801981,198.0198,19.801981,-197.8548,2300.0
1995.0,1998.0,3.0978754,-22.078709,-3.0978754,22.11913,-3.0978754,22.11913,3.0978754,-22.078709,600.0
3.0,2.0,0.33495796,-8.621073,-0.33495796,8.621073,-0.33495796,8.621073,0.33495796,-8.621073,250.0
4.0,5.0,0.27785695,-6.78811,-0.27785695,6.78811,-0.27785695,6.78811,0.27785695,-6.78811,42.0
7.0,8.0,0.50607926,-10.534234,-0.50607926,10.534234,-0.50607926,10.534234,0.50607926,-10.534234,120.0
9.0,10.0,0.068394944,-3.0791955,-0.068394944,3.0791955,-0.068394944,3.0791955,0.068394944,-3.0791955,46.0
19.0,20.0,0.5348882,-12.77843,-0.5348882,12.77843,-0.5348882,12.77843,0.5348882,-12.77843,250.0
21.0,22.0,0.38782305,-8.505285,-0.38782305,8.505285,-0.38782305,8.505285,0.38782305,-8.505285,250.0
24.0,25.0,0.12889978,-5.5383945,-0.12889978,5.5383945,-0.12889978,5.5383945,0.12889978,-5.5383945,200.0
32.0,31.0,0.6185704,-14.771374,-0.6185704,14.771374,-0.6185704,14.771374,0.6185704,-14.771374,170.0
33.0,34.0,0.6051909,-11.739045,-0.6051909,11.739045,-0.6051909,11.739045,0.6051909,-11.739045,130.0
37.0,38.0,0.27218923,-11.63372,-0.27218923,11.63372,-0.27218923,11.63372,0.27218923,-11.63372,200.0
40.0,41.0,0.33818498,-8.977641,-0.33818498,8.977641,-0.33818498,8.977641,0.33818498,-8.977641,145.0
40.0,42.0,0.18175392,-7.7814913,-0.18175392,7.7814913,-0.18175392,7.7814913,0.18175392,-7.7814913,95.0
46.0,47.0,0.7726727,-15.167451,-0.7726727,15.167451,-0.7726727,15.167451,0.7726727,-15.167451,390.0
46.0,48.0,0.19868226,-8.482149,-0.19868226,8.482149,-0.19868226,8.482149,0.19868226,-8.482149,390.0
46.0,49.0,0.31641266,-10.049388,-0.31641266,10.049388,-0.31641266,10.049388,0.31641266,-10.049388,124.0
46.0,50.0,0.33955342,-7.7794113,-0.33955342,7.7794113,-0.33955342,7.7794113,0.33955342,-7.7794113,117.0
46.0,51.0,0.5383027,-12.082555,-0.5383027,12.082555,-0.5383027,12.082555,0.5383027,-12.082555,110.0
52.0,46.0,0.29626286,-11.345579,-0.29626286,11.345579,-0.29626286,11.345579,0.29626286,-11.345579,250.0
55.0,56.0,0.18289112,-7.6175604,-0.18289112,7.6175604,-0.18289112,7.6175604,0.18289112,-7.6175604,160.0
57.0,58.0,0.124048725,-2.1579807,-0.124048725,2.1579807,-0.124048725,2.1579807,0.124048725,-2.1579807,33.0
57.0,59.0,0.059188344,-2.5723758,-0.059188344,2.5723758,-0.059188344,2.5723758,0.059188344,-2.5723758,27.0
60.0,61.0,0.16089703,-3.1376896,-0.16089703,3.1376896,-0.16089703,3.1376896,0.16089703,-3.1376896,29.0
60.0,62.0,0.52176905,-9.578649,-0.52176905,9.578649,-0.52176905,9.578649,0.52176905,-9.578649,260.0
64.0,65.0,0.3343925,-8.106385,-0.3343925,8.106385,-0.3343925,8.106385,0.3343925,-8.106385,200.0
68.0,69.0,0.6050333,-14.260043,-0.6050333,14.260043,-0.6050333,14.260043,0.6050333,-14.260043,220.0
70.0,71.0,0.7207139,-11.649952,-0.7207139,11.649952,-0.7207139,11.649952,0.7207139,-11.649952,240.0
70.0,72.0,0.24529862,-7.006987,-0.24529862,7.006987,-0.24529862,7.006987,0.24529862,-7.006987,240.0
70.0,73.0,0.36999422,-8.013109,-0.36999422,8.013109,-0.36999422,8.013109,0.36999422,-8.013109,240.0
70.0,74.0,0.37494892,-10.019077,-0.37494892,10.019077,-0.37494892,10.019077,0.37494892,-10.019077,240.0
70.0,75.0,0.57801455,-20.238708,-0.57801455,20.238708,-0.57801455,20.238708,0.57801455,-20.238708,230.0
70.0,76.0,0.44042546,-8.277388,-0.44042546,8.277388,-0.44042546,8.277388,0.44042546,-8.277388,230.0
70.0,77.0,0.14618854,-5.235086,-0.14618854,5.235086,-0.14618854,5.235086,0.14618854,-5.235086,137.0
78.0,70.0,0.061436184,-21.738956,-0.061436184,21.738956,-0.061436184,21.738956,0.061436184,-21.738956,2000.0
70.0,79.0,0.2942772,-4.930973,-0.2942772,4.930973,-0.2942772,4.930973,0.2942772,-4.930973,136.0
80.0,70.0,0.3773978,-15.028116,-0.3773978,15.028116,-0.3773978,15.028116,0.3773978,-15.028116,350.0
92.0,93.0,0.7604378,-50.34098,-0.7604378,50.34098,-0.7604378,50.34098,0.7604378,-50.34098,981.0
92.0,94.0,1.0234271,-68.197464,-1.0234271,68.197464,-1.0234271,68.197464,1.0234271,-68.197464,635.0
92.0,95.0,1.1228749,-58.321438,-1.1228749,58.321438,-1.1228749,58.321438,1.1228749,-58.321438,645.0
92.0,96.0,0.5015089,-37.32062,-0.5015089,37.32062,-0.5015089,37.32062,0.5015089,-37.32062,636.0
101.0,102.0,0.34987134,-28.196447,-0.34987134,28.196447,-0.34987134,28.196447,0.34987134,-28.196447,461.0
101.0,103.0,0.51224273,-34.510864,-0.51224273,34.510864,-0.51224273,34.510864,0.51224273,-34.510864,412.0
107.0,108.0,0.18857303,-19.81981,-0.18857303,19.81981,-0.18857303,19.81981,0.18857303,-19.81981,271.0
107.0,109.0,1.4311024,-84.578156,-1.4311024,84.578156,-1.4311024,84.578156,1.4311024,-84.578156,454.0
111.0,112.0,0.9535295,-52.94893,-0.9535295,52.94893,-0.9535295,52.94893,0.9535295,-52.94893,867.0
111.0,113.0,0.46536672,-29.352575,-0.46536672,29.352575,-0.46536672,29.352575,0.46536672,-29.352575,319.0
111.0,114.0,0.61204493,-41.228027,-0.61204493,41.228027,-0.61204493,41.228027,0.61204493,-41.228027,391.0
131.0,132.0,0.3506131,-12.735696,-0.3506131,12.735696,-0.3506131,12.735696,0.3506131,-12.735696,95.0
144.0,145.0,2.9047601,-134.70825,-2.9047601,134.70825,-2.9047601,134.70825,2.9047601,-134.70825,1095.0
144.0,145.0,2.9047601,-134.70825,-2.9047601,134.70825,-2.9047601,134.70825,2.9047601,-134.70825,1095.0
144.0,146.0,0.17256433,-15.813395,-0.17256433,15.813395,-0.17256433,15.813395,0.17256433,-15.813395,227.0
144.0,147.0,1.4321182,-75.67313,-1.4321182,75.67313,-1.4321182,75.67313,1.4321182,-75.67313,1001.0
148.0,149.0,0.5264933,-9.887682,-0.5264933,9.887682,-0.5264933,9.887682,0.5264933,-9.887682,99.0
151.0,152.0,0.9489799,-24.335403,-0.9489799,24.335403,-0.9489799,24.335403,0.9489799,-24.335403,223.0
160.0,161.0,0.39573094,-17.510328,-0.39573094,17.510328,-0.39573094,17.510328,0.39573094,-17.510328,249.0
163.0,164.0,1.1247349,-22.329737,-1.1247349,22.329737,-1.1247349,22.329737,1.1247349,-22.329737,144.0
163.0,166.0,0.63416374,-13.50385,-0.63416374,13.50385,-0.63416374,13.50385,0.63416374,-13.50385,64.0
167.0,168.0,0.39211595,-13.996579,-0.39211595,13.996579,-0.39211595,13.996579,0.39211595,-13.996579,189.0
172.0,173.0,0.19569731,-6.9831243,-0.19569731,6.9831243,-0.19569731,6.9831243,0.19569731,-6.9831243,91.0
172.0,174.0,0.12739877,-5.545847,-0.12739877,5.545847,-0.12739877,5.545847,0.12739877,-5.545847,82.0
172.0,175.0,0.2976362,-13.809556,-0.2976362,13.809556,-0.2976362,13.809556,0.2976362,-13.809556,98.0
178.0,179.0,0.16842517,-8.062299,-0.16842517,8.062299,-0.16842517,8.062299,0.16842517,-8.062299,84.0
183.0,184.0,0.1590532,-9.6713705,-0.1590532,9.6713705,-0.1590532,9.6713705,0.1590532,-9.6713705,88.0
183.0,185.0,0.57214385,-19.587286,-0.57214385,19.587286,-0.57214385,19.587286,0.57214385,-19.587286,164.0
186.0,187.0,2.2574,-137.13705,-2.2574,137.13705,-2.2574,137.13705,2.2574,-137.13705,836.0
186.0,189.0,0.24813016,-28.758286,-0.24813016,28.758286,-0.24813016,28.758286,0.24813016,-28.758286,237.0
186.0,190.0,0.4180404,-23.605347,-0.4180404,23.605347,-0.4180404,23.605347,0.4180404,-23.605347,386.0
187.0,188.0,0.10338791,-7.5156794,-0.10338791,7.5156794,-0.10338791,7.5156794,0.10338791,-7.5156794,146.0
191.0,192.0,1.5490482,-109.14832,-1.5490482,109.14832,-1.5490482,109.14832,1.5490482,-109.14832,1072.0
191.0,193.0,1.2118391,-79.85381,-1.2118391,79.85381,-1.2118391,79.85381,1.2118391,-79.85381,542.0
191.0,194.0,0.81781834,-60.964638,-0.81781834,60.964638,-0.81781834,60.964638,0.81781834,-60.964638,542.0
191.0,195.0,0.8208013,-38.622433,-0.8208013,38.622433,-0.8208013,38.622433,0.8208013,-38.622433,544.0
203.0,204.0,1.3957573,-103.60814,-1.3957573,103.60814,-1.3957573,103.60814,1.3957573,-103.60814,924.0
203.0,205.0,0.5211655,-26.010895,-0.5211655,26.010895,-0.5211655,26.010895,0.5211655,-26.010895,410.0
203.0,206.0,0.6728573,-49.916042,-0.6728573,49.916042,-0.6728573,49.916042,0.6728573,-49.916042,402.0
203.0,207.0,0.21712403,-22.469812,-0.21712403,22.469812,-0.21712403,22.469812,0.21712403,-22.469812,404.0
203.0,208.0,0.26349074,-20.288786,-0.26349074,20.288786,-0.26349074,20.288786,0.26349074,-20.288786,391.0
203.0,209.0,0.5719092,-41.00925,-0.5719092,41.00925,-0.5719092,41.00925,0.5719092,-41.00925,389.0
203.0,210.0,0.3120181,-21.110252,-0.3120181,21.110252,-0.3120181,21.110252,0.3120181,-21.110252,392.0
217.0,218.0,0.16937444,-16.018715,-0.16937444,16.018715,-0.16937444,16.018715,0.16937444,-16.018715,308.0
220.0,221.0,0.30013683,-12.981761,-0.30013683,12.981761,-0.30013683,12.981761,0.30013683,-12.981761,214.0
224.0,225.0,0.21417744,-14.418509,-0.21417744,14.418509,-0.21417744,14.418509,0.21417744,-14.418509,171.0
224.0,225.0,0.21417744,-14.418509,-0.21417744,14.418509,-0.21417744,14.418509,0.21417744,-14.418509,171.0
226.0,227.0,0.3170385,-9.886904,-0.3170385,9.886904,-0.3170385,9.886904,0.3170385,-9.886904,51.0
239.0,240.0,0.35666806,-13.732663,-0.35666806,13.732663,-0.35666806,13.732663,0.35666806,-13.732663,200.0
241.0,242.0,0.34234595,-25.656197,-0.34234595,25.656197,-0.34234595,25.656197,0.34234595,-25.656197,142.2
241.0,242.0,0.34892714,-25.65602,-0.34892714,25.65602,-0.34892714,25.65602,0.34892714,-25.65602,142.2
241.0,243.0,0.2893032,-14.745762,-0.2893032,14.745762,-0.2893032,14.745762,0.2893032,-14.745762,200.0
249.0,250.0,0.20191085,-8.844165,-0.20191085,8.844165,-0.20191085,8.844165,0.20191085,-8.844165,250.0
249.0,251.0,0.46055147,-30.972086,-0.46055147,30.972086,-0.46055147,30.972086,0.46055147,-30.972086,270.0
256.0,257.0,0.20018496,-5.806714,-0.20018496,5.806714,-0.20018496,5.806714,0.20018496,-5.806714,125.0
260.0,261.0,0.15631357,-6.165068,-0.15631357,6.165068,-0.15631357,6.165068,0.15631357,-6.165068,82.0
260.0,262.0,0.5378134,-32.46917,-0.5378134,32.46917,-0.5378134,32.46917,0.5378134,-32.46917,280.0
264.0,265.0,0.093599014,-5.3906636,-0.093599014,5.3906636,-0.093599014,5.3906636,0.093599014,-5.3906636,240.0
264.0,266.0,0.09235789,-6.71149,-0.09235789,6.71149,-0.09235789,6.71149,0.09235789,-6.71149,57.0
264.0,267.0,0.13999887,-9.53356,-0.13999887,9.53356,-0.13999887,9.53356,0.13999887,-9.53356,112.0
264.0,268.0,0.27617761,-16.95903,-0.27617761,16.95903,-0.27617761,16.95903,0.27617761,-16.95903,550.0
269.0,270.0,0.16890676,-7.0670986,-0.16890676,7.0670986,-0.16890676,7.0670986,0.16890676,-7.0670986,290.0
271.0,269.0,1.0543872,-62.48221,-1.0543872,62.48221,-1.0543872,62.48221,1.0543872,-62.48221,1500.0
271.0,269.0,1.0543872,-62.48221,-1.0543872,62.48221,-1.0543872,62.48221,1.0543872,-62.48221,1500.0
273.0,274.0,0.17991103,-11.061468,-0.17991103,11.061468,-0.17991103,11.061468,0.17991103,-11.061468,122.0
273.0,274.0,0.17991103,-11.061468,-0.17991103,11.061468,-0.17991103,11.061468,0.17991103,-11.061468,122.0
276.0,277.0,0.15225449,-6.0046716,-0.15225449,6.0046716,-0.15225449,6.0046716,0.15225449,-6.0046716,103.0
276.0,278.0,0.749594,-33.95084,-0.749594,33.95084,-0.749594,33.95084,0.749594,-33.95084,330.0
276.0,279.0,0.3201459,-17.979912,-0.3201459,17.979912,-0.3201459,17.979912,0.3201459,-17.979912,200.0
276.0,280.0,0.5210421,-18.50728,-0.5210421,18.50728,-0.5210421,18.50728,0.5210421,-18.50728,220.0
281.0,282.0,0.097651064,-7.40612,-0.097651064,7.40612,-0.097651064,7.40612,0.097651064,-7.40612,250.0
281.0,283.0,0.15768985,-8.769094,-0.15768985,8.769094,-0.15768985,8.769094,0.15768985,-8.769094,200.0
281.0,284.0,0.19916405,-12.281782,-0.19916405,12.281782,-0.19916405,12.281782,0.19916405,-12.281782,155.0
281.0,285.0,0.6792678,-24.29416,-0.6792678,24.29416,-0.6792678,24.29416,0.6792678,-24.29416,190.0
281.0,286.0,0.46426365,-17.081398,-0.46426365,17.081398,-0.46426365,17.081398,0.46426365,-17.081398,190.0
287.0,288.0,0.26912203,-5.6006303,-0.26912203,5.6006303,-0.26912203,5.6006303,0.26912203,-5.6006303,110.0
290.0,291.0,0.50247663,-20.717499,-0.50247663,20.717499,-0.50247663,20.717499,0.50247663,-20.717499,200.0
293.0,294.0,0.83524966,-15.721034,-0.83524966,15.721034,-0.83524966,15.721034,0.83524966,-15.721034,200.0
296.0,297.0,0.42750067,-16.990263,-0.42750067,16.990263,-0.42750067,16.990263,0.42750067,-16.990263,115.0
301.0,302.0,0.44586837,-16.900126,-0.44586837,16.900126,-0.44586837,16.900126,0.44586837,-16.900126,166.0
301.0,304.0,0.54835933,-16.467068,-0.54835933,16.467068,-0.54835933,16.467068,0.54835933,-16.467068,300.0
302.0,303.0,0.35611182,-8.09793,-0.35611182,8.09793,-0.35611182,8.09793,0.35611182,-8.09793,90.0
305.0,306.0,0.4196188,-15.613723,-0.4196188,15.613723,-0.4196188,15.613723,0.4196188,-15.613723,143.8
305.0,307.0,0.17101839,-9.999075,-0.17101839,9.999075,-0.17101839,9.999075,0.17101839,-9.999075,300.0
308.0,309.0,0.15079668,-4.629008,-0.15079668,4.629008,-0.15079668,4.629008,0.15079668,-4.629008,77.0
308.0,310.0,0.21798801,-5.117079,-0.21798801,5.117079,-0.21798801,5.117079,0.21798801,-5.117079,83.0
311.0,312.0,1.1983901,-48.942253,-1.1983901,48.942253,-1.1983901,48.942253,1.1983901,-48.942253,411.0
311.0,315.0,0.2123062,-11.816517,-0.2123062,11.816517,-0.2123062,11.816517,0.2123062,-11.816517,250.0
313.0,314.0,1.0509065,-28.746843,-1.0509065,28.746843,-1.0509065,28.746843,1.0509065,-28.746843,268.0
317.0,318.0,0.13432768,-6.1760206,-0.13432768,6.1760206,-0.13432768,6.1760206,0.13432768,-6.1760206,250.0
319.0,320.0,0.629923,-16.222494,-0.629923,16.222494,-0.629923,16.222494,0.629923,-16.222494,162.0
319.0,320.0,0.629923,-16.222494,-0.629923,16.222494,-0.629923,16.222494,0.629923,-16.222494,162.0
319.0,321.0,0.18922992,-7.4578853,-0.18922992,7.4578853,-0.18922992,7.4578853,0.18922992,-7.4578853,200.0
327.0,328.0,0.19316994,-4.4699326,-0.19316994,4.4699326,-0.19316994,4.4699326,0.19316994,-4.4699326,60.0
327.0,329.0,0.1448103,-4.536291,-0.1448103,4.536291,-0.1448103,4.536291,0.1448103,-4.536291,200.0
332.0,333.0,0.10371769,-4.5307174,-0.10371769,4.5307174,-0.10371769,4.5307174,0.10371769,-4.5307174,114.0
334.0,335.0,0.17955454,-3.9150262,-0.17955454,3.9150262,-0.17955454,3.9150262,0.17955454,-3.9150262,90.0
334.0,336.0,0.13160408,-3.9142241,-0.13160408,3.9142241,-0.13160408,3.9142241,0.13160408,-3.9142241,90.0
339.0,340.0,0.20155418,-8.836354,-0.20155418,8.836354,-0.20155418,8.836354,0.20155418,-8.836354,80.0
339.0,341.0,0.577841,-12.781253,-0.577841,12.781253,-0.577841,12.781253,0.577841,-12.781253,139.0
342.0,343.0,0.300445,-11.002586,-0.300445,11.002586,-0.300445,11.002586,0.300445,-11.002586,46.0
344.0,345.0,0.5065568,-9.45513,-0.5065568,9.45513,-0.5065568,9.45513,0.5065568,-9.45513,250.0
356.0,357.0,0.096235186,-4.960173,-0.096235186,4.960173,-0.096235186,4.960173,0.096235186,-4.960173,83.0
358.0,359.0,0.1096682,-4.35074,-0.1096682,4.35074,-0.1096682,4.35074,0.1096682,-4.35074,200.0
373.0,374.0,0.42752573,-15.899403,-0.42752573,15.899403,-0.42752573,15.899403,0.42752573,-15.899403,190.0
378.0,379.0,0.50126666,-14.383452,-0.50126666,14.383452,-0.50126666,14.383452,0.50126666,-14.383452,131.0
378.0,379.0,0.6519261,-14.371348,-0.6519261,14.371348,-0.6519261,14.371348,0.6519261,-14.371348,131.0
383.0,384.0,0.43836004,-27.488197,-0.43836004,27.488197,-0.43836004,27.488197,0.43836004,-27.488197,321.0
383.0,384.0,0.43836004,-27.488197,-0.43836004,27.488197,-0.43836004,27.488197,0.43836004,-27.488197,321.0
393.0,394.0,0.64804196,-22.317568,-0.64804196,22.317568,-0.64804196,22.317568,0.64804196,-22.317568,260.0
393.0,395.0,0.3337026,-15.012108,-0.3337026,15.012108,-0.3337026,15.012108,0.3337026,-15.012108,500.0
393.0,395.0,0.3337026,-15.012108,-0.3337026,15.012108,-0.3337026,15.012108,0.3337026,-15.012108,500.0
397.0,398.0,0.38559857,-22.374733,-0.38559857,22.374733,-0.38559857,22.374733,0.38559857,-22.374733,148.8
397.0,398.0,0.38559857,-22.374733,-0.38559857,22.374733,-0.38559857,22.374733,0.38559857,-22.374733,148.8
397.0,399.0,0.339628,-25.3119,-0.339628,25.3119,-0.339628,25.3119,0.339628,-25.3119,230.0
397.0,399.0,0.339628,-25.3119,-0.339628,25.3119,-0.339628,25.3119,0.339628,-25.3119,230.0
397.0,399.0,0.339628,-25.3119,-0.339628,25.3119,-0.339628,25.3119,0.339628,-25.3119,250.0
408.0,409.0,0.9456007,-34.805378,-0.9456007,34.805378,-0.9456007,34.805378,0.9456007,-34.805378,384.0
408.0,409.0,0.9456007,-34.805378,-0.9456007,34.805378,-0.9456007,34.805378,0.9456007,-34.805378,384.0
410.0,411.0,0.4452483,-28.193758,-0.4452483,28.193758,-0.4452483,28.193758,0.4452483,-28.193758,442.0
410.0,411.0,0.4452483,-28.193758,-0.4452483,28.193758,-0.4452483,28.193758,0.4452483,-28.193758,442.0
410.0,411.0,0.4452483,-28.193758,-0.4452483,28.193758,-0.4452483,28.193758,0.4452483,-28.193758,442.0
413.0,414.0,0.13512588,-6.1855497,-0.13512588,6.1855497,-0.13512588,6.1855497,0.13512588,-6.1855497,120.0
413.0,415.0,0.11064728,-4.0653367,-0.11064728,4.0653367,-0.11064728,4.0653367,0.11064728,-4.0653367,40.0
413.0,416.0,0.66182756,-10.88035,-0.66182756,10.88035,-0.66182756,10.88035,0.66182756,-10.88035,250.0
418.0,419.0,0.6121669,-12.52975,-0.6121669,12.52975,-0.6121669,12.52975,0.6121669,-12.52975,130.0
418.0,419.0,0.6121669,-12.52975,-0.6121669,12.52975,-0.6121669,12.52975,0.6121669,-12.52975,130.0
420.0,421.0,0.14242342,-5.921096,-0.14242342,5.921096,-0.14242342,5.921096,0.14242342,-5.921096,100.0
425.0,426.0,0.84465253,-30.623346,-0.84465253,30.623346,-0.84465253,30.623346,0.84465253,-30.623346,500.0
425.0,427.0,0.39950198,-17.134521,-0.39950198,17.134521,-0.39950198,17.134521,0.39950198,-17.134521,185.0
425.0,428.0,0.8076076,-20.231186,-0.8076076,20.231186,-0.8076076,20.231186,0.8076076,-20.231186,185.0
425.0,429.0,0.3004602,-11.873115,-0.3004602,11.873115,-0.3004602,11.873115,0.3004602,-11.873115,185.0
425.0,430.0,0.44827512,-17.39792,-0.44827512,17.39792,-0.44827512,17.39792,0.44827512,-17.39792,259.0
425.0,431.0,0.555827,-13.905359,-0.555827,13.905359,-0.555827,13.905359,0.555827,-13.905359,264.0
425.0,432.0,0.22565286,-17.117382,-0.22565286,17.117382,-0.22565286,17.117382,0.22565286,-17.117382,260.0
433.0,434.0,0.24901697,-5.2108502,-0.24901697,5.2108502,-0.24901697,5.2108502,0.24901697,-5.2108502,100.0
439.0,440.0,0.65632796,-23.280659,-0.65632796,23.280659,-0.65632796,23.280659,0.65632796,-23.280659,353.0
439.0,440.0,0.65632796,-23.280659,-0.65632796,23.280659,-0.65632796,23.280659,0.65632796,-23.280659,353.0
442.0,443.0,1.5592136,-58.199345,-1.5592136,58.199345,-1.5592136,58.199345,1.5592136,-58.199345,397.0
442.0,443.0,1.5592136,-58.199345,-1.5592136,58.199345,-1.5592136,58.199345,1.5592136,-58.199345,397.0
442.0,444.0,0.37556687,-15.818877,-0.37556687,15.818877,-0.37556687,15.818877,0.37556687,-15.818877,220.0
442.0,445.0,0.41723996,-16.672909,-0.41723996,16.672909,-0.41723996,16.672909,0.41723996,-16.672909,220.0
442.0,446.0,0.29038683,-14.663459,-0.29038683,14.663459,-0.29038683,14.663459,0.29038683,-14.663459,220.0
449.0,450.0,0.30853042,-16.59453,-0.30853042,16.59453,-0.30853042,16.59453,0.30853042,-16.59453,171.0
449.0,450.0,0.30853042,-16.59453,-0.30853042,16.59453,-0.30853042,16.59453,0.30853042,-16.59453,171.0
449.0,451.0,0.4736285,-19.778883,-0.4736285,19.778883,-0.4736285,19.778883,0.4736285,-19.778883,342.0
449.0,452.0,0.51196086,-21.47007,-0.51196086,21.47007,-0.51196086,21.47007,0.51196086,-21.47007,342.0
449.0,453.0,0.6053114,-39.3918,-0.6053114,39.3918,-0.6053114,39.3918,0.6053114,-39.3918,338.0
449.0,454.0,1.1397474,-45.927597,-1.1397474,45.927597,-1.1397474,45.927597,1.1397474,-45.927597,500.0
458.0,459.0,0.0419933,-1.7006853,-0.0419933,1.7006853,-0.0419933,1.7006853,0.0419933,-1.7006853,28.0
458.0,460.0,0.106318444,-4.9887505,-0.106318444,4.9887505,-0.106318444,4.9887505,0.106318444,-4.9887505,37.0
458.0,461.0,0.21608962,-7.9692583,-0.21608962,7.9692583,-0.21608962,7.9692583,0.21608962,-7.9692583,48.0
458.0,462.0,0.23722303,-4.1021857,-0.23722303,4.1021857,-0.23722303,4.1021857,0.23722303,-4.1021857,40.0
458.0,463.0,0.2800894,-10.844638,-0.2800894,10.844638,-0.2800894,10.844638,0.2800894,-10.844638,40.0
458.0,464.0,0.2206461,-5.348519,-0.2206461,5.348519,-0.2206461,5.348519,0.2206461,-5.348519,40.0
458.0,465.0,0.14371441,-3.3904166,-0.14371441,3.3904166,-0.14371441,3.3904166,0.14371441,-3.3904166,40.0
458.0,466.0,0.20637168,-4.7188835,-0.20637168,4.7188835,-0.20637168,4.7188835,0.20637168,-4.7188835,40.0
458.0,467.0,0.20564616,-4.439863,-0.20564616,4.439863,-0.20564616,4.439863,0.20564616,-4.439863,40.0
473.0,474.0,0.48831305,-11.251493,-0.48831305,11.251493,-0.48831305,11.251493,0.48831305,-11.251493,128.0
473.0,474.0,0.48831305,-11.251493,-0.48831305,11.251493,-0.48831305,11.251493,0.48831305,-11.251493,128.0
482.0,483.0,2.0471644,-53.28314,-2.0471644,53.28314,-2.0471644,53.28314,2.0471644,-53.28314,387.0
482.0,484.0,0.34560367,-18.49493,-0.34560367,18.49493,-0.34560367,18.49493,0.34560367,-18.49493,180.0
482.0,485.0,0.5006669,-17.572792,-0.5006669,17.572792,-0.5006669,17.572792,0.5006669,-17.572792,180.0
500.0,501.0,0.9929694,-59.5427,-0.9929694,59.5427,-0.9929694,59.5427,0.9929694,-59.5427,246.6
500.0,501.0,0.9929694,-59.5427,-0.9929694,59.5427,-0.9929694,59.5427,0.9929694,-59.5427,246.6
500.0,502.0,0.3879832,-13.957646,-0.3879832,13.957646,-0.3879832,13.957646,0.3879832,-13.957646,101.0
500.0,503.0,0.091103055,-6.7825766,-0.091103055,6.7825766,-0.091103055,6.7825766,0.091103055,-6.7825766,103.0
500.0,504.0,0.15980393,-7.1321406,-0.15980393,7.1321406,-0.15980393,7.1321406,0.15980393,-7.1321406,103.0
500.0,505.0,0.092922956,-5.430536,-0.092922956,5.430536,-0.092922956,5.430536,0.092922956,-5.430536,105.0
500.0,506.0,0.33666155,-12.4225025,-0.33666155,12.4225025,-0.33666155,12.4225025,0.33666155,-12.4225025,140.0
500.0,507.0,0.40972003,-26.575289,-0.40972003,26.575289,-0.40972003,26.575289,0.40972003,-26.575289,135.0
509.0,510.0,0.6927798,-31.011517,-0.6927798,31.011517,-0.6927798,31.011517,0.6927798,-31.011517,428.0
509.0,511.0,0.69395924,-35.84171,-0.69395924,35.84171,-0.69395924,35.84171,0.69395924,-35.84171,168.0
515.0,516.0,1.321615,-81.27932,-1.321615,81.27932,-1.321615,81.27932,1.321615,-81.27932,459.0
520.0,521.0,0.20445076,-11.955365,-0.20445076,11.955365,-0.20445076,11.955365,0.20445076,-11.955365,78.0
520.0,521.0,0.20445076,-11.955365,-0.20445076,11.955365,-0.20445076,11.955365,0.20445076,-11.955365,78.0
520.0,522.0,2.305791,-61.948917,-2.305791,61.948917,-2.305791,61.948917,2.305791,-61.948917,381.0
527.0,528.0,0.9510644,-39.802044,-0.9510644,39.802044,-0.9510644,39.802044,0.9510644,-39.802044,620.0
527.0,528.0,0.9510644,-39.802044,-0.9510644,39.802044,-0.9510644,39.802044,0.9510644,-39.802044,620.0
527.0,529.0,0.8029014,-41.323795,-0.8029014,41.323795,-0.8029014,41.323795,0.8029014,-41.323795,298.0
527.0,530.0,0.23045576,-16.865948,-0.23045576,16.865948,-0.23045576,16.865948,0.23045576,-16.865948,296.0
527.0,531.0,0.58324957,-17.024504,-0.58324957,17.024504,-0.58324957,17.024504,0.58324957,-17.024504,293.0
527.0,532.0,0.16290857,-6.633461,-0.16290857,6.633461,-0.16290857,6.633461,0.16290857,-6.633461,74.0
534.0,535.0,0.2559037,-10.856449,-0.2559037,10.856449,-0.2559037,10.856449,0.2559037,-10.856449,132.0
534.0,535.0,0.2559037,-10.856449,-0.2559037,10.856449,-0.2559037,10.856449,0.2559037,-10.856449,132.0
545.0,546.0,0.4160649,-8.850407,-0.4160649,8.850407,-0.4160649,8.850407,0.4160649,-8.850407,115.0
545.0,546.0,0.4160649,-8.850407,-0.4160649,8.850407,-0.4160649,8.850407,0.4160649,-8.850407,115.0
550.0,551.0,0.37022224,-10.7329855,-0.37022224,10.7329855,-0.37022224,10.7329855,0.37022224,-10.7329855,169.0
552.0,553.0,0.3002227,-16.297045,-0.3002227,16.297045,-0.3002227,16.297045,0.3002227,-16.297045,400.0
561.0,562.0,0.62694705,-41.726807,-0.62694705,41.726807,-0.62694705,41.726807,0.62694705,-41.726807,438.0
561.0,562.0,0.62694705,-41.726807,-0.62694705,41.726807,-0.62694705,41.726807,0.62694705,-41.726807,438.0
561.0,562.0,0.62694705,-41.726807,-0.62694705,41.726807,-0.62694705,41.726807,0.62694705,-41.726807,438.0
564.0,565.0,2.4108005,-173.57762,-2.4108005,173.57762,-2.4108005,173.57762,2.4108005,-173.57762,1233.0
565.0,566.0,0.6872275,-30.887058,-0.6872275,30.887058,-0.6872275,30.887058,0.6872275,-30.887058,200.0
579.0,580.0,0.7469695,-70.56372,-0.7469695,70.56372,-0.7469695,70.56372,0.7469695,-70.56372,1206.0
579.0,580.0,0.7469695,-70.56372,-0.7469695,70.56372,-0.7469695,70.56372,0.7469695,-70.56372,1206.0
582.0,583.0,0.8588816,-38.471973,-0.8588816,38.471973,-0.8588816,38.471973,0.8588816,-38.471973,590.0
582.0,584.0,0.28924462,-30.063362,-0.28924462,30.063362,-0.28924462,30.063362,0.28924462,-30.063362,557.0
585.0,586.0,0.98997647,-99.49264,-0.98997647,99.49264,-0.98997647,99.49264,0.98997647,-99.49264,1375.0
585.0,586.0,0.98997647,-99.49264,-0.98997647,99.49264,-0.98997647,99.49264,0.98997647,-99.49264,1375.0
585.0,587.0,0.3860454,-37.129295,-0.3860454,37.129295,-0.3860454,37.129295,0.3860454,-37.129295,245.0
597.0,598.0,3.0181391,-183.10043,-3.0181391,183.10043,-3.0181391,183.10043,3.0181391,-183.10043,1209.0
597.0,599.0,0.13262428,-12.564571,-0.13262428,12.564571,-0.13262428,12.564571,0.13262428,-12.564571,243.0
597.0,600.0,0.30718946,-19.971304,-0.30718946,19.971304,-0.30718946,19.971304,0.30718946,-19.971304,255.0
597.0,601.0,1.0142804,-82.22433,-1.0142804,82.22433,-1.0142804,82.22433,1.0142804,-82.22433,985.0
597.0,602.0,0.82529515,-79.67273,-0.82529515,79.67273,-0.82529515,79.67273,0.82529515,-79.67273,989.0
597.0,603.0,2.6249475,-181.12138,-2.6249475,181.12138,-2.6249475,181.12138,2.6249475,-181.12138,994.0
597.0,604.0,1.1479738,-60.842613,-1.1479738,60.842613,-1.1479738,60.842613,1.1479738,-60.842613,993.0
597.0,605.0,1.6096827,-87.53607,-1.6096827,87.53607,-1.6096827,87.53607,1.6096827,-87.53607,1001.0
597.0,606.0,0.718552,-74.3425,-0.718552,74.3425,-0.718552,74.3425,0.718552,-74.3425,988.0
609.0,610.0,0.693519,-47.293518,-0.693519,47.293518,-0.693519,47.293518,0.693519,-47.293518,550.0
611.0,612.0,0.8279316,-79.79987,-0.8279316,79.79987,-0.8279316,79.79987,0.8279316,-79.79987,1354.0
613.0,614.0,0.47993088,-39.99424,-0.47993088,39.99424,-0.47993088,39.99424,0.47993088,-39.99424,500.0
613.0,615.0,0.8997981,-61.223763,-0.8997981,61.223763,-0.8997981,61.223763,0.8997981,-61.223763,409.0
613.0,616.0,0.26902673,-20.036469,-0.26902673,20.036469,-0.26902673,20.036469,0.26902673,-20.036469,308.0
619.0,620.0,1.5729614,-82.68306,-1.5729614,82.68306,-1.5729614,82.68306,1.5729614,-82.68306,913.0
619.0,621.0,1.3116586,-75.50591,-1.3116586,75.50591,-1.3116586,75.50591,1.3116586,-75.50591,1036.0
619.0,622.0,0.8337491,-51.853813,-0.8337491,51.853813,-0.8337491,51.853813,0.8337491,-51.853813,1023.0
623.0,624.0,0.61810553,-12.772546,-0.61810553,12.772546,-0.61810553,12.772546,0.61810553,-12.772546,151.0
627.0,628.0,1.6010444,-110.96469,-1.6010444,110.96469,-1.6010444,110.96469,1.6010444,-110.96469,1277.0
627.0,628.0,1.6010444,-110.96469,-1.6010444,110.96469,-1.6010444,110.96469,1.6010444,-110.96469,1277.0
627.0,629.0,0.8124425,-57.00096,-0.8124425,57.00096,-0.8124425,57.00096,0.8124425,-57.00096,290.0
627.0,630.0,0.16901264,-10.908456,-0.16901264,10.908456,-0.16901264,10.908456,0.16901264,-10.908456,213.0
627.0,631.0,0.94999814,-92.92709,-0.94999814,92.92709,-0.94999814,92.92709,0.94999814,-92.92709,1078.0
627.0,632.0,1.3310481,-88.47555,-1.3310481,88.47555,-1.3310481,88.47555,1.3310481,-88.47555,1073.0
627.0,633.0,1.4530408,-83.16929,-1.4530408,83.16929,-1.4530408,83.16929,1.4530408,-83.16929,1079.0
640.0,641.0,0.35277632,-15.331658,-0.35277632,15.331658,-0.35277632,15.331658,0.35277632,-15.331658,260.0
647.0,648.0,1.8266342,-87.22178,-1.8266342,87.22178,-1.8266342,87.22178,1.8266342,-87.22178,1295.0
652.0,653.0,0.429964,-10.600526,-0.429964,10.600526,-0.429964,10.600526,0.429964,-10.600526,150.0
666.0,667.0,1.9995755,-87.67369,-1.9995755,87.67369,-1.9995755,87.67369,1.9995755,-87.67369,1345.0
666.0,667.0,1.9995755,-87.67369,-1.9995755,87.67369,-1.9995755,87.67369,1.9995755,-87.67369,1345.0
669.0,670.0,0.18151344,-5.056519,-0.18151344,5.056519,-0.18151344,5.056519,0.18151344,-5.056519,82.0
669.0,671.0,0.25272286,-5.108612,-0.25272286,5.108612,-0.25272286,5.108612,0.25272286,-5.108612,75.0
684.0,685.0,0.30253044,-21.739647,-0.30253044,21.739647,-0.30253044,21.739647,0.30253044,-21.739647,298.0
687.0,688.0,0.5004087,-13.706683,-0.5004087,13.706683,-0.5004087,13.706683,0.5004087,-13.706683,214.0
695.0,696.0,1.115328,-54.89222,-1.115328,54.89222,-1.115328,54.89222,1.115328,-54.89222,981.0
701.0,702.0,1.6536813,-108.67049,-1.6536813,108.67049,-1.6536813,108.67049,1.6536813,-108.67049,945.0
728.0,729.0,3.400074,-206.12949,-3.400074,206.12949,-3.400074,206.12949,3.400074,-206.12949,1379.0
728.0,730.0,0.56839037,-36.782974,-0.56839037,36.782974,-0.56839037,36.782974,0.56839037,-36.782974,579.0
728.0,731.0,0.14720461,-11.074694,-0.14720461,11.074694,-0.14720461,11.074694,0.14720461,-11.074694,215.0
733.0,734.0,0.42759883,-15.197094,-0.42759883,15.197094,-0.42759883,15.197094,0.42759883,-15.197094,222.0
743.0,744.0,0.7999858,-64.883064,-0.7999858,64.883064,-0.7999858,64.883064,0.7999858,-64.883064,946.0
756.0,757.0,1.2974085,-76.78299,-1.2974085,76.78299,-1.2974085,76.78299,1.2974085,-76.78299,890.0
760.0,761.0,0.33959073,-31.601913,-0.33959073,31.601913,-0.33959073,31.601913,0.33959073,-31.601913,305.0
760.0,762.0,1.4448779,-89.58243,-1.4448779,89.58243,-1.4448779,89.58243,1.4448779,-89.58243,594.0
768.0,769.0,0.9508118,-116.54236,-0.9508118,116.54236,-0.9508118,116.54236,0.9508118,-116.54236,1134.0
768.0,770.0,0.8389735,-50.41468,-0.8389735,50.41468,-0.8389735,50.41468,0.8389735,-50.41468,903.0
768.0,771.0,1.4076923,-93.7875,-1.4076923,93.7875,-1.4076923,93.7875,1.4076923,-93.7875,915.0
768.0,772.0,1.0563525,-74.55625,-1.0563525,74.55625,-1.0563525,74.55625,1.0563525,-74.55625,913.0
800.0,801.0,0.28066963,-23.23081,-0.28066963,23.23081,-0.28066963,23.23081,0.28066963,-23.23081,287.0
800.0,802.0,1.6792047,-102.43149,-1.6792047,102.43149,-1.6792047,102.43149,1.6792047,-102.43149,826.0
803.0,804.0,0.39216915,-27.459381,-0.39216915,27.459381,-0.39216915,27.459381,0.39216915,-27.459381,477.0
803.0,807.0,0.5611467,-38.42378,-0.5611467,38.42378,-0.5611467,38.42378,0.5611467,-38.42378,584.0
804.0,805.0,0.48145914,-23.519556,-0.48145914,23.519556,-0.48145914,23.519556,0.48145914,-23.519556,204.0
824.0,825.0,0.57219577,-35.654156,-0.57219577,35.654156,-0.57219577,35.654156,0.57219577,-35.654156,375.0
824.0,826.0,2.5029786,-158.18825,-2.5029786,158.18825,-2.5029786,158.18825,2.5029786,-158.18825,1450.0
824.0,827.0,2.949316,-221.69025,-2.949316,221.69025,-2.949316,221.69025,2.949316,-221.69025,1450.0
843.0,844.0,2.4793901,-157.44127,-2.4793901,157.44127,-2.4793901,157.44127,2.4793901,-157.44127,1112.0
843.0,845.0,0.5372259,-50.57598,-0.5372259,50.57598,-0.5372259,50.57598,0.5372259,-50.57598,942.0
843.0,846.0,0.75106627,-59.79918,-0.75106627,59.79918,-0.75106627,59.79918,0.75106627,-59.79918,940.0
843.0,847.0,1.649792,-78.15125,-1.649792,78.15125,-1.649792,78.15125,1.649792,-78.15125,935.0
859.0,860.0,2.783981,-140.98875,-2.783981,140.98875,-2.783981,140.98875,2.783981,-140.98875,1233.0
859.0,861.0,0.21769904,-16.00216,-0.21769904,16.00216,-0.21769904,16.00216,0.21769904,-16.00216,223.0
859.0,862.0,1.2810123,-92.40369,-1.2810123,92.40369,-1.2810123,92.40369,1.2810123,-92.40369,525.0
859.0,863.0,0.6047864,-44.89531,-0.6047864,44.89531,-0.6047864,44.89531,0.6047864,-44.89531,524.0
859.0,864.0,0.7319082,-54.102654,-0.7319082,54.102654,-0.7319082,54.102654,0.7319082,-54.102654,519.0
859.0,865.0,0.6080233,-32.371998,-0.6080233,32.371998,-0.6080233,32.371998,0.6080233,-32.371998,403.0
859.0,866.0,0.9649191,-56.70508,-0.9649191,56.70508,-0.9649191,56.70508,0.9649191,-56.70508,1123.0
859.0,867.0,0.9829351,-76.03292,-0.9829351,76.03292,-0.9829351,76.03292,0.9829351,-76.03292,1117.0
868.0,869.0,1.2769004,-95.49391,-1.2769004,95.49391,-1.2769004,95.49391,1.2769004,-95.49391,1239.0
881.0,882.0,0.5375913,-64.304184,-0.5375913,64.304184,-0.5375913,64.304184,0.5375913,-64.304184,1106.0
881.0,883.0,0.66963816,-52.81771,-0.66963816,52.81771,-0.66963816,52.81771,0.66963816,-52.81771,925.0
881.0,884.0,1.0505689,-47.778046,-1.0505689,47.778046,-1.0505689,47.778046,1.0505689,-47.778046,917.0
881.0,885.0,0.792587,-55.206734,-0.792587,55.206734,-0.792587,55.206734,0.792587,-55.206734,921.0
886.0,887.0,0.76915926,-80.05666,-0.76915926,80.05666,-0.76915926,80.05666,0.76915926,-80.05666,1334.0
886.0,887.0,0.76915926,-80.05666,-0.76915926,80.05666,-0.76915926,80.05666,0.76915926,-80.05666,1334.0
886.0,888.0,0.864056,-48.317078,-0.864056,48.317078,-0.864056,48.317078,0.864056,-48.317078,952.0
886.0,889.0,0.5133729,-48.303722,-0.5133729,48.303722,-0.5133729,48.303722,0.5133729,-48.303722,945.0
886.0,890.0,2.7683468,-140.59247,-2.7683468,140.59247,-2.7683468,140.59247,2.7683468,-140.59247,953.0
905.0,906.0,0.16250533,-3.9764705,-0.16250533,3.9764705,-0.16250533,3.9764705,0.16250533,-3.9764705,49.0
905.0,907.0,0.3891299,-20.6752,-0.3891299,20.6752,-0.3891299,20.6752,0.3891299,-20.6752,240.0
914.0,915.0,0.9745401,-110.36667,-0.9745401,110.36667,-0.9745401,110.36667,0.9745401,-110.36667,1258.0
914.0,915.0,0.9745401,-110.36667,-0.9745401,110.36667,-0.9745401,110.36667,0.9745401,-110.36667,1258.0
922.0,923.0,0.7779167,-54.69353,-0.7779167,54.69353,-0.7779167,54.69353,0.7779167,-54.69353,1057.0
922.0,924.0,1.1955763,-89.2697,-1.1955763,89.2697,-1.1955763,89.2697,1.1955763,-89.2697,1333.0
925.0,926.0,0.5843494,-56.974064,-0.5843494,56.974064,-0.5843494,56.974064,0.5843494,-56.974064,646.0
925.0,927.0,0.52484864,-30.339933,-0.52484864,30.339933,-0.52484864,30.339933,0.52484864,-30.339933,282.0
925.0,928.0,1.5574591,-105.462234,-1.5574591,105.462234,-1.5574591,105.462234,1.5574591,-105.462234,798.0
925.0,929.0,0.66779596,-50.675438,-0.66779596,50.675438,-0.66779596,50.675438,0.66779596,-50.675438,787.0
925.0,930.0,0.7544203,-44.550503,-0.7544203,44.550503,-0.7544203,44.550503,0.7544203,-44.550503,795.0
925.0,931.0,0.6533682,-45.904385,-0.6533682,45.904385,-0.6533682,45.904385,0.6533682,-45.904385,809.0
925.0,932.0,1.0475767,-68.99721,-1.0475767,68.99721,-1.0475767,68.99721,1.0475767,-68.99721,798.0
925.0,933.0,0.7346716,-42.32425,-0.7346716,42.32425,-0.7346716,42.32425,0.7346716,-42.32425,796.0
944.0,945.0,1.555131,-101.80924,-1.555131,101.80924,-1.555131,101.80924,1.555131,-101.80924,1057.0
944.0,946.0,1.0181636,-69.62299,-1.0181636,69.62299,-1.0181636,69.62299,1.0181636,-69.62299,786.0
944.0,947.0,0.8591627,-61.112617,-0.8591627,61.112617,-0.8591627,61.112617,0.8591627,-61.112617,787.0
948.0,949.0,1.6523464,-203.2386,-1.6523464,203.2386,-1.6523464,203.2386,1.6523464,-203.2386,1346.0
948.0,949.0,1.6523464,-203.2386,-1.6523464,203.2386,-1.6523464,203.2386,1.6523464,-203.2386,1346.0
952.0,953.0,2.4792812,-150.1092,-2.4792812,150.1092,-2.4792812,150.1092,2.4792812,-150.1092,1064.0
954.0,955.0,0.33935803,-9.091484,-0.33935803,9.091484,-0.33935803,9.091484,0.33935803,-9.091484,65.0
958.0,959.0,3.2396243,-189.698,-3.2396243,189.698,-3.2396243,189.698,3.2396243,-189.698,1163.0
958.0,963.0,0.78751045,-93.53874,-0.78751045,93.53874,-0.78751045,93.53874,0.78751045,-93.53874,645.0
959.0,960.0,0.29801774,-22.863712,-0.29801774,22.863712,-0.29801774,22.863712,0.29801774,-22.863712,320.0
960.0,961.0,0.5474021,-15.317862,-0.5474021,15.317862,-0.5474021,15.317862,0.5474021,-15.317862,168.0
965.0,966.0,1.0135918,-73.03195,-1.0135918,73.03195,-1.0135918,73.03195,1.0135918,-73.03195,1174.0
965.0,967.0,0.32041305,-33.826466,-0.32041305,33.826466,-0.32041305,33.826466,0.32041305,-33.826466,426.0
965.0,968.0,0.67555225,-50.01589,-0.67555225,50.01589,-0.67555225,50.01589,0.67555225,-50.01589,435.0
965.0,969.0,0.7365173,-49.543064,-0.7365173,49.543064,-0.7365173,49.543064,0.7365173,-49.543064,440.0
965.0,970.0,0.29216516,-34.88939,-0.29216516,34.88939,-0.29216516,34.88939,0.29216516,-34.88939,433.0
974.0,975.0,0.6131657,-63.93274,-0.6131657,63.93274,-0.6131657,63.93274,0.6131657,-63.93274,1041.0
977.0,978.0,0.34423226,-16.79402,-0.34423226,16.79402,-0.34423226,16.79402,0.34423226,-16.79402,315.0
977.0,979.0,0.4235433,-31.381603,-0.4235433,31.381603,-0.4235433,31.381603,0.4235433,-31.381603,561.0
977.0,980.0,0.327476,-31.033167,-0.327476,31.033167,-0.327476,31.033167,0.327476,-31.033167,559.0
977.0,981.0,0.29753876,-35.20875,-0.29753876,35.20875,-0.29753876,35.20875,0.29753876,-35.20875,574.0
977.0,982.0,0.76771694,-36.373898,-0.76771694,36.373898,-0.76771694,36.373898,0.76771694,-36.373898,551.0
977.0,983.0,1.1170335,-62.05314,-1.1170335,62.05314,-1.1170335,62.05314,1.1170335,-62.05314,561.0
986.0,987.0,0.2417314,-10.160984,-0.2417314,10.160984,-0.2417314,10.160984,0.2417314,-10.160984,94.0
986.0,988.0,0.30114448,-6.0305457,-0.30114448,6.0305457,-0.30114448,6.0305457,0.30114448,-6.0305457,77.0
1008.0,1009.0,0.810228,-63.64341,-0.810228,63.64341,-0.810228,63.64341,0.810228,-63.64341,1266.0
1012.0,1013.0,1.0801235,-124.21421,-1.0801235,124.21421,-1.0801235,124.21421,1.0801235,-124.21421,1267.0
1015.0,1016.0,1.996774,-93.15385,-1.996774,93.15385,-1.996774,93.15385,1.996774,-93.15385,960.0
1022.0,1023.0,0.2479342,-8.561066,-0.2479342,8.561066,-0.2479342,8.561066,0.2479342,-8.561066,80.0
1028.0,1029.0,0.83977157,-102.45213,-0.83977157,102.45213,-0.83977157,102.45213,0.83977157,-102.45213,1284.0
1043.0,1044.0,1.3680578,-66.417,-1.3680578,66.417,-1.3680578,66.417,1.3680578,-66.417,961.0
1052.0,1053.0,0.83632344,-56.709164,-0.83632344,56.709164,-0.83632344,56.709164,0.83632344,-56.709164,1117.0
1052.0,1055.0,1.5577769,-80.55005,-1.5577769,80.55005,-1.5577769,80.55005,1.5577769,-80.55005,788.0
1052.0,1056.0,1.8699015,-124.81593,-1.8699015,124.81593,-1.8699015,124.81593,1.8699015,-124.81593,1069.0
1052.0,1057.0,0.9097935,-69.19219,-0.9097935,69.19219,-0.9097935,69.19219,0.9097935,-69.19219,754.0
1052.0,1058.0,0.56431353,-41.348793,-0.56431353,41.348793,-0.56431353,41.348793,0.56431353,-41.348793,758.0
1052.0,1059.0,1.199868,-59.393467,-1.199868,59.393467,-1.199868,59.393467,1.199868,-59.393467,758.0
1053.0,1054.0,0.39094907,-17.076305,-0.39094907,17.076305,-0.39094907,17.076305,0.39094907,-17.076305,200.0
1053.0,1054.0,0.39094907,-17.076305,-0.39094907,17.076305,-0.39094907,17.076305,0.39094907,-17.076305,200.0
1070.0,1071.0,1.098397,-57.682487,-1.098397,57.682487,-1.098397,57.682487,1.098397,-57.682487,948.0
1071.0,1072.0,0.555058,-35.92387,-0.555058,35.92387,-0.555058,35.92387,0.555058,-35.92387,438.0
1079.0,1080.0,0.17161733,-7.332741,-0.17161733,7.332741,-0.17161733,7.332741,0.17161733,-7.332741,124.0
1082.0,1083.0,1.570683,-105.90891,-1.570683,105.90891,-1.570683,105.90891,1.570683,-105.90891,1058.0
1083.0,1084.0,1.526995,-61.76695,-1.526995,61.76695,-1.526995,61.76695,1.526995,-61.76695,540.0
1083.0,1084.0,1.526995,-61.76695,-1.526995,61.76695,-1.526995,61.76695,1.526995,-61.76695,540.0
1085.0,1086.0,0.98507786,-54.627045,-0.98507786,54.627045,-0.98507786,54.627045,0.98507786,-54.627045,467.0
1085.0,1086.0,0.98507786,-54.627045,-0.98507786,54.627045,-0.98507786,54.627045,0.98507786,-54.627045,467.0
1085.0,1086.0,0.98507786,-54.627045,-0.98507786,54.627045,-0.98507786,54.627045,0.98507786,-54.627045,467.0
1087.0,1088.0,1.5257435,-75.157,-1.5257435,75.157,-1.5257435,75.157,1.5257435,-75.157,1269.0
1087.0,1090.0,0.99066764,-49.756283,-0.99066764,49.756283,-0.99066764,49.756283,0.99066764,-49.756283,296.0
1087.0,1091.0,0.43640137,-32.231358,-0.43640137,32.231358,-0.43640137,32.231358,0.43640137,-32.231358,479.0
1088.0,1089.0,0.5406457,-29.05971,-0.5406457,29.05971,-0.5406457,29.05971,0.5406457,-29.05971,271.8
1088.0,1089.0,0.5406457,-29.05971,-0.5406457,29.05971,-0.5406457,29.05971,0.5406457,-29.05971,271.8
1094.0,1095.0,1.5010395,-136.96985,-1.5010395,136.96985,-1.5010395,136.96985,1.5010395,-136.96985,1198.0
1094.0,1097.0,0.2315189,-12.857568,-0.2315189,12.857568,-0.2315189,12.857568,0.2315189,-12.857568,233.0
1094.0,1098.0,0.23607284,-22.652727,-0.23607284,22.652727,-0.23607284,22.652727,0.23607284,-22.652727,283.0
1094.0,1099.0,0.29359606,-22.89525,-0.29359606,22.89525,-0.29359606,22.89525,0.29359606,-22.89525,256.0
1094.0,1100.0,0.5423981,-39.362606,-0.5423981,39.362606,-0.5423981,39.362606,0.5423981,-39.362606,351.0
1094.0,1101.0,0.6383332,-29.363327,-0.6383332,29.363327,-0.6383332,29.363327,0.6383332,-29.363327,342.0
1094.0,1102.0,0.32791233,-34.219994,-0.32791233,34.219994,-0.32791233,34.219994,0.32791233,-34.219994,352.0
1094.0,1103.0,0.1968046,-17.96084,-0.1968046,17.96084,-0.1968046,17.96084,0.1968046,-17.96084,338.0
1095.0,1096.0,0.32044798,-23.919151,-0.32044798,23.919151,-0.32044798,23.919151,0.32044798,-23.919151,320.0
1095.0,1096.0,0.32044798,-23.919151,-0.32044798,23.919151,-0.32044798,23.919151,0.32044798,-23.919151,320.0
1105.0,1106.0,1.9173793,-91.28393,-1.9173793,91.28393,-1.9173793,91.28393,1.9173793,-91.28393,1171.0
1106.0,1107.0,1.2908278,-45.983093,-1.2908278,45.983093,-1.2908278,45.983093,1.2908278,-45.983093,328.0
1106.0,1107.0,1.2908278,-45.983093,-1.2908278,45.983093,-1.2908278,45.983093,1.2908278,-45.983093,328.0
1111.0,1112.0,2.161504,-134.19337,-2.161504,134.19337,-2.161504,134.19337,2.161504,-134.19337,1206.0
1112.0,1113.0,0.61948895,-24.398333,-0.61948895,24.398333,-0.61948895,24.398333,0.61948895,-24.398333,200.0
1115.0,1116.0,2.5645473,-122.79656,-2.5645473,122.79656,-2.5645473,122.79656,2.5645473,-122.79656,1115.0
1115.0,1118.0,1.55747,-82.27505,-1.55747,82.27505,-1.55747,82.27505,1.55747,-82.27505,667.0
1115.0,1119.0,0.50755143,-33.959805,-0.50755143,33.959805,-0.50755143,33.959805,0.50755143,-33.959805,677.0
1115.0,1120.0,1.3986541,-103.715576,-1.3986541,103.715576,-1.3986541,103.715576,1.3986541,-103.715576,670.0
1115.0,1121.0,0.44427454,-41.33462,-0.44427454,41.33462,-0.44427454,41.33462,0.44427454,-41.33462,679.0
1115.0,1122.0,0.99535555,-61.865173,-0.99535555,61.865173,-0.99535555,61.865173,0.99535555,-61.865173,664.0
1115.0,1123.0,1.402033,-62.390465,-1.402033,62.390465,-1.402033,62.390465,1.402033,-62.390465,666.0
1116.0,1117.0,0.5622964,-23.134481,-0.5622964,23.134481,-0.5622964,23.134481,0.5622964,-23.134481,300.0
1116.0,1117.0,0.5622964,-23.134481,-0.5622964,23.134481,-0.5622964,23.134481,0.5622964,-23.134481,300.0
1124.0,1125.0,0.96850896,-66.342865,-0.96850896,66.342865,-0.96850896,66.342865,0.96850896,-66.342865,1058.0
1124.0,1127.0,1.1806793,-85.894424,-1.1806793,85.894424,-1.1806793,85.894424,1.1806793,-85.894424,1159.0
1124.0,1128.0,3.0628393,-184.45099,-3.0628393,184.45099,-3.0628393,184.45099,3.0628393,-184.45099,1165.0
1124.0,1129.0,1.4607496,-135.11934,-1.4607496,135.11934,-1.4607496,135.11934,1.4607496,-135.11934,1152.0
1125.0,1126.0,1.11023,-39.809673,-1.11023,39.809673,-1.11023,39.809673,1.11023,-39.809673,176.4
1130.0,1131.0,0.4423709,-8.560832,-0.4423709,8.560832,-0.4423709,8.560832,0.4423709,-8.560832,80.0
1130.0,1132.0,0.09844082,-3.9485533,-0.09844082,3.9485533,-0.09844082,3.9485533,0.09844082,-3.9485533,80.0
1133.0,1134.0,0.052993227,-2.20633,-0.052993227,2.20633,-0.052993227,2.20633,0.052993227,-2.20633,31.0
1133.0,1135.0,0.12478131,-4.6895328,-0.12478131,4.6895328,-0.12478131,4.6895328,0.12478131,-4.6895328,41.0
1133.0,1136.0,0.18982153,-3.5183403,-0.18982153,3.5183403,-0.18982153,3.5183403,0.18982153,-3.5183403,43.0
1133.0,1137.0,0.32666662,-10.571917,-0.32666662,10.571917,-0.32666662,10.571917,0.32666662,-10.571917,25.0
1133.0,1138.0,0.084640324,-3.893758,-0.084640324,3.893758,-0.084640324,3.893758,0.084640324,-3.893758,25.0
1133.0,1139.0,0.21691748,-10.08921,-0.21691748,10.08921,-0.21691748,10.08921,0.21691748,-10.08921,46.0
1150.0,1151.0,1.7988871,-117.619545,-1.7988871,117.619545,-1.7988871,117.619545,1.7988871,-117.619545,1307.0
1150.0,1153.0,0.527939,-41.264397,-0.527939,41.264397,-0.527939,41.264397,0.527939,-41.264397,378.0
1150.0,1154.0,0.24348876,-25.65187,-0.24348876,25.65187,-0.24348876,25.65187,0.24348876,-25.65187,368.0
1150.0,1155.0,1.940297,-103.80589,-1.940297,103.80589,-1.940297,103.80589,1.940297,-103.80589,560.0
1151.0,1152.0,0.5021059,-22.181267,-0.5021059,22.181267,-0.5021059,22.181267,0.5021059,-22.181267,439.0
1156.0,1157.0,0.31877762,-22.857924,-0.31877762,22.857924,-0.31877762,22.857924,0.31877762,-22.857924,380.0
1156.0,1159.0,1.2881441,-92.6605,-1.2881441,92.6605,-1.2881441,92.6605,1.2881441,-92.6605,1181.0
1156.0,1160.0,1.224893,-93.52933,-1.224893,93.52933,-1.224893,93.52933,1.224893,-93.52933,1208.0
1157.0,1158.0,0.23433535,-9.640296,-0.23433535,9.640296,-0.23433535,9.640296,0.23433535,-9.640296,137.0
1167.0,1168.0,1.4128076,-82.01012,-1.4128076,82.01012,-1.4128076,82.01012,1.4128076,-82.01012,1133.0
1168.0,1169.0,0.6702384,-34.58909,-0.6702384,34.58909,-0.6702384,34.58909,0.6702384,-34.58909,350.0
1168.0,1169.0,0.6702384,-34.58909,-0.6702384,34.58909,-0.6702384,34.58909,0.6702384,-34.58909,350.0
1190.0,1191.0,2.419313,-109.95777,-2.419313,109.95777,-2.419313,109.95777,2.419313,-109.95777,1326.0
1190.0,1191.0,2.419313,-109.95777,-2.419313,109.95777,-2.419313,109.95777,2.419313,-109.95777,1326.0
1190.0,1193.0,0.46408752,-20.918962,-0.46408752,20.918962,-0.46408752,20.918962,0.46408752,-20.918962,265.0
1190.0,1194.0,0.844364,-55.91566,-0.844364,55.91566,-0.844364,55.91566,0.844364,-55.91566,1093.0
1190.0,1195.0,0.8092088,-58.06073,-0.8092088,58.06073,-0.8092088,58.06073,0.8092088,-58.06073,1090.0
1190.0,1196.0,0.8970826,-66.96722,-0.8970826,66.96722,-0.8970826,66.96722,0.8970826,-66.96722,1332.0
1190.0,1197.0,1.5558335,-109.38706,-1.5558335,109.38706,-1.5558335,109.38706,1.5558335,-109.38706,1248.0
1190.0,1198.0,1.7802147,-210.95544,-1.7802147,210.95544,-1.7802147,210.95544,1.7802147,-210.95544,1255.0
1191.0,1192.0,0.64347565,-46.3088,-0.64347565,46.3088,-0.64347565,46.3088,0.64347565,-46.3088,443.0
1191.0,1192.0,0.64347565,-46.3088,-0.64347565,46.3088,-0.64347565,46.3088,0.64347565,-46.3088,443.0
1191.0,1192.0,0.64347565,-46.3088,-0.64347565,46.3088,-0.64347565,46.3088,0.64347565,-46.3088,443.0
1201.0,1202.0,0.23650467,-9.090545,-0.23650467,9.090545,-0.23650467,9.090545,0.23650467,-9.090545,155.0
1210.0,1211.0,0.84512967,-59.335144,-0.84512967,59.335144,-0.84512967,59.335144,0.84512967,-59.335144,1132.0
1210.0,1213.0,0.8059825,-60.521954,-0.8059825,60.521954,-0.8059825,60.521954,0.8059825,-60.521954,880.0
1210.0,1214.0,1.0028206,-54.299786,-1.0028206,54.299786,-1.0028206,54.299786,1.0028206,-54.299786,879.0
1210.0,1215.0,1.8310567,-129.00627,-1.8310567,129.00627,-1.8310567,129.00627,1.8310567,-129.00627,880.0
1210.0,1216.0,0.9550145,-69.0953,-0.9550145,69.0953,-0.9550145,69.0953,0.9550145,-69.0953,883.0
1211.0,1212.0,0.59603536,-23.376616,-0.59603536,23.376616,-0.59603536,23.376616,0.59603536,-23.376616,184.2
1218.0,1219.0,0.85292697,-56.19841,-0.85292697,56.19841,-0.85292697,56.19841,0.85292697,-56.19841,1108.0
1219.0,1220.0,0.48238784,-29.087141,-0.48238784,29.087141,-0.48238784,29.087141,0.48238784,-29.087141,297.0
1221.0,1222.0,0.3975415,-17.48265,-0.3975415,17.48265,-0.3975415,17.48265,0.3975415,-17.48265,137.0
1226.0,1227.0,0.4535969,-23.515127,-0.4535969,23.515127,-0.4535969,23.515127,0.4535969,-23.515127,172.8
1226.0,1227.0,0.4535969,-23.515127,-0.4535969,23.515127,-0.4535969,23.515127,0.4535969,-23.515127,172.8
1237.0,1238.0,0.6158434,-16.459568,-0.6158434,16.459568,-0.6158434,16.459568,0.6158434,-16.459568,178.0
1241.0,1242.0,0.2714508,-15.496717,-0.2714508,15.496717,-0.2714508,15.496717,0.2714508,-15.496717,125.0
1246.0,1247.0,0.7512042,-70.763435,-0.7512042,70.763435,-0.7512042,70.763435,0.7512042,-70.763435,1372.0
1247.0,1248.0,1.6733176,-59.019302,-1.6733176,59.019302,-1.6733176,59.019302,1.6733176,-59.019302,420.0
1247.0,1248.0,1.6733176,-59.019302,-1.6733176,59.019302,-1.6733176,59.019302,1.6733176,-59.019302,420.0
1247.0,1248.0,1.6733176,-59.019302,-1.6733176,59.019302,-1.6733176,59.019302,1.6733176,-59.019302,420.0
1259.0,1260.0,1.116395,-60.99238,-1.116395,60.99238,-1.116395,60.99238,1.116395,-60.99238,978.0
1259.0,1262.0,0.3290648,-22.326548,-0.3290648,22.326548,-0.3290648,22.326548,0.3290648,-22.326548,363.0
1259.0,1263.0,0.5787201,-36.262074,-0.5787201,36.262074,-0.5787201,36.262074,0.5787201,-36.262074,718.0
1259.0,1264.0,1.9833399,-140.81714,-1.9833399,140.81714,-1.9833399,140.81714,1.9833399,-140.81714,721.0
1259.0,1265.0,0.82428676,-62.645794,-0.82428676,62.645794,-0.82428676,62.645794,0.82428676,-62.645794,710.0
1260.0,1261.0,0.74893034,-30.029398,-0.74893034,30.029398,-0.74893034,30.029398,0.74893034,-30.029398,381.0
1271.0,1272.0,0.991473,-58.46272,-0.991473,58.46272,-0.991473,58.46272,0.991473,-58.46272,457.0
1271.0,1272.0,0.991473,-58.46272,-0.991473,58.46272,-0.991473,58.46272,0.991473,-58.46272,457.0
1271.0,1272.0,0.991473,-58.46272,-0.991473,58.46272,-0.991473,58.46272,0.991473,-58.46272,457.0
1277.0,1278.0,0.6380177,-76.15612,-0.6380177,76.15612,-0.6380177,76.15612,0.6380177,-76.15612,1208.0
1278.0,1279.0,0.47002167,-27.754395,-0.47002167,27.754395,-0.47002167,27.754395,0.47002167,-27.754395,350.0
1278.0,1279.0,0.47002167,-27.754395,-0.47002167,27.754395,-0.47002167,27.754395,0.47002167,-27.754395,350.0
1283.0,1284.0,2.6588554,-210.49274,-2.6588554,210.49274,-2.6588554,210.49274,2.6588554,-210.49274,1190.0
1284.0,1285.0,0.85430473,-33.73934,-0.85430473,33.73934,-0.85430473,33.73934,0.85430473,-33.73934,406.0
1284.0,1285.0,0.85430473,-33.73934,-0.85430473,33.73934,-0.85430473,33.73934,0.85430473,-33.73934,406.0
1288.0,1289.0,1.751664,-79.07512,-1.751664,79.07512,-1.751664,79.07512,1.751664,-79.07512,1194.0
1288.0,1291.0,0.18006687,-21.21638,-0.18006687,21.21638,-0.18006687,21.21638,0.18006687,-21.21638,380.0
1288.0,1292.0,0.6415514,-51.698345,-0.6415514,51.698345,-0.6415514,51.698345,0.6415514,-51.698345,690.0
1288.0,1293.0,0.89540714,-61.074226,-0.89540714,61.074226,-0.89540714,61.074226,0.89540714,-61.074226,957.0
1288.0,1294.0,1.0976776,-72.28991,-1.0976776,72.28991,-1.0976776,72.28991,1.0976776,-72.28991,965.0
1288.0,1295.0,2.1754522,-140.61331,-2.1754522,140.61331,-2.1754522,140.61331,2.1754522,-140.61331,967.0
1288.0,1296.0,1.8619869,-115.31019,-1.8619869,115.31019,-1.8619869,115.31019,1.8619869,-115.31019,694.0
1288.0,1297.0,0.5883651,-57.169476,-0.5883651,57.169476,-0.5883651,57.169476,0.5883651,-57.169476,689.0
1288.0,1298.0,0.71784407,-39.49703,-0.71784407,39.49703,-0.71784407,39.49703,0.71784407,-39.49703,685.0
1289.0,1290.0,0.42857036,-19.64474,-0.42857036,19.64474,-0.42857036,19.64474,0.42857036,-19.64474,300.0
1289.0,1290.0,0.42857036,-19.64474,-0.42857036,19.64474,-0.42857036,19.64474,0.42857036,-19.64474,300.0
1303.0,1304.0,1.7287803,-207.88583,-1.7287803,207.88583,-1.7287803,207.88583,1.7287803,-207.88583,1350.0
1303.0,1306.0,0.8360378,-87.17594,-0.8360378,87.17594,-0.8360378,87.17594,0.8360378,-87.17594,726.0
1303.0,1307.0,0.77406424,-45.73255,-0.77406424,45.73255,-0.77406424,45.73255,0.77406424,-45.73255,731.0
1303.0,1308.0,0.9585848,-46.66565,-0.9585848,46.66565,-0.9585848,46.66565,0.9585848,-46.66565,333.0
1303.0,1309.0,1.6701182,-96.31015,-1.6701182,96.31015,-1.6701182,96.31015,1.6701182,-96.31015,914.0
1304.0,1305.0,0.36348942,-20.676132,-0.36348942,20.676132,-0.36348942,20.676132,0.36348942,-20.676132,300.0
1304.0,1305.0,0.36348942,-20.676132,-0.36348942,20.676132,-0.36348942,20.676132,0.36348942,-20.676132,300.0
1312.0,1313.0,0.7348724,-30.111622,-0.7348724,30.111622,-0.7348724,30.111622,0.7348724,-30.111622,120.0
1314.0,1315.0,0.12141772,-4.1541095,-0.12141772,4.1541095,-0.12141772,4.1541095,0.12141772,-4.1541095,29.0
1314.0,1316.0,0.06321275,-1.8100761,-0.06321275,1.8100761,-0.06321275,1.8100761,0.06321275,-1.8100761,35.0
1314.0,1317.0,0.27068025,-5.7320333,-0.27068025,5.7320333,-0.27068025,5.7320333,0.27068025,-5.7320333,30.0
1314.0,1318.0,0.05937045,-1.6925167,-0.05937045,1.6925167,-0.05937045,1.6925167,0.05937045,-1.6925167,32.0
1314.0,1319.0,0.17304379,-3.0743954,-0.17304379,3.0743954,-0.17304379,3.0743954,0.17304379,-3.0743954,47.0
1314.0,1320.0,0.17330371,-7.1797247,-0.17330371,7.1797247,-0.17330371,7.1797247,0.17330371,-7.1797247,42.0
1314.0,1321.0,0.12525398,-5.2452507,-0.12525398,5.2452507,-0.12525398,5.2452507,0.12525398,-5.2452507,35.0
1314.0,1322.0,0.12543178,-3.8103354,-0.12543178,3.8103354,-0.12543178,3.8103354,0.12543178,-3.8103354,32.0
1314.0,1323.0,0.051723856,-2.394092,-0.051723856,2.394092,-0.051723856,2.394092,0.051723856,-2.394092,39.0
1326.0,1327.0,0.57380384,-35.313885,-0.57380384,35.313885,-0.57380384,35.313885,0.57380384,-35.313885,331.0
1328.0,1329.0,0.76618606,-26.874336,-0.76618606,26.874336,-0.76618606,26.874336,0.76618606,-26.874336,163.2
1334.0,1335.0,0.5744419,-42.365093,-0.5744419,42.365093,-0.5744419,42.365093,0.5744419,-42.365093,311.0
1336.0,1337.0,0.3901943,-25.934467,-0.3901943,25.934467,-0.3901943,25.934467,0.3901943,-25.934467,300.0
1336.0,1337.0,0.3901943,-25.934467,-0.3901943,25.934467,-0.3901943,25.934467,0.3901943,-25.934467,300.0
1341.0,1342.0,1.0043584,-70.85748,-1.0043584,70.85748,-1.0043584,70.85748,1.0043584,-70.85748,1210.0
1341.0,1344.0,2.1167843,-111.56698,-2.1167843,111.56698,-2.1167843,111.56698,2.1167843,-111.56698,756.0
1341.0,1345.0,2.2149339,-130.51071,-2.2149339,130.51071,-2.2149339,130.51071,2.2149339,-130.51071,762.0
1341.0,1346.0,0.6676033,-47.975353,-0.6676033,47.975353,-0.6676033,47.975353,0.6676033,-47.975353,765.0
1342.0,1343.0,0.98410285,-41.179615,-0.98410285,41.179615,-0.98410285,41.179615,0.98410285,-41.179615,217.8
1347.0,1348.0,0.5318978,-51.56749,-0.5318978,51.56749,-0.5318978,51.56749,0.5318978,-51.56749,994.0
1347.0,1350.0,0.5419713,-39.34712,-0.5419713,39.34712,-0.5419713,39.34712,0.5419713,-39.34712,225.0
1347.0,1351.0,0.6203096,-46.245148,-0.6203096,46.245148,-0.6203096,46.245148,0.6203096,-46.245148,897.0
1347.0,1352.0,1.8608494,-136.40027,-1.8608494,136.40027,-1.8608494,136.40027,1.8608494,-136.40027,887.0
1347.0,1353.0,0.7882294,-55.054794,-0.7882294,55.054794,-0.7882294,55.054794,0.7882294,-55.054794,896.0
1347.0,1354.0,0.7726502,-45.690773,-0.7726502,45.690773,-0.7726502,45.690773,0.7726502,-45.690773,904.0
1348.0,1349.0,0.42170006,-14.931306,-0.42170006,14.931306,-0.42170006,14.931306,0.42170006,-14.931306,181.0
1357.0,1358.0,0.21864682,-15.943421,-0.21864682,15.943421,-0.21864682,15.943421,0.21864682,-15.943421,122.4
1364.0,1365.0,0.24426511,-13.067329,-0.24426511,13.067329,-0.24426511,13.067329,0.24426511,-13.067329,251.0
1367.0,1368.0,0.65330136,-17.180939,-0.65330136,17.180939,-0.65330136,17.180939,0.65330136,-17.180939,163.0
1370.0,1371.0,1.2181771,-32.66638,-1.2181771,32.66638,-1.2181771,32.66638,1.2181771,-32.66638,249.0
1382.0,1383.0,1.1899122,-60.036476,-1.1899122,60.036476,-1.1899122,60.036476,1.1899122,-60.036476,1094.0
1383.0,1384.0,0.5337538,-29.102293,-0.5337538,29.102293,-0.5337538,29.102293,0.5337538,-29.102293,271.8
1391.0,1392.0,0.8866298,-59.54606,-0.8866298,59.54606,-0.8866298,59.54606,0.8866298,-59.54606,1137.0
1392.0,1393.0,1.0785388,-62.0545,-1.0785388,62.0545,-1.0785388,62.0545,1.0785388,-62.0545,400.0
1392.0,1393.0,1.0785388,-62.0545,-1.0785388,62.0545,-1.0785388,62.0545,1.0785388,-62.0545,400.0
1396.0,1397.0,1.2576102,-81.34752,-1.2576102,81.34752,-1.2576102,81.34752,1.2576102,-81.34752,1150.0
1397.0,1398.0,0.40606317,-15.056097,-0.40606317,15.056097,-0.40606317,15.056097,0.40606317,-15.056097,155.4
1397.0,1398.0,0.40606317,-15.056097,-0.40606317,15.056097,-0.40606317,15.056097,0.40606317,-15.056097,155.4
1401.0,1402.0,1.0020059,-36.29635,-1.0020059,36.29635,-1.0020059,36.29635,1.0020059,-36.29635,193.8
1401.0,1402.0,1.0020059,-36.29635,-1.0020059,36.29635,-1.0020059,36.29635,1.0020059,-36.29635,193.8
1406.0,1407.0,0.24393138,-9.19994,-0.24393138,9.19994,-0.24393138,9.19994,0.24393138,-9.19994,136.0
1409.0,1410.0,0.99073035,-67.099464,-0.99073035,67.099464,-0.99073035,67.099464,0.99073035,-67.099464,1299.0
1409.0,1412.0,0.65951073,-40.101467,-0.65951073,40.101467,-0.65951073,40.101467,0.65951073,-40.101467,630.0
1409.0,1413.0,0.59759974,-70.56657,-0.59759974,70.56657,-0.59759974,70.56657,0.59759974,-70.56657,626.0
1409.0,1414.0,0.74571526,-46.82653,-0.74571526,46.82653,-0.74571526,46.82653,0.74571526,-46.82653,639.0
1409.0,1415.0,0.89249414,-44.52554,-0.89249414,44.52554,-0.89249414,44.52554,0.89249414,-44.52554,629.0
1409.0,1416.0,0.784326,-40.000626,-0.784326,40.000626,-0.784326,40.000626,0.784326,-40.000626,625.0
1410.0,1411.0,0.72920287,-28.455118,-0.72920287,28.455118,-0.72920287,28.455118,0.72920287,-28.455118,386.0
1410.0,1411.0,0.72920287,-28.455118,-0.72920287,28.455118,-0.72920287,28.455118,0.72920287,-28.455118,386.0
1410.0,1411.0,0.72920287,-28.455118,-0.72920287,28.455118,-0.72920287,28.455118,0.72920287,-28.455118,386.0
1421.0,1422.0,0.20857492,-4.606295,-0.20857492,4.606295,-0.20857492,4.606295,0.20857492,-4.606295,43.0
1425.0,1426.0,0.5038904,-23.025139,-0.5038904,23.025139,-0.5038904,23.025139,0.5038904,-23.025139,383.0
1425.0,1428.0,0.24366298,-18.7903,-0.24366298,18.7903,-0.24366298,18.7903,0.24366298,-18.7903,311.0
1425.0,1429.0,0.21793419,-17.64333,-0.21793419,17.64333,-0.21793419,17.64333,0.21793419,-17.64333,328.0
1425.0,1430.0,0.46070316,-28.678772,-0.46070316,28.678772,-0.46070316,28.678772,0.46070316,-28.678772,326.0
1425.0,1431.0,1.3971441,-85.740524,-1.3971441,85.740524,-1.3971441,85.740524,1.3971441,-85.740524,456.0
1425.0,1432.0,0.19169262,-14.27906,-0.19169262,14.27906,-0.19169262,14.27906,0.19169262,-14.27906,223.0
1426.0,1427.0,0.40729842,-23.146341,-0.40729842,23.146341,-0.40729842,23.146341,0.40729842,-23.146341,244.0
1436.0,1437.0,0.15699103,-11.682863,-0.15699103,11.682863,-0.15699103,11.682863,0.15699103,-11.682863,126.6
1436.0,1438.0,0.12070333,-5.385226,-0.12070333,5.385226,-0.12070333,5.385226,0.12070333,-5.385226,107.0
1436.0,1439.0,0.1296093,-4.307188,-0.1296093,4.307188,-0.1296093,4.307188,0.1296093,-4.307188,73.0
1436.0,1440.0,0.12305657,-4.661148,-0.12305657,4.661148,-0.12305657,4.661148,0.12305657,-4.661148,84.0
1436.0,1441.0,0.049319085,-3.266909,-0.049319085,3.266909,-0.049319085,3.266909,0.049319085,-3.266909,63.0
1442.0,1443.0,0.8656308,-49.028366,-0.8656308,49.028366,-0.8656308,49.028366,0.8656308,-49.028366,368.0
1444.0,1445.0,1.615703,-100.47653,-1.615703,100.47653,-1.615703,100.47653,1.615703,-100.47653,1055.0
1445.0,1446.0,1.2243149,-38.157814,-1.2243149,38.157814,-1.2243149,38.157814,1.2243149,-38.157814,420.0
1445.0,1446.0,1.2243149,-38.157814,-1.2243149,38.157814,-1.2243149,38.157814,1.2243149,-38.157814,420.0
1447.0,1448.0,0.7868471,-29.72337,-0.7868471,29.72337,-0.7868471,29.72337,0.7868471,-29.72337,337.0
1447.0,1448.0,0.7868471,-29.72337,-0.7868471,29.72337,-0.7868471,29.72337,0.7868471,-29.72337,337.0
1449.0,1450.0,0.9702521,-110.12361,-0.9702521,110.12361,-0.9702521,110.12361,0.9702521,-110.12361,1048.0
1449.0,1452.0,0.76170623,-51.244446,-0.76170623,51.244446,-0.76170623,51.244446,0.76170623,-51.244446,729.0
1449.0,1453.0,1.6046035,-111.08794,-1.6046035,111.08794,-1.6046035,111.08794,1.6046035,-111.08794,716.0
1450.0,1451.0,0.39296675,-17.79759,-0.39296675,17.79759,-0.39296675,17.79759,0.39296675,-17.79759,137.4
1454.0,1455.0,1.6396326,-122.0781,-1.6396326,122.0781,-1.6396326,122.0781,1.6396326,-122.0781,1125.0
1455.0,1456.0,0.96549314,-37.66843,-0.96549314,37.66843,-0.96549314,37.66843,0.96549314,-37.66843,466.0
1455.0,1456.0,0.96549314,-37.66843,-0.96549314,37.66843,-0.96549314,37.66843,0.96549314,-37.66843,466.0
1463.0,1464.0,0.6495472,-20.075447,-0.6495472,20.075447,-0.6495472,20.075447,0.6495472,-20.075447,377.0
1465.0,1466.0,0.77820736,-62.37332,-0.77820736,62.37332,-0.77820736,62.37332,0.77820736,-62.37332,605.0
1465.0,1468.0,0.50012493,-40.826866,-0.50012493,40.826866,-0.50012493,40.826866,0.50012493,-40.826866,535.0
1465.0,1469.0,0.5983222,-44.654778,-0.5983222,44.654778,-0.5983222,44.654778,0.5983222,-44.654778,531.0
1465.0,1470.0,0.66741854,-41.362835,-0.66741854,41.362835,-0.66741854,41.362835,0.66741854,-41.362835,527.0
1465.0,1471.0,0.49613452,-54.020294,-0.49613452,54.020294,-0.49613452,54.020294,0.49613452,-54.020294,530.0
1465.0,1472.0,0.7483971,-49.128647,-0.7483971,49.128647,-0.7483971,49.128647,0.7483971,-49.128647,520.0
1465.0,1473.0,0.62653446,-45.695248,-0.62653446,45.695248,-0.62653446,45.695248,0.62653446,-45.695248,542.0
1466.0,1467.0,0.4744834,-16.798973,-0.4744834,16.798973,-0.4744834,16.798973,0.4744834,-16.798973,188.0
1475.0,1476.0,0.44893277,-13.963761,-0.44893277,13.963761,-0.44893277,13.963761,0.44893277,-13.963761,145.8
1480.0,1481.0,0.43472102,-26.475912,-0.43472102,26.475912,-0.43472102,26.475912,0.43472102,-26.475912,185.0
1483.0,1484.0,3.3217862,-217.81427,-3.3217862,217.81427,-3.3217862,217.81427,3.3217862,-217.81427,1233.0
1483.0,1486.0,0.8552488,-59.68924,-0.8552488,59.68924,-0.8552488,59.68924,0.8552488,-59.68924,855.0
1483.0,1487.0,0.8024328,-46.56279,-0.8024328,46.56279,-0.8024328,46.56279,0.8024328,-46.56279,857.0
1483.0,1488.0,0.63932407,-46.159195,-0.63932407,46.159195,-0.63932407,46.159195,0.63932407,-46.159195,863.0
1483.0,1489.0,0.9473077,-58.157925,-0.9473077,58.157925,-0.9473077,58.157925,0.9473077,-58.157925,847.0
1484.0,1485.0,0.52823806,-21.907473,-0.52823806,21.907473,-0.52823806,21.907473,0.52823806,-21.907473,220.0
1490.0,1491.0,0.58752984,-33.289665,-0.58752984,33.289665,-0.58752984,33.289665,0.58752984,-33.289665,355.0
1490.0,1491.0,0.58752984,-33.289665,-0.58752984,33.289665,-0.58752984,33.289665,0.58752984,-33.289665,355.0
1502.0,1503.0,1.2508813,-75.39403,-1.2508813,75.39403,-1.2508813,75.39403,1.2508813,-75.39403,846.0
1502.0,1505.0,0.31400767,-33.486675,-0.31400767,33.486675,-0.31400767,33.486675,0.31400767,-33.486675,1600.0
1502.0,1506.0,1.8075858,-90.62578,-1.8075858,90.62578,-1.8075858,90.62578,1.8075858,-90.62578,1600.0
1503.0,1504.0,0.36235487,-19.324348,-0.36235487,19.324348,-0.36235487,19.324348,0.36235487,-19.324348,200.0
1511.0,1512.0,0.8416446,-83.74364,-0.8416446,83.74364,-0.8416446,83.74364,0.8416446,-83.74364,1312.0
1511.0,1514.0,1.5618899,-98.789536,-1.5618899,98.789536,-1.5618899,98.789536,1.5618899,-98.789536,592.0
1511.0,1515.0,0.3201404,-22.021778,-0.3201404,22.021778,-0.3201404,22.021778,0.3201404,-22.021778,335.0
1511.0,1516.0,0.26776153,-26.543623,-0.26776153,26.543623,-0.26776153,26.543623,0.26776153,-26.543623,339.0
1511.0,1517.0,0.50120443,-52.765686,-0.50120443,52.765686,-0.50120443,52.765686,0.50120443,-52.765686,731.0
1511.0,1518.0,0.53025585,-51.487846,-0.53025585,51.487846,-0.53025585,51.487846,0.53025585,-51.487846,743.0
1511.0,1519.0,1.1586806,-85.09061,-1.1586806,85.09061,-1.1586806,85.09061,1.1586806,-85.09061,740.0
1511.0,1520.0,0.6014908,-44.04465,-0.6014908,44.04465,-0.6014908,44.04465,0.6014908,-44.04465,748.0
1511.0,1521.0,1.4926264,-91.05021,-1.4926264,91.05021,-1.4926264,91.05021,1.4926264,-91.05021,752.0
1511.0,1522.0,1.3268539,-91.05534,-1.3268539,91.05534,-1.3268539,91.05534,1.3268539,-91.05534,744.0
1512.0,1513.0,0.45569786,-29.888418,-0.45569786,29.888418,-0.45569786,29.888418,0.45569786,-29.888418,354.0
1512.0,1513.0,0.45569786,-29.888418,-0.45569786,29.888418,-0.45569786,29.888418,0.45569786,-29.888418,354.0
1527.0,1528.0,0.27309114,-5.383091,-0.27309114,5.383091,-0.27309114,5.383091,0.27309114,-5.383091,41.0
1527.0,1529.0,0.1775508,-5.1757936,-0.1775508,5.1757936,-0.1775508,5.1757936,0.1775508,-5.1757936,46.0
1532.0,1533.0,0.62556976,-75.40959,-0.62556976,75.40959,-0.62556976,75.40959,0.62556976,-75.40959,1358.0
1532.0,1533.0,0.62556976,-75.40959,-0.62556976,75.40959,-0.62556976,75.40959,0.62556976,-75.40959,1358.0
1533.0,1534.0,1.3688318,-84.86757,-1.3688318,84.86757,-1.3688318,84.86757,1.3688318,-84.86757,512.3
1533.0,1534.0,1.3688318,-84.86757,-1.3688318,84.86757,-1.3688318,84.86757,1.3688318,-84.86757,512.3
1533.0,1534.0,1.3688318,-84.86757,-1.3688318,84.86757,-1.3688318,84.86757,1.3688318,-84.86757,512.3
1533.0,1534.0,1.3688318,-84.86757,-1.3688318,84.86757,-1.3688318,84.86757,1.3688318,-84.86757,512.3
1537.0,1538.0,1.4582531,-69.7045,-1.4582531,69.7045,-1.4582531,69.7045,1.4582531,-69.7045,1373.0
1537.0,1540.0,0.16022135,-18.662306,-0.16022135,18.662306,-0.16022135,18.662306,0.16022135,-18.662306,295.0
1537.0,1541.0,1.1020443,-74.22269,-1.1020443,74.22269,-1.1020443,74.22269,1.1020443,-74.22269,776.0
1537.0,1542.0,0.8381527,-59.089767,-0.8381527,59.089767,-0.8381527,59.089767,0.8381527,-59.089767,767.0
1537.0,1543.0,0.7224964,-53.75373,-0.7224964,53.75373,-0.7224964,53.75373,0.7224964,-53.75373,768.0
1537.0,1544.0,1.1562145,-51.841434,-1.1562145,51.841434,-1.1562145,51.841434,1.1562145,-51.841434,781.0
1537.0,1545.0,2.0579984,-143.44249,-2.0579984,143.44249,-2.0579984,143.44249,2.0579984,-143.44249,1053.0
1537.0,1546.0,0.46028647,-21.44935,-0.46028647,21.44935,-0.46028647,21.44935,0.46028647,-21.44935,357.0
1537.0,1547.0,0.2773868,-25.39702,-0.2773868,25.39702,-0.2773868,25.39702,0.2773868,-25.39702,360.0
1537.0,1548.0,0.55402285,-38.691757,-0.55402285,38.691757,-0.55402285,38.691757,0.55402285,-38.691757,368.0
1537.0,1549.0,0.3862464,-29.294643,-0.3862464,29.294643,-0.3862464,29.294643,0.3862464,-29.294643,363.0
1538.0,1539.0,0.9690797,-29.801424,-0.9690797,29.801424,-0.9690797,29.801424,0.9690797,-29.801424,446.0
1538.0,1539.0,0.9690797,-29.801424,-0.9690797,29.801424,-0.9690797,29.801424,0.9690797,-29.801424,446.0
1552.0,1553.0,0.1006047,-4.695989,-0.1006047,4.695989,-0.1006047,4.695989,0.1006047,-4.695989,25.0
1557.0,1558.0,0.57258195,-23.344984,-0.57258195,23.344984,-0.57258195,23.344984,0.57258195,-23.344984,151.8
1563.0,1564.0,0.71346295,-44.51216,-0.71346295,44.51216,-0.71346295,44.51216,0.71346295,-44.51216,424.0
1563.0,1564.0,0.71346295,-44.51216,-0.71346295,44.51216,-0.71346295,44.51216,0.71346295,-44.51216,424.0
1563.0,1564.0,0.71346295,-44.51216,-0.71346295,44.51216,-0.71346295,44.51216,0.71346295,-44.51216,424.0
1566.0,1567.0,3.9352107,-198.33463,-3.9352107,198.33463,-3.9352107,198.33463,3.9352107,-198.33463,1310.0
1566.0,1569.0,0.8560001,-62.371284,-0.8560001,62.371284,-0.8560001,62.371284,0.8560001,-62.371284,491.0
1566.0,1570.0,0.5487166,-40.16928,-0.5487166,40.16928,-0.5487166,40.16928,0.5487166,-40.16928,498.0
1566.0,1571.0,0.52232075,-55.427452,-0.52232075,55.427452,-0.52232075,55.427452,0.52232075,-55.427452,498.0
1566.0,1572.0,0.64450943,-61.569607,-0.64450943,61.569607,-0.64450943,61.569607,0.64450943,-61.569607,512.0
1566.0,1573.0,0.5076772,-34.35676,-0.5076772,34.35676,-0.5076772,34.35676,0.5076772,-34.35676,507.0
1566.0,1574.0,0.4000408,-28.282885,-0.4000408,28.282885,-0.4000408,28.282885,0.4000408,-28.282885,500.0
1566.0,1575.0,0.45380008,-42.60275,-0.45380008,42.60275,-0.45380008,42.60275,0.45380008,-42.60275,418.0
1566.0,1576.0,0.4358115,-52.188427,-0.4358115,52.188427,-0.4358115,52.188427,0.4358115,-52.188427,416.0
1566.0,1577.0,1.037062,-80.50194,-1.037062,80.50194,-1.037062,80.50194,1.037062,-80.50194,1042.0
1567.0,1568.0,0.92283756,-49.932995,-0.92283756,49.932995,-0.92283756,49.932995,0.92283756,-49.932995,418.0
1567.0,1568.0,0.92283756,-49.932995,-0.92283756,49.932995,-0.92283756,49.932995,0.92283756,-49.932995,418.0
1567.0,1568.0,0.92283756,-49.932995,-0.92283756,49.932995,-0.92283756,49.932995,0.92283756,-49.932995,418.0
1578.0,1579.0,0.8895352,-57.391495,-0.8895352,57.391495,-0.8895352,57.391495,0.8895352,-57.391495,352.0
1582.0,1583.0,1.2314273,-80.49646,-1.2314273,80.49646,-1.2314273,80.49646,1.2314273,-80.49646,1292.0
1582.0,1583.0,1.2314273,-80.49646,-1.2314273,80.49646,-1.2314273,80.49646,1.2314273,-80.49646,1292.0
1583.0,1584.0,0.5205461,-22.259542,-0.5205461,22.259542,-0.5205461,22.259542,0.5205461,-22.259542,439.0
1583.0,1584.0,0.5205461,-22.259542,-0.5205461,22.259542,-0.5205461,22.259542,0.5205461,-22.259542,439.0
1583.0,1584.0,0.5205461,-22.259542,-0.5205461,22.259542,-0.5205461,22.259542,0.5205461,-22.259542,439.0
1591.0,1592.0,0.7177793,-31.1361,-0.7177793,31.1361,-0.7177793,31.1361,0.7177793,-31.1361,200.0
1591.0,1592.0,0.7177793,-31.1361,-0.7177793,31.1361,-0.7177793,31.1361,0.7177793,-31.1361,200.0
1591.0,1592.0,0.7177793,-31.1361,-0.7177793,31.1361,-0.7177793,31.1361,0.7177793,-31.1361,200.0
1593.0,1594.0,1.701414,-110.22732,-1.701414,110.22732,-1.701414,110.22732,1.701414,-110.22732,1600.0
1593.0,1594.0,1.701414,-110.22732,-1.701414,110.22732,-1.701414,110.22732,1.701414,-110.22732,1600.0
1593.0,1596.0,0.34774557,-23.680351,-0.34774557,23.680351,-0.34774557,23.680351,0.34774557,-23.680351,264.0
1593.0,1597.0,0.16112217,-18.71469,-0.16112217,18.71469,-0.16112217,18.71469,0.16112217,-18.71469,337.0
1593.0,1598.0,0.55348754,-32.31114,-0.55348754,32.31114,-0.55348754,32.31114,0.55348754,-32.31114,258.0
1593.0,1599.0,0.3733912,-27.32477,-0.3733912,27.32477,-0.3733912,27.32477,0.3733912,-27.32477,312.0
1593.0,1600.0,0.62478906,-36.848972,-0.62478906,36.848972,-0.62478906,36.848972,0.62478906,-36.848972,256.0
1593.0,1601.0,0.8793281,-66.30134,-0.8793281,66.30134,-0.8793281,66.30134,0.8793281,-66.30134,861.0
1593.0,1602.0,0.94884574,-57.192497,-0.94884574,57.192497,-0.94884574,57.192497,0.94884574,-57.192497,863.0
1593.0,1603.0,1.4709727,-106.36263,-1.4709727,106.36263,-1.4709727,106.36263,1.4709727,-106.36263,866.0
1593.0,1604.0,2.1925015,-165.53387,-2.1925015,165.53387,-2.1925015,165.53387,2.1925015,-165.53387,867.0
1594.0,1595.0,0.73908824,-54.367332,-0.73908824,54.367332,-0.73908824,54.367332,0.73908824,-54.367332,600.0
1594.0,1595.0,0.73908824,-54.367332,-0.73908824,54.367332,-0.73908824,54.367332,0.73908824,-54.367332,600.0
1594.0,1595.0,0.7981908,-54.36566,-0.7981908,54.36566,-0.7981908,54.36566,0.7981908,-54.36566,600.0
1594.0,1595.0,0.7981908,-54.36566,-0.7981908,54.36566,-0.7981908,54.36566,0.7981908,-54.36566,600.0
1606.0,1607.0,1.0029366,-70.80733,-1.0029366,70.80733,-1.0029366,70.80733,1.0029366,-70.80733,1344.0
1607.0,1608.0,0.40807566,-26.076035,-0.40807566,26.076035,-0.40807566,26.076035,0.40807566,-26.076035,213.6
1607.0,1608.0,0.40807566,-26.076035,-0.40807566,26.076035,-0.40807566,26.076035,0.40807566,-26.076035,213.6
1607.0,1608.0,0.40807566,-26.076035,-0.40807566,26.076035,-0.40807566,26.076035,0.40807566,-26.076035,213.6
1611.0,1612.0,1.358668,-98.503426,-1.358668,98.503426,-1.358668,98.503426,1.358668,-98.503426,1324.0
1611.0,1614.0,0.64272755,-40.590717,-0.64272755,40.590717,-0.64272755,40.590717,0.64272755,-40.590717,243.0
1611.0,1615.0,1.5256461,-108.32088,-1.5256461,108.32088,-1.5256461,108.32088,1.5256461,-108.32088,1265.0
1611.0,1616.0,1.7141318,-156.47574,-1.7141318,156.47574,-1.7141318,156.47574,1.7141318,-156.47574,1260.0
1611.0,1617.0,0.98130244,-45.68276,-0.98130244,45.68276,-0.98130244,45.68276,0.98130244,-45.68276,664.0
1611.0,1618.0,1.0101198,-63.556736,-1.0101198,63.556736,-1.0101198,63.556736,1.0101198,-63.556736,656.0
1611.0,1619.0,0.59635127,-39.099236,-0.59635127,39.099236,-0.59635127,39.099236,0.59635127,-39.099236,669.0
1612.0,1613.0,0.270214,-10.859298,-0.270214,10.859298,-0.270214,10.859298,0.270214,-10.859298,181.0
1634.0,1635.0,1.3268539,-91.05534,-1.3268539,91.05534,-1.3268539,91.05534,1.3268539,-91.05534,1259.0
1635.0,1636.0,1.3249319,-55.493076,-1.3249319,55.493076,-1.3249319,55.493076,1.3249319,-55.493076,467.0
1635.0,1636.0,1.3249319,-55.493076,-1.3249319,55.493076,-1.3249319,55.493076,1.3249319,-55.493076,467.0
1635.0,1636.0,1.3249319,-55.493076,-1.3249319,55.493076,-1.3249319,55.493076,1.3249319,-55.493076,467.0
1659.0,1660.0,0.85720646,-30.849907,-0.85720646,30.849907,-0.85720646,30.849907,0.85720646,-30.849907,198.0
1668.0,1669.0,0.9602919,-40.33226,-0.9602919,40.33226,-0.9602919,40.33226,0.9602919,-40.33226,305.0
1670.0,1671.0,1.937609,-122.06937,-1.937609,122.06937,-1.937609,122.06937,1.937609,-122.06937,1362.0
1670.0,1671.0,1.937609,-122.06937,-1.937609,122.06937,-1.937609,122.06937,1.937609,-122.06937,1362.0
1670.0,1673.0,2.186307,-129.66483,-2.186307,129.66483,-2.186307,129.66483,2.186307,-129.66483,983.0
1670.0,1674.0,0.34401533,-22.326097,-0.34401533,22.326097,-0.34401533,22.326097,0.34401533,-22.326097,443.0
1670.0,1675.0,1.0216587,-71.46502,-1.0216587,71.46502,-1.0216587,71.46502,1.0216587,-71.46502,438.0
1670.0,1676.0,0.23384033,-24.805536,-0.23384033,24.805536,-0.23384033,24.805536,0.23384033,-24.805536,440.0
1670.0,1677.0,1.3125445,-83.10479,-1.3125445,83.10479,-1.3125445,83.10479,1.3125445,-83.10479,701.0
1671.0,1672.0,0.50787157,-30.951418,-0.50787157,30.951418,-0.50787157,30.951418,0.50787157,-30.951418,461.0
1671.0,1672.0,0.50787157,-30.951418,-0.50787157,30.951418,-0.50787157,30.951418,0.50787157,-30.951418,461.0
1681.0,1682.0,0.15769766,-7.9726343,-0.15769766,7.9726343,-0.15769766,7.9726343,0.15769766,-7.9726343,143.0
1685.0,1686.0,0.2048886,-12.50446,-0.2048886,12.50446,-0.2048886,12.50446,0.2048886,-12.50446,172.0
1685.0,1687.0,0.15917067,-9.535687,-0.15917067,9.535687,-0.15917067,9.535687,0.15917067,-9.535687,87.0
1685.0,1688.0,0.10202867,-7.769272,-0.10202867,7.769272,-0.10202867,7.769272,0.10202867,-7.769272,91.0
1689.0,1690.0,0.50850356,-14.140003,-0.50850356,14.140003,-0.50850356,14.140003,0.50850356,-14.140003,145.0
1689.0,1691.0,0.10189524,-3.8057802,-0.10189524,3.8057802,-0.10189524,3.8057802,0.10189524,-3.8057802,70.0
1689.0,1692.0,0.1707237,-11.161841,-0.1707237,11.161841,-0.1707237,11.161841,0.1707237,-11.161841,93.0
1689.0,1693.0,0.128202,-4.848388,-0.128202,4.848388,-0.128202,4.848388,0.128202,-4.848388,93.0
1689.0,1694.0,0.103012204,-5.6031733,-0.103012204,5.6031733,-0.103012204,5.6031733,0.103012204,-5.6031733,91.0
1689.0,1695.0,0.12927118,-5.2597036,-0.12927118,5.2597036,-0.12927118,5.2597036,0.12927118,-5.2597036,93.0
1689.0,1696.0,0.30880854,-14.111554,-0.30880854,14.111554,-0.30880854,14.111554,0.30880854,-14.111554,124.0
1711.0,1712.0,1.1036309,-80.565056,-1.1036309,80.565056,-1.1036309,80.565056,1.1036309,-80.565056,1160.0
1711.0,1714.0,0.74376523,-46.092194,-0.74376523,46.092194,-0.74376523,46.092194,0.74376523,-46.092194,473.0
1711.0,1715.0,0.49385214,-48.491577,-0.49385214,48.491577,-0.49385214,48.491577,0.49385214,-48.491577,459.0
1711.0,1716.0,0.34975654,-24.988855,-0.34975654,24.988855,-0.34975654,24.988855,0.34975654,-24.988855,454.0
1711.0,1717.0,0.43685752,-26.329332,-0.43685752,26.329332,-0.43685752,26.329332,0.43685752,-26.329332,464.0
1711.0,1718.0,1.3828793,-85.30181,-1.3828793,85.30181,-1.3828793,85.30181,1.3828793,-85.30181,729.0
1712.0,1713.0,0.34648773,-21.07356,-0.34648773,21.07356,-0.34648773,21.07356,0.34648773,-21.07356,305.0
1719.0,1720.0,0.22169197,-15.116192,-0.22169197,15.116192,-0.22169197,15.116192,0.22169197,-15.116192,168.0
1727.0,1728.0,0.8128205,-59.441917,-0.8128205,59.441917,-0.8128205,59.441917,0.8128205,-59.441917,1000.0
1727.0,1730.0,0.79029655,-46.847023,-0.79029655,46.847023,-0.79029655,46.847023,0.79029655,-46.847023,584.0
1727.0,1731.0,0.38468567,-34.669796,-0.38468567,34.669796,-0.38468567,34.669796,0.38468567,-34.669796,577.0
1727.0,1732.0,0.3569261,-34.49096,-0.3569261,34.49096,-0.3569261,34.49096,0.3569261,-34.49096,581.0
1727.0,1733.0,0.85133743,-70.76117,-0.85133743,70.76117,-0.85133743,70.76117,0.85133743,-70.76117,568.0
1728.0,1729.0,0.38017702,-13.8515005,-0.38017702,13.8515005,-0.38017702,13.8515005,0.38017702,-13.8515005,128.4
1734.0,1735.0,0.8813533,-23.380497,-0.8813533,23.380497,-0.8813533,23.380497,0.8813533,-23.380497,172.0
1734.0,1736.0,0.44986463,-20.793262,-0.44986463,20.793262,-0.44986463,20.793262,0.44986463,-20.793262,190.0
1738.0,1739.0,0.8312618,-58.84641,-0.8312618,58.84641,-0.8312618,58.84641,0.8312618,-58.84641,1122.0
1738.0,1741.0,0.4840641,-24.144884,-0.4840641,24.144884,-0.4840641,24.144884,0.4840641,-24.144884,244.0
1738.0,1742.0,1.9648886,-107.49097,-1.9648886,107.49097,-1.9648886,107.49097,1.9648886,-107.49097,1106.0
1739.0,1740.0,0.61550087,-25.718672,-0.61550087,25.718672,-0.61550087,25.718672,0.61550087,-25.718672,280.8
1739.0,1740.0,0.61550087,-25.718672,-0.61550087,25.718672,-0.61550087,25.718672,0.61550087,-25.718672,280.8
1739.0,1740.0,0.61550087,-25.718672,-0.61550087,25.718672,-0.61550087,25.718672,0.61550087,-25.718672,280.8
1748.0,1749.0,1.0843269,-79.85748,-1.0843269,79.85748,-1.0843269,79.85748,1.0843269,-79.85748,1311.0
1749.0,1750.0,0.26712245,-12.013291,-0.26712245,12.013291,-0.26712245,12.013291,0.26712245,-12.013291,190.0
1749.0,1750.0,0.26712245,-12.013291,-0.26712245,12.013291,-0.26712245,12.013291,0.26712245,-12.013291,190.0
1753.0,1754.0,1.4397485,-101.39944,-1.4397485,101.39944,-1.4397485,101.39944,1.4397485,-101.39944,1271.0
1753.0,1754.0,1.4397485,-101.39944,-1.4397485,101.39944,-1.4397485,101.39944,1.4397485,-101.39944,1271.0
1753.0,1756.0,2.5233967,-177.58403,-2.5233967,177.58403,-2.5233967,177.58403,2.5233967,-177.58403,1019.0
1753.0,1757.0,1.213994,-74.27436,-1.213994,74.27436,-1.213994,74.27436,1.213994,-74.27436,1021.0
1753.0,1758.0,0.9737352,-56.036892,-0.9737352,56.036892,-0.9737352,56.036892,0.9737352,-56.036892,1018.0
1753.0,1759.0,1.240794,-60.39747,-1.240794,60.39747,-1.240794,60.39747,1.240794,-60.39747,1025.0
1753.0,1760.0,1.3125445,-83.10479,-1.3125445,83.10479,-1.3125445,83.10479,1.3125445,-83.10479,1225.0
1753.0,1761.0,1.3325131,-149.01938,-1.3325131,149.01938,-1.3325131,149.01938,1.3325131,-149.01938,1222.0
1753.0,1762.0,1.3090005,-147.69888,-1.3090005,147.69888,-1.3090005,147.69888,1.3090005,-147.69888,1218.0
1753.0,1763.0,3.2342834,-164.13988,-3.2342834,164.13988,-3.2342834,164.13988,3.2342834,-164.13988,1219.0
1753.0,1764.0,0.3989158,-24.581675,-0.3989158,24.581675,-0.3989158,24.581675,0.3989158,-24.581675,287.0
1753.0,1765.0,0.6617344,-46.961082,-0.6617344,46.961082,-0.6617344,46.961082,0.6617344,-46.961082,835.0
1753.0,1766.0,1.5834252,-110.352554,-1.5834252,110.352554,-1.5834252,110.352554,1.5834252,-110.352554,846.0
1753.0,1767.0,0.9159758,-66.03749,-0.9159758,66.03749,-0.9159758,66.03749,0.9159758,-66.03749,845.0
1753.0,1768.0,0.42819697,-40.5799,-0.42819697,40.5799,-0.42819697,40.5799,0.42819697,-40.5799,471.0
1754.0,1755.0,0.85129195,-37.04493,-0.85129195,37.04493,-0.85129195,37.04493,0.85129195,-37.04493,407.0
1754.0,1755.0,0.85129195,-37.04493,-0.85129195,37.04493,-0.85129195,37.04493,0.85129195,-37.04493,407.0
1773.0,1774.0,1.1251626,-73.18915,-1.1251626,73.18915,-1.1251626,73.18915,1.1251626,-73.18915,1249.0
1773.0,1774.0,1.1251626,-73.18915,-1.1251626,73.18915,-1.1251626,73.18915,1.1251626,-73.18915,1249.0
1773.0,1776.0,0.5038091,-30.827412,-0.5038091,30.827412,-0.5038091,30.827412,0.5038091,-30.827412,494.0
1773.0,1777.0,0.38320616,-24.277584,-0.38320616,24.277584,-0.38320616,24.277584,0.38320616,-24.277584,480.0
1773.0,1778.0,0.42279223,-29.371117,-0.42279223,29.371117,-0.42279223,29.371117,0.42279223,-29.371117,469.0
1773.0,1779.0,0.4899684,-31.61796,-0.4899684,31.61796,-0.4899684,31.61796,0.4899684,-31.61796,485.0
1773.0,1780.0,0.71328914,-84.45344,-0.71328914,84.45344,-0.71328914,84.45344,0.71328914,-84.45344,491.0
1773.0,1781.0,0.6149967,-39.20604,-0.6149967,39.20604,-0.6149967,39.20604,0.6149967,-39.20604,487.0
1773.0,1782.0,0.61347276,-36.917427,-0.61347276,36.917427,-0.61347276,36.917427,0.61347276,-36.917427,712.0
1773.0,1783.0,0.56078696,-40.02417,-0.56078696,40.02417,-0.56078696,40.02417,0.56078696,-40.02417,713.0
1773.0,1784.0,0.860307,-52.67299,-0.860307,52.67299,-0.860307,52.67299,0.860307,-52.67299,705.0
1773.0,1785.0,0.633273,-41.936745,-0.633273,41.936745,-0.633273,41.936745,0.633273,-41.936745,694.0
1773.0,1786.0,0.63920623,-45.404263,-0.63920623,45.404263,-0.63920623,45.404263,0.63920623,-45.404263,700.0
1774.0,1775.0,0.6191294,-26.824142,-0.6191294,26.824142,-0.6191294,26.824142,0.6191294,-26.824142,392.0
1774.0,1775.0,0.6191294,-26.824142,-0.6191294,26.824142,-0.6191294,26.824142,0.6191294,-26.824142,392.0
1774.0,1775.0,0.6191294,-26.824142,-0.6191294,26.824142,-0.6191294,26.824142,0.6191294,-26.824142,392.0
1796.0,1797.0,1.4849296,-88.39239,-1.4849296,88.39239,-1.4849296,88.39239,1.4849296,-88.39239,1278.0
1797.0,1798.0,0.76359886,-22.701588,-0.76359886,22.701588,-0.76359886,22.701588,0.76359886,-22.701588,127.2
1807.0,1808.0,1.7801744,-127.20155,-1.7801744,127.20155,-1.7801744,127.20155,1.7801744,-127.20155,1297.0
1808.0,1809.0,0.47160143,-31.019823,-0.47160143,31.019823,-0.47160143,31.019823,0.47160143,-31.019823,423.0
1813.0,1814.0,0.9629825,-69.38289,-0.9629825,69.38289,-0.9629825,69.38289,0.9629825,-69.38289,1026.0
1814.0,1815.0,0.18173648,-12.408906,-0.18173648,12.408906,-0.18173648,12.408906,0.18173648,-12.408906,143.8
1816.0,1817.0,0.35081235,-25.485867,-0.35081235,25.485867,-0.35081235,25.485867,0.35081235,-25.485867,248.4
1816.0,1817.0,0.35081235,-25.485867,-0.35081235,25.485867,-0.35081235,25.485867,0.35081235,-25.485867,248.4
1816.0,1817.0,0.35081235,-25.485867,-0.35081235,25.485867,-0.35081235,25.485867,0.35081235,-25.485867,248.4
1821.0,1822.0,0.20924897,-22.870913,-0.20924897,22.870913,-0.20924897,22.870913,0.20924897,-22.870913,239.0
1822.0,1823.0,0.13593219,-10.304297,-0.13593219,10.304297,-0.13593219,10.304297,0.13593219,-10.304297,109.0
1827.0,1828.0,0.22644484,-14.614237,-0.22644484,14.614237,-0.22644484,14.614237,0.22644484,-14.614237,161.4
1827.0,1828.0,0.22644484,-14.614237,-0.22644484,14.614237,-0.22644484,14.614237,0.22644484,-14.614237,161.4
1829.0,1830.0,1.7395518,-111.45557,-1.7395518,111.45557,-1.7395518,111.45557,1.7395518,-111.45557,1350.0
1830.0,1831.0,0.55380815,-22.959305,-0.55380815,22.959305,-0.55380815,22.959305,0.55380815,-22.959305,213.0
1830.0,1831.0,0.55380815,-22.959305,-0.55380815,22.959305,-0.55380815,22.959305,0.55380815,-22.959305,213.0
1830.0,1831.0,0.55380815,-22.959305,-0.55380815,22.959305,-0.55380815,22.959305,0.55380815,-22.959305,213.0
1835.0,1836.0,1.642202,-79.45731,-1.642202,79.45731,-1.642202,79.45731,1.642202,-79.45731,927.0
1836.0,1837.0,0.27080187,-11.245871,-0.27080187,11.245871,-0.27080187,11.245871,0.27080187,-11.245871,133.8
1843.0,1844.0,1.8729289,-80.34219,-1.8729289,80.34219,-1.8729289,80.34219,1.8729289,-80.34219,459.0
1843.0,1844.0,1.8729289,-80.34219,-1.8729289,80.34219,-1.8729289,80.34219,1.8729289,-80.34219,459.0
1857.0,1858.0,0.8585813,-27.31035,-0.8585813,27.31035,-0.8585813,27.31035,0.8585813,-27.31035,360.0
1857.0,1858.0,0.8585813,-27.31035,-0.8585813,27.31035,-0.8585813,27.31035,0.8585813,-27.31035,360.0
1862.0,1863.0,0.31159815,-5.3011165,-0.31159815,5.3011165,-0.31159815,5.3011165,0.31159815,-5.3011165,47.0
1869.0,1870.0,1.0209544,-120.76431,-1.0209544,120.76431,-1.0209544,120.76431,1.0209544,-120.76431,1036.0
1869.0,1872.0,0.6168815,-46.11721,-0.6168815,46.11721,-0.6168815,46.11721,0.6168815,-46.11721,826.0
1869.0,1873.0,0.7089129,-58.097103,-0.7089129,58.097103,-0.7089129,58.097103,0.7089129,-58.097103,818.0
1869.0,1874.0,0.8899297,-65.092,-0.8899297,65.092,-0.8899297,65.092,0.8899297,-65.092,830.0
1869.0,1875.0,0.8050091,-61.90904,-0.8050091,61.90904,-0.8050091,61.90904,0.8050091,-61.90904,820.0
1870.0,1871.0,0.84324026,-29.172707,-0.84324026,29.172707,-0.84324026,29.172707,0.84324026,-29.172707,400.0
1882.0,1883.0,1.1594323,-113.49554,-1.1594323,113.49554,-1.1594323,113.49554,1.1594323,-113.49554,1072.0
1882.0,1885.0,0.70694244,-73.73953,-0.70694244,73.73953,-0.70694244,73.73953,0.70694244,-73.73953,606.0
1882.0,1886.0,1.5709426,-86.476654,-1.5709426,86.476654,-1.5709426,86.476654,1.5709426,-86.476654,613.0
1882.0,1887.0,0.759196,-37.14539,-0.759196,37.14539,-0.759196,37.14539,0.759196,-37.14539,598.0
1882.0,1888.0,2.0841045,-110.702736,-2.0841045,110.702736,-2.0841045,110.702736,2.0841045,-110.702736,608.0
1882.0,1889.0,0.96576834,-54.928074,-0.96576834,54.928074,-0.96576834,54.928074,0.96576834,-54.928074,618.0
1882.0,1890.0,1.8820668,-120.3075,-1.8820668,120.3075,-1.8820668,120.3075,1.8820668,-120.3075,608.0
1883.0,1884.0,0.7277304,-41.619247,-0.7277304,41.619247,-0.7277304,41.619247,0.7277304,-41.619247,388.0
1896.0,1897.0,0.44596153,-48.445507,-0.44596153,48.445507,-0.44596153,48.445507,0.44596153,-48.445507,491.0
1896.0,1899.0,1.3616872,-102.33603,-1.3616872,102.33603,-1.3616872,102.33603,1.3616872,-102.33603,1157.0
1896.0,1900.0,1.3665112,-84.79562,-1.3665112,84.79562,-1.3665112,84.79562,1.3665112,-84.79562,1152.0
1897.0,1898.0,0.44740695,-15.298507,-0.44740695,15.298507,-0.44740695,15.298507,0.44740695,-15.298507,143.8
1906.0,1907.0,0.29677162,-29.117535,-0.29677162,29.117535,-0.29677162,29.117535,0.29677162,-29.117535,285.0
1906.0,1909.0,0.7588117,-68.86216,-0.7588117,68.86216,-0.7588117,68.86216,0.7588117,-68.86216,1325.0
1906.0,1910.0,1.2720369,-95.311905,-1.2720369,95.311905,-1.2720369,95.311905,1.2720369,-95.311905,1314.0
1907.0,1908.0,0.25306824,-18.491081,-0.25306824,18.491081,-0.25306824,18.491081,0.25306824,-18.491081,143.0
1913.0,1914.0,0.3150618,-33.54283,-0.3150618,33.54283,-0.3150618,33.54283,0.3150618,-33.54283,550.0
1913.0,1914.0,0.3150618,-33.54283,-0.3150618,33.54283,-0.3150618,33.54283,0.3150618,-33.54283,550.0
1913.0,1916.0,0.4604645,-53.644115,-0.4604645,53.644115,-0.4604645,53.644115,0.4604645,-53.644115,806.0
1913.0,1917.0,0.75165814,-50.9054,-0.75165814,50.9054,-0.75165814,50.9054,0.75165814,-50.9054,818.0
1913.0,1918.0,0.8542263,-65.34831,-0.8542263,65.34831,-0.8542263,65.34831,0.8542263,-65.34831,818.0
1913.0,1919.0,0.7085054,-56.744843,-0.7085054,56.744843,-0.7085054,56.744843,0.7085054,-56.744843,814.0
1914.0,1915.0,0.608299,-24.780506,-0.608299,24.780506,-0.608299,24.780506,0.608299,-24.780506,320.0
1921.0,1922.0,1.2507883,-63.507767,-1.2507883,63.507767,-1.2507883,63.507767,1.2507883,-63.507767,1134.0
1921.0,1926.0,1.0144457,-112.60347,-1.0144457,112.60347,-1.0144457,112.60347,1.0144457,-112.60347,1315.0
1921.0,1927.0,2.29,-169.17374,-2.29,169.17374,-2.29,169.17374,2.29,-169.17374,1307.0
1922.0,1923.0,0.59283495,-15.838238,-0.59283495,15.838238,-0.59283495,15.838238,0.59283495,-15.838238,184.8
1924.0,1925.0,0.41476172,-15.008063,-0.41476172,15.008063,-0.41476172,15.008063,0.41476172,-15.008063,205.0
1933.0,1934.0,0.45035297,-33.13939,-0.45035297,33.13939,-0.45035297,33.13939,0.45035297,-33.13939,317.0
1936.0,1937.0,0.3687165,-9.9355755,-0.3687165,9.9355755,-0.3687165,9.9355755,0.3687165,-9.9355755,117.0
1936.0,1938.0,0.3217182,-10.299229,-0.3217182,10.299229,-0.3217182,10.299229,0.3217182,-10.299229,184.0
1944.0,1945.0,0.2844309,-17.033928,-0.2844309,17.033928,-0.2844309,17.033928,0.2844309,-17.033928,190.0
1951.0,1952.0,3.8886633,-207.82745,-3.8886633,207.82745,-3.8886633,207.82745,3.8886633,-207.82745,1290.0
1951.0,1954.0,0.3483596,-22.147821,-0.3483596,22.147821,-0.3483596,22.147821,0.3483596,-22.147821,273.0
1951.0,1955.0,1.4240112,-77.015274,-1.4240112,77.015274,-1.4240112,77.015274,1.4240112,-77.015274,1026.0
1951.0,1956.0,1.999122,-89.400734,-1.999122,89.400734,-1.999122,89.400734,1.999122,-89.400734,1034.0
1952.0,1953.0,0.77309597,-31.676853,-0.77309597,31.676853,-0.77309597,31.676853,0.77309597,-31.676853,190.0
1965.0,1966.0,1.7313837,-125.44662,-1.7313837,125.44662,-1.7313837,125.44662,1.7313837,-125.44662,1175.0
1965.0,1966.0,1.7313837,-125.44662,-1.7313837,125.44662,-1.7313837,125.44662,1.7313837,-125.44662,1175.0
1965.0,1968.0,3.3722122,-205.28342,-3.3722122,205.28342,-3.3722122,205.28342,3.3722122,-205.28342,1190.0
1965.0,1969.0,1.760443,-82.26685,-1.760443,82.26685,-1.760443,82.26685,1.760443,-82.26685,1192.0
1965.0,1970.0,2.592413,-160.98885,-2.592413,160.98885,-2.592413,160.98885,2.592413,-160.98885,1173.0
1966.0,1967.0,0.8429422,-45.8982,-0.8429422,45.8982,-0.8429422,45.8982,0.8429422,-45.8982,286.0
1972.0,1973.0,0.538708,-28.350512,-0.538708,28.350512,-0.538708,28.350512,0.538708,-28.350512,300.0
1972.0,1973.0,0.538708,-28.350512,-0.538708,28.350512,-0.538708,28.350512,0.538708,-28.350512,300.0
1978.0,1979.0,0.583904,-39.721252,-0.583904,39.721252,-0.583904,39.721252,0.583904,-39.721252,365.0
1986.0,1987.0,0.3707732,-27.505318,-0.3707732,27.505318,-0.3707732,27.505318,0.3707732,-27.505318,201.3
1986.0,1987.0,0.3707732,-27.505318,-0.3707732,27.505318,-0.3707732,27.505318,0.3707732,-27.505318,201.3
1987.0,1988.0,0.54958254,-14.55651,-0.54958254,14.55651,-0.54958254,14.55651,0.54958254,-14.55651,254.0
1994.0,1995.0,0.34075412,-21.033823,-0.34075412,21.033823,-0.34075412,21.033823,0.34075412,-21.033823,500.0
1995.0,1996.0,0.2913976,-14.968871,-0.2913976,14.968871,-0.2913976,14.968871,0.2913976,-14.968871,240.0
1997.0,1998.0,0.6986749,-73.30712,-0.6986749,73.30712,-0.6986749,73.30712,0.6986749,-73.30712,1204.0
1998.0,1999.0,0.31889707,-19.962957,-0.31889707,19.962957,-0.31889707,19.962957,0.31889707,-19.962957,377.0
1998.0,1999.0,0.31889707,-19.962957,-0.31889707,19.962957,-0.31889707,19.962957,0.31889707,-19.962957,377.0
